pmid,doi,title,year,journal,setting_code,component_code,intervention_node_prelim,round2_reason,high_confidence_reason
41677077,10.1111/acel.70376,A Multidomain Lifestyle Intervention Is Associated With Improved Functional Trajectories and Favorable Changes in Epigenetic Aging Markers in Frail Older Adults: A Randomized Controlled Trial.,2026,Aging cell,community,resistance;nutrition;multidomain,multidomain_exercise_nutrition,Peer-reviewed community/home/primary-care frailty RCT candidate with relevant outcome,High-confidence community/home/primary-care frailty RCT candidate
42004413,10.1016/j.jarlif.2026.100069,Effects of multicomponent exercise on frailty in older adults with type 2 diabetes: Differential responses by metabolic frailty phenotype.,2026,JAR life,community,resistance;balance;multicomponent_exercise;nutrition;digital_home,exercise_plus_nutrition,Peer-reviewed community/home/primary-care frailty RCT candidate with relevant outcome,High-confidence community/home/primary-care frailty RCT candidate
42066553,10.1016/j.ijnurstu.2026.105549,"Effects of pickleball on pre-frailty, physical fitness, 24-hour movement behaviors, and quality of life in older adults: A randomized controlled trial.",2026,International journal of nursing studies,community,multidomain,multidomain,Peer-reviewed community/home/primary-care frailty RCT candidate with relevant outcome,High-confidence community/home/primary-care frailty RCT candidate
41658611,10.3389/fmed.2026.1755508,"Feasibility and acceptability of a remotely delivered, home-based ""exercise snacking"" to improve physical function in community-dwelling older adults: a 28-day pilot study.",2026,Frontiers in medicine,home,resistance;balance;aerobic_walking;digital_home,exercise_only,Peer-reviewed community/home/primary-care frailty RCT candidate with relevant outcome,High-confidence community/home/primary-care frailty RCT candidate
41805014,10.1177/1096620X261430172,Fermented Whey Protein Supplement Slows the Progression of Frailty and Sarcopenia Among Older Korean Adults: A Randomized Blinded Trial.,2026,Journal of medicinal food,community,resistance;nutrition,exercise_plus_nutrition,Peer-reviewed community/home/primary-care frailty RCT candidate with relevant outcome,High-confidence community/home/primary-care frailty RCT candidate
42131895,10.1002/jcsm.70306,Home-Based Intervention to Prevent Functional Decline in (Pre)frail Older Adults: The PromeTheus Randomized Controlled Trial.,2026,"Journal of cachexia, sarcopenia and muscle",home,balance;nutrition;digital_home,exercise_plus_nutrition,Peer-reviewed community/home/primary-care frailty RCT candidate with relevant outcome,High-confidence community/home/primary-care frailty RCT candidate
41190491,10.1177/01939459251384714,Impacts of (Pre-)Social Frailty on the Effectiveness of a Theory-Driven Exercise Intervention Among Community-Dwelling (Pre-)Physically Frail Older Adults.,2026,Western journal of nursing research,community,balance,exercise_only,Peer-reviewed community/home/primary-care frailty RCT candidate with relevant outcome,High-confidence community/home/primary-care frailty RCT candidate
39731555,10.1080/07317115.2024.2447829,Impacts of Depressive Symptoms on the Effectiveness of a Theory-Driven Exercise Intervention Among Community-Dwelling (Pre)frail Older Adults.,2026,Clinical gerontologist,community,resistance;balance;digital_home,exercise_only,Peer-reviewed community/home/primary-care frailty RCT candidate with relevant outcome,High-confidence community/home/primary-care frailty RCT candidate
41397660,10.1016/j.exger.2025.113002,Strength but not power training increases soluble alpha klotho levels in pre-frail older adults.,2026,Experimental gerontology,community,resistance;nutrition;digital_home,exercise_plus_nutrition,Peer-reviewed community/home/primary-care frailty RCT candidate with relevant outcome,High-confidence community/home/primary-care frailty RCT candidate
41796126,10.1038/s41598-026-38989-4,The ActivLife exergame rehabilitation program improves functional abilities in pre-frail and frail older adults: a clinical trial.,2026,Scientific reports,primary_care,resistance;balance;aerobic_walking;multicomponent_exercise;nutrition;digital_home,exercise_plus_nutrition,Peer-reviewed community/home/primary-care frailty RCT candidate with relevant outcome,High-confidence community/home/primary-care frailty RCT candidate
41386386,10.1016/j.exger.2025.112995,The effect of exercise and soy protein intake on physical frailty score improvement in community-dwelling elderly: a randomized controlled trial.,2026,Experimental gerontology,community,resistance;aerobic_walking;multicomponent_exercise;nutrition,exercise_plus_nutrition,Peer-reviewed community/home/primary-care frailty RCT candidate with relevant outcome,High-confidence community/home/primary-care frailty RCT candidate
39652737,10.1519/JSC.0000000000004941,A 24-Week Combined Resistance and Balance Training Program Improves Physical Function in Older Adults: A Randomized Controlled Trial.,2025,Journal of strength and conditioning research,community,resistance;balance;aerobic_walking,exercise_only,Peer-reviewed community/home/primary-care frailty RCT candidate with relevant outcome,High-confidence community/home/primary-care frailty RCT candidate
40695991,10.1038/s41746-025-01873-y,A randomized controlled trial of mobile intervention using health support bubbles to prevent social frailty.,2025,NPJ digital medicine,unclear,balance;nutrition;digital_home,exercise_plus_nutrition,Peer-reviewed community/home/primary-care frailty RCT candidate with relevant outcome,High-confidence community/home/primary-care frailty RCT candidate
39626407,10.1016/j.physio.2024.101449,Acceptability and utility of a broad test battery to evaluate physical functioning and frailty in community-based settings for people experiencing homelessness and addiction-Findings from the LEAP trials.,2025,Physiotherapy,community,balance;aerobic_walking,exercise_only,Peer-reviewed community/home/primary-care frailty RCT candidate with relevant outcome,High-confidence community/home/primary-care frailty RCT candidate
40977239,10.1071/PY24197,Effect of a combined exercise and nutrition program on sarcopenia in older adults: a randomised controlled trial in primary care.,2025,Australian journal of primary health,primary_care,resistance;multicomponent_exercise;nutrition;multidomain,multidomain_exercise_nutrition,Peer-reviewed community/home/primary-care frailty RCT candidate with relevant outcome,High-confidence community/home/primary-care frailty RCT candidate
39561465,10.1016/j.maturitas.2024.108151,Effect of a home-based exercise program on subsequent falls among community-dwelling older adults with cognitive frailty: A sub-group analysis of a randomized controlled trial.,2025,Maturitas,home,balance;digital_home,exercise_only,Peer-reviewed community/home/primary-care frailty RCT candidate with relevant outcome,High-confidence community/home/primary-care frailty RCT candidate
40969786,10.3389/fmed.2025.1573384,Effect of a multicomponent intervention on institutionalization-free survival in older adults with sarcopenia: a,2025,Frontiers in medicine,community,multicomponent_exercise;nutrition,exercise_plus_nutrition,Peer-reviewed community/home/primary-care frailty RCT candidate with relevant outcome,High-confidence community/home/primary-care frailty RCT candidate
39580545,10.1038/s41430-024-01547-0,Effect of individually tailored nutritional counseling on frailty status in older adults with protein-energy malnutrition or risk of it: an intervention study among home care clients.,2025,European journal of clinical nutrition,unclear,nutrition;multidomain,multidomain,Peer-reviewed community/home/primary-care frailty RCT candidate with relevant outcome,High-confidence community/home/primary-care frailty RCT candidate
39500251,10.1016/j.ijnurstu.2024.104933,Effectiveness of a theory-underpinning exercise intervention among community-dwelling (pre)frail older adults: A stepped-wedge cluster-randomized trial.,2025,International journal of nursing studies,community,resistance;balance;digital_home,exercise_only,Peer-reviewed community/home/primary-care frailty RCT candidate with relevant outcome,High-confidence community/home/primary-care frailty RCT candidate
39871464,10.12659/MSM.947105,Effects of Remote Exercise on Physical Function in Pre-Frail Older Adults: A Randomized Controlled Trial.,2025,Medical science monitor : international medical journal of experimental and clinical research,unclear,resistance;balance;digital_home,exercise_only,Peer-reviewed community/home/primary-care frailty RCT candidate with relevant outcome,High-confidence community/home/primary-care frailty RCT candidate
39997521,10.3390/geriatrics10010022,Effects of Twelve Weeks of Square Stepping Exercises on Physical and Cognitive Function and Plasma Content of SMP30: A Randomised Control Trial.,2025,"Geriatrics (Basel, Switzerland)",unclear,balance;aerobic_walking;multidomain,multidomain,Peer-reviewed community/home/primary-care frailty RCT candidate with relevant outcome,High-confidence community/home/primary-care frailty RCT candidate
40616927,10.1016/j.gerinurse.2025.103457,Effects of a nurse-led health coaching program to prevent frailty in prefrail older women: A randomized controlled trial.,2025,"Geriatric nursing (New York, N.Y.)",community,resistance;nutrition,exercise_plus_nutrition,Peer-reviewed community/home/primary-care frailty RCT candidate with relevant outcome,High-confidence community/home/primary-care frailty RCT candidate
41035820,10.3389/fnagi.2025.1639245,Effects of exercise-cognitive dual-task training on cognitive frailty in older adults: a randomized controlled trial.,2025,Frontiers in aging neuroscience,community,balance;aerobic_walking;digital_home,exercise_only,Peer-reviewed community/home/primary-care frailty RCT candidate with relevant outcome,High-confidence community/home/primary-care frailty RCT candidate
39798411,10.1016/j.gerinurse.2024.12.010,Effects of interactive boxing-cycling on dual-task walking and prefrontal cortex activation in older adults with cognitive frailty: A randomized controlled trial.,2025,"Geriatric nursing (New York, N.Y.)",unclear,aerobic_walking,exercise_only,Peer-reviewed community/home/primary-care frailty RCT candidate with relevant outcome,High-confidence community/home/primary-care frailty RCT candidate
39736420,10.1016/j.exger.2024.112670,Effects of the Vivifrail-B multicomponent exercise program based on society ecosystems theory on physical function in community-dwelling frail older adults: A randomized controlled trial.,2025,Experimental gerontology,community,resistance;multicomponent_exercise,multicomponent_exercise,Peer-reviewed community/home/primary-care frailty RCT candidate with relevant outcome,High-confidence community/home/primary-care frailty RCT candidate
40024357,10.1016/j.physbeh.2025.114868,"Examining the impact of 28-week multicomponent and strength exercises on brain health, salivary stress, and mental well-being in frail older women: A controlled trial analysis.",2025,Physiology & behavior,unclear,resistance;multicomponent_exercise,multicomponent_exercise,Peer-reviewed community/home/primary-care frailty RCT candidate with relevant outcome,High-confidence community/home/primary-care frailty RCT candidate
40367490,10.2196/65636,"Frailty, Fitness, and Quality of Life Outcomes of a Healthy and Productive Aging Program (GrandMove) for Older Adults With Frailty or Prefrailty: Cluster Randomized Controlled Trial.",2025,JMIR aging,community,resistance;aerobic_walking;multidomain,multidomain,Peer-reviewed community/home/primary-care frailty RCT candidate with relevant outcome,High-confidence community/home/primary-care frailty RCT candidate
41120990,10.1186/s12877-025-06471-x,Impact of a functional gait training program as a complementary strategy to improve physical function in older adults: a randomized clinical trial.,2025,BMC geriatrics,unclear,resistance;mind_body,exercise_only,Peer-reviewed community/home/primary-care frailty RCT candidate with relevant outcome,High-confidence community/home/primary-care frailty RCT candidate
40121126,10.1016/j.jagp.2025.02.014,"Improvements in Depressive Symptoms, Perceived Social Support, and Quality of Life Through an Educational Program in Community-Dwelling Older Adults With Frailty Phenotype: A Randomized Controlled Trial of the FRAGSALUD Project.",2025,The American journal of geriatric psychiatry : official journal of the American Association for Geriatric Psychiatry,community,nutrition,nutrition_only,Peer-reviewed community/home/primary-care frailty RCT candidate with relevant outcome,High-confidence community/home/primary-care frailty RCT candidate
39954533,10.1016/j.jnha.2025.100512,Long-term frailty and physical performance transitions in older people with type-2 diabetes. The MIDFRAIL randomized clinical study.,2025,"The journal of nutrition, health & aging",community,resistance;nutrition,exercise_plus_nutrition,Peer-reviewed community/home/primary-care frailty RCT candidate with relevant outcome,High-confidence community/home/primary-care frailty RCT candidate
40147475,10.1016/j.lanhl.2025.100695,"Metformin and physical performance in older people with probable sarcopenia and physical prefrailty or frailty in England (MET-PREVENT): a double-blind, randomised, placebo-controlled trial.",2025,The lancet. Healthy longevity,primary_care,resistance;balance,exercise_only,Peer-reviewed community/home/primary-care frailty RCT candidate with relevant outcome,High-confidence community/home/primary-care frailty RCT candidate
40749218,10.2196/76357,Mixed Reality-Based Physical Therapy in Older Adults With Sarcopenia: Preliminary Randomized Controlled Trial.,2025,JMIR serious games,unclear,resistance;balance;digital_home,exercise_only,Peer-reviewed community/home/primary-care frailty RCT candidate with relevant outcome,High-confidence community/home/primary-care frailty RCT candidate
41103092,10.1080/21551197.2025.2572678,Nutritional Guidance Decreases the Prevalence of Frailty Among Older Caregivers.,2025,Journal of nutrition in gerontology and geriatrics,unclear,nutrition;multidomain,multidomain,Peer-reviewed community/home/primary-care frailty RCT candidate with relevant outcome,High-confidence community/home/primary-care frailty RCT candidate
40471669,10.2196/69259,"Outdoor Exercise Facility-Based Integrative Mobile Health Intervention to Support Physical Activity, Mental Well-Being, and Exercise Self-Efficacy Among Older Adults With Prefrailty and Frailty in Hong Kong: Pilot Feasibility Randomized Controlled Trial Study.",2025,JMIR mHealth and uHealth,community,digital_home,digital_home_unclear_intervention,Peer-reviewed community/home/primary-care frailty RCT candidate with relevant outcome,High-confidence community/home/primary-care frailty RCT candidate
40005003,10.3390/nu17040675,"Personalized Diet With or Without Physical Exercise Improves Nutritional Status, Muscle Strength, Physical Performance, and Quality of Life in Malnourished Older Adults: A Prospective Randomized Controlled Study.",2025,Nutrients,unclear,resistance;balance;nutrition,exercise_plus_nutrition,Peer-reviewed community/home/primary-care frailty RCT candidate with relevant outcome,High-confidence community/home/primary-care frailty RCT candidate
40121486,10.1186/s13102-025-01105-6,Psychophysiological effects of a supervised home-based resistance band exercise program in pre-frail older patients with type 2 diabetes mellitus: a randomized controlled trial.,2025,"BMC sports science, medicine & rehabilitation",home,resistance;aerobic_walking;digital_home,exercise_only,Peer-reviewed community/home/primary-care frailty RCT candidate with relevant outcome,High-confidence community/home/primary-care frailty RCT candidate
40514302,10.1016/j.tjpad.2025.100231,Tailoring multidomain intervention programs to reduce cognitive and physical decline in older adults: Examining rural-urban differences in a nationwide cluster-randomized controlled trial.,2025,The journal of prevention of Alzheimer's disease,community,resistance;aerobic_walking;nutrition;multidomain,multidomain_exercise_nutrition,Disease-rehabilitation population; secondary/sensitivity only,High-confidence community/home/primary-care frailty RCT candidate
41095572,10.3390/healthcare13192486,Targeted Physical Function Exercises for Frailty and Falls Management in Pre-Frail Community-Dwelling Older Adults: A Randomized Controlled Trial.,2025,"Healthcare (Basel, Switzerland)",home,balance;digital_home,exercise_only,Peer-reviewed community/home/primary-care frailty RCT candidate with relevant outcome,High-confidence community/home/primary-care frailty RCT candidate
40938877,10.1371/journal.pone.0323923,The impact of outdoor walking interventions on frailty among older adults with mobility limitations: Findings from the Getting Older Adults Outdoors (GO-OUT) study.,2025,PloS one,community,aerobic_walking,exercise_only,Peer-reviewed community/home/primary-care frailty RCT candidate with relevant outcome,High-confidence community/home/primary-care frailty RCT candidate
41354090,10.1093/ageing/afaf345,Why didn't the senior citizen cross the road? Gait speed in community-dwelling older adults with mobility limitations relative to pedestrian crossing times.,2025,Age and ageing,community,aerobic_walking,exercise_only,Peer-reviewed community/home/primary-care frailty RCT candidate with relevant outcome,High-confidence community/home/primary-care frailty RCT candidate
39354527,10.1186/s13063-024-08490-2,"A single-center, double-blind, randomized, placebo-controlled, two-arm study to evaluate the safety and efficacy of once-weekly sirolimus (rapamycin) on muscle strength and endurance in older adults following a 13-week exercise program.",2024,Trials,unclear,resistance;aerobic_walking;digital_home,exercise_only,Peer-reviewed community/home/primary-care frailty RCT candidate with relevant outcome,High-confidence community/home/primary-care frailty RCT candidate
38727090,10.1111/appy.12556,Changes in cognitive function after a 12-week POWER rehabilitation in older adults with schizophrenia and frailty.,2024,Asia-Pacific psychiatry : official journal of the Pacific Rim College of Psychiatrists,unclear,resistance;aerobic_walking,exercise_only,Peer-reviewed community/home/primary-care frailty RCT candidate with relevant outcome,High-confidence community/home/primary-care frailty RCT candidate
39478450,10.1186/s12877-024-05464-6,Combining motivational and exercise intervention components to reverse pre-frailty and promote self-efficacy among community-dwelling pre-frail older adults: a randomized controlled trial.,2024,BMC geriatrics,community,balance;multicomponent_exercise,multicomponent_exercise,Peer-reviewed community/home/primary-care frailty RCT candidate with relevant outcome,High-confidence community/home/primary-care frailty RCT candidate
39166366,10.1111/ggi.14960,"Correction to ""Effect of cholecalciferol supplementation on hand grip strength, walking speed, and expression of vitamin D receptor, interleukin-6, and insulin-like growth factor-1 in monocyte in pre-frail older adults: A randomized double-blind placebo-controlled trial"".",2024,Geriatrics & gerontology international,unclear,resistance;aerobic_walking;nutrition,exercise_plus_nutrition,Peer-reviewed community/home/primary-care frailty RCT candidate with relevant outcome,High-confidence community/home/primary-care frailty RCT candidate
38691121,10.3928/00989134-20240416-04,"Effectiveness of Resistance Band Use in Conjunction With Tai Chi Among Older Adults With Prefrailty to Improve Functional Fitness, Quality of Life, and Heart Rate Variability.",2024,Journal of gerontological nursing,unclear,resistance;balance;mind_body,exercise_only,Peer-reviewed community/home/primary-care frailty RCT candidate with relevant outcome,High-confidence community/home/primary-care frailty RCT candidate
39390362,10.1186/s11556-024-00363-6,Effectiveness of community-based Baduanjin exercise intervention for older adults with varying frailty status: a randomized controlled trial.,2024,European review of aging and physical activity : official journal of the European Group for Research into Elderly and Physical Activity,community,resistance;balance;mind_body,exercise_only,Peer-reviewed community/home/primary-care frailty RCT candidate with relevant outcome,High-confidence community/home/primary-care frailty RCT candidate
39182446,10.1016/j.jpsychires.2024.08.029,Impacts of subjective cognitive decline and mild cognitive impairment on the effectiveness of an exercise intervention among community-dwelling (Pre)frail older adults.,2024,Journal of psychiatric research,community,balance,exercise_only,Peer-reviewed community/home/primary-care frailty RCT candidate with relevant outcome,High-confidence community/home/primary-care frailty RCT candidate
38479253,10.1016/j.rehab.2024.101819,Interactive boxing-cycling on frailty and activity limitations in frail and prefrail older adults: A randomized controlled trial.,2024,Annals of physical and rehabilitation medicine,unclear,resistance;aerobic_walking,exercise_only,Peer-reviewed community/home/primary-care frailty RCT candidate with relevant outcome,High-confidence community/home/primary-care frailty RCT candidate
38251739,10.1093/ageing/afad253,Response rates and associated factors after a multicomponent intervention in frail older adults with diabetes.,2024,Age and ageing,primary_care,resistance;multicomponent_exercise;nutrition,exercise_plus_nutrition,Peer-reviewed community/home/primary-care frailty RCT candidate with relevant outcome,High-confidence community/home/primary-care frailty RCT candidate
39211745,10.3389/fragi.2024.1376825,"Underweight, overweight, and weight change in older family caregivers and their care recipients: longitudinal evidence from a randomized controlled trial.",2024,Frontiers in aging,unclear,nutrition,nutrition_only,Peer-reviewed community/home/primary-care frailty RCT candidate with relevant outcome,High-confidence community/home/primary-care frailty RCT candidate
38430497,,Verification of the Effects of a YouTube-Based Home-Based (Self-Managed Intervention) Training System Developed for Frailty Prevention: A Pilot Study.,2024,Journal of allied health,home,resistance;balance;digital_home,exercise_only,Peer-reviewed community/home/primary-care frailty RCT candidate with relevant outcome,High-confidence community/home/primary-care frailty RCT candidate
39647881,10.3143/geriatrics.61.447,[The difference in effect between individual exercise and collective exercise in older adults with frailty-A randomized controlled trial].,2024,Nihon Ronen Igakkai zasshi. Japanese journal of geriatrics,unclear,resistance;aerobic_walking;multicomponent_exercise,multicomponent_exercise,Peer-reviewed community/home/primary-care frailty RCT candidate with relevant outcome,High-confidence community/home/primary-care frailty RCT candidate
36426763,10.1111/ggi.14511,"Adherence, safety and potential effectiveness of a home-based Radio-Taiso exercise program in older adults with frailty: A pilot randomized controlled trial.",2023,Geriatrics & gerontology international,home,digital_home,digital_home_unclear_intervention,Peer-reviewed community/home/primary-care frailty RCT candidate with relevant outcome,High-confidence community/home/primary-care frailty RCT candidate
36849160,10.1093/ageing/afad012,Building resilience and reversing frailty: a randomised controlled trial of a primary care intervention for older adults.,2023,Age and ageing,primary_care,resistance;nutrition;digital_home,exercise_plus_nutrition,Peer-reviewed community/home/primary-care frailty RCT candidate with relevant outcome,High-confidence community/home/primary-care frailty RCT candidate
37875291,10.1002/jcsm.13359,Dose-response effects of resistance training on physical function in frail older Chinese adults: A randomized controlled trial.,2023,"Journal of cachexia, sarcopenia and muscle",unclear,resistance;aerobic_walking,exercise_only,Peer-reviewed community/home/primary-care frailty RCT candidate with relevant outcome,High-confidence community/home/primary-care frailty RCT candidate
36673644,10.3390/healthcare11020276,Effect of the Active Aging-in-Place-Rehabilitation Nursing Program: A Randomized Controlled Trial.,2023,"Healthcare (Basel, Switzerland)",unclear,resistance;balance;multidomain,multidomain,Peer-reviewed community/home/primary-care frailty RCT candidate with relevant outcome,High-confidence community/home/primary-care frailty RCT candidate
34417416,10.1519/JPT.0000000000000326,Effectiveness of a Supervised Group-Based Otago Exercise Program on Functional Performance in Frail Institutionalized Older Adults: A Multicenter Randomized Controlled Trial.,2023,Journal of geriatric physical therapy (2001),unclear,resistance;balance;aerobic_walking;multicomponent_exercise;nutrition;digital_home,exercise_plus_nutrition,Peer-reviewed community/home/primary-care frailty RCT candidate with relevant outcome,High-confidence community/home/primary-care frailty RCT candidate
37026833,10.1097/PHM.0000000000002246,Effects of Exercise Interventions on Physical Performance and Activities of Daily Living in Oldest-Old and Frail Older Adults: A Review of the Literature.,2023,American journal of physical medicine & rehabilitation,community,resistance;balance;aerobic_walking;multicomponent_exercise,multicomponent_exercise,Peer-reviewed community/home/primary-care frailty RCT candidate with relevant outcome,High-confidence community/home/primary-care frailty RCT candidate
36629088,10.14283/jfa.2022.48,"Effects of Vitamin D, Omega-3 Fatty Acids and a Home Exercise Program on Prevention of Pre-Frailty in Older Adults: The DO-HEALTH Randomized Clinical Trial.",2023,The Journal of frailty & aging,community,nutrition,nutrition_only,Peer-reviewed community/home/primary-care frailty RCT candidate with relevant outcome,High-confidence community/home/primary-care frailty RCT candidate
37328797,10.1186/s12877-023-04080-0,Effects of an individualised exercise programme plus Behavioural Change Enhancement (BCE) strategies for managing fatigue in frail older adults: a cluster randomised controlled trial.,2023,BMC geriatrics,community,unclear,unclear,Peer-reviewed community/home/primary-care frailty RCT candidate with relevant outcome,High-confidence community/home/primary-care frailty RCT candidate
36528997,10.1016/j.gerinurse.2022.11.019,Efficacy of a multicomponent exercise training program intervention in community-dwelling older adults during the COVID-19 pandemic: A cluster randomized controlled trial.,2023,"Geriatric nursing (New York, N.Y.)",community,multicomponent_exercise;multidomain,multidomain,Peer-reviewed community/home/primary-care frailty RCT candidate with relevant outcome,High-confidence community/home/primary-care frailty RCT candidate
37997084,10.1016/S0140-6736(23)02071-8,Enabling health and maintaining independence for older people at home (HomeHealth trial): a multicentre randomised controlled trial.,2023,"Lancet (London, England)",primary_care,nutrition;digital_home,nutrition_only,Peer-reviewed community/home/primary-care frailty RCT candidate with relevant outcome,High-confidence community/home/primary-care frailty RCT candidate
37960913,10.1007/s12603-023-1991-0,Hybrid Exercise Program Enhances Physical Fitness and Reverses Frailty in Older Adults: Insights and Predictions from Machine Learning.,2023,"The journal of nutrition, health & aging",community,resistance;aerobic_walking;nutrition,exercise_plus_nutrition,Peer-reviewed community/home/primary-care frailty RCT candidate with relevant outcome,High-confidence community/home/primary-care frailty RCT candidate
37357328,10.1007/s12603-023-1928-7,"Impact of Exercise and Cognitive Stimulation Therapy on Physical Function, Cognition and Muscle Mass in Pre-Frail Older Adults in the Primary Care Setting: A Cluster Randomized Controlled Trial.",2023,"The journal of nutrition, health & aging",primary_care,resistance;multicomponent_exercise;nutrition,exercise_plus_nutrition,Peer-reviewed community/home/primary-care frailty RCT candidate with relevant outcome,High-confidence community/home/primary-care frailty RCT candidate
38111605,10.3389/fnut.2023.1284497,Medium-chain triglycerides (8:0 and 10:0) increase muscle mass and function in frail older adults: a combined data analysis of clinical trials.,2023,Frontiers in nutrition,unclear,resistance;aerobic_walking;nutrition,exercise_plus_nutrition,Peer-reviewed community/home/primary-care frailty RCT candidate with relevant outcome,High-confidence community/home/primary-care frailty RCT candidate
36636457,10.2147/CIA.S391700,Protein-Added Healthy Lunch-Boxes Combined with Exercise for Improving Physical Fitness and Vascular Function in Pre-Frail Older Women: A Community-Based Randomized Controlled Trial.,2023,Clinical interventions in aging,community,resistance;aerobic_walking;multicomponent_exercise;nutrition;digital_home,exercise_plus_nutrition,Peer-reviewed community/home/primary-care frailty RCT candidate with relevant outcome,High-confidence community/home/primary-care frailty RCT candidate
37049448,10.3390/nu15071607,The Impact of Nutrition and Oral Function Exercise on among Community-Dwelling Older People.,2023,Nutrients,community,nutrition,nutrition_only,Peer-reviewed community/home/primary-care frailty RCT candidate with relevant outcome,High-confidence community/home/primary-care frailty RCT candidate
35766913,10.24095/hpcdp.42.6.02,"Encouraging older adults with pre-frailty and frailty to ""MoveStrong"": an analysis of secondary outcomes for a pilot randomized controlled trial.",2022,"Health promotion and chronic disease prevention in Canada : research, policy and practice",unclear,resistance;balance;aerobic_walking;nutrition,exercise_plus_nutrition,Peer-reviewed community/home/primary-care frailty RCT candidate with relevant outcome,High-confidence community/home/primary-care frailty RCT candidate
35887850,10.3390/jcm11144077,Frailty Status Improvement after 5-Month Multicomponent Program PROMUFRA in Community-Dwelling Older People: A Randomized Controlled Trial.,2022,Journal of clinical medicine,community,resistance;multicomponent_exercise;digital_home,multicomponent_exercise,Peer-reviewed community/home/primary-care frailty RCT candidate with relevant outcome,High-confidence community/home/primary-care frailty RCT candidate
36341237,10.3389/fmed.2022.971497,Intrinsic capacity rather than intervention exposure influences reversal to robustness among prefrail community-dwelling older adults: A non-randomized controlled study of a multidomain exercise and nutrition intervention.,2022,Frontiers in medicine,community,resistance;multicomponent_exercise;nutrition;digital_home;multidomain,multidomain_exercise_nutrition,Peer-reviewed community/home/primary-care frailty RCT candidate with relevant outcome,High-confidence community/home/primary-care frailty RCT candidate
36037722,10.1016/j.archger.2022.104792,Resistance training-induced improvement in physical function is not associated to changes in endocrine somatotropic activity in prefrail older adults.,2022,Archives of gerontology and geriatrics,community,resistance;nutrition,exercise_plus_nutrition,Peer-reviewed community/home/primary-care frailty RCT candidate with relevant outcome,High-confidence community/home/primary-care frailty RCT candidate
35399053,10.1186/s12877-022-02888-w,The effects of vitamin D supplementation on frailty in older adults at risk for falls.,2022,BMC geriatrics,community,balance;nutrition,exercise_plus_nutrition,Peer-reviewed community/home/primary-care frailty RCT candidate with relevant outcome,High-confidence community/home/primary-care frailty RCT candidate
33691612,10.1080/21551197.2021.1886222,A Randomized Controlled Pilot Exercise and Protein Effectiveness Supplementation Study (EXPRESS) on Reducing Frailty Risk in Community-Dwelling Older People.,2021,Journal of nutrition in gerontology and geriatrics,community,resistance;multicomponent_exercise;nutrition,exercise_plus_nutrition,Peer-reviewed community/home/primary-care frailty RCT candidate with relevant outcome,High-confidence community/home/primary-care frailty RCT candidate
34725661,10.1007/s12603-021-1671-x,"Association of Pain and Impact of Dual-Task Exercise on Function, Cognition and Quality of Life.",2021,"The journal of nutrition, health & aging",community,balance;nutrition;digital_home,exercise_plus_nutrition,Peer-reviewed community/home/primary-care frailty RCT candidate with relevant outcome,High-confidence community/home/primary-care frailty RCT candidate
32858228,10.1016/j.cct.2020.106124,DO-HEALTH: Vitamin D3 - Omega-3 - Home exercise - Healthy aging and longevity trial - Design of a multinational clinical trial on healthy aging among European seniors.,2021,Contemporary clinical trials,community,resistance;balance;nutrition,exercise_plus_nutrition,Peer-reviewed community/home/primary-care frailty RCT candidate with relevant outcome,High-confidence community/home/primary-care frailty RCT candidate
34283997,10.1016/j.apmr.2021.06.017,"Effect of 12-Month Supervised, Home-Based Physical Exercise on Functioning Among Persons With Signs of Frailty: A Randomized Controlled Trial.",2021,Archives of physical medicine and rehabilitation,home,resistance;balance;digital_home,exercise_only,Peer-reviewed community/home/primary-care frailty RCT candidate with relevant outcome,High-confidence community/home/primary-care frailty RCT candidate
33742266,10.1007/s11121-021-01221-y,Effectiveness of Community-Delivered Functional Power Training Program for Frail and Pre-frail Community-Dwelling Older Adults: a Randomized Controlled Study.,2021,Prevention science : the official journal of the Society for Prevention Research,community,resistance;balance,exercise_only,Peer-reviewed community/home/primary-care frailty RCT candidate with relevant outcome,High-confidence community/home/primary-care frailty RCT candidate
33968874,10.3389/fpubh.2021.610184,Effectiveness of a Community-Based Muscle Strengthening Exercise Program to Increase Muscle Strength Among Pre-frail Older Persons in Malaysia: A Pilot Study.,2021,Frontiers in public health,community,resistance,exercise_only,Peer-reviewed community/home/primary-care frailty RCT candidate with relevant outcome,High-confidence community/home/primary-care frailty RCT candidate
34620081,10.1186/s11556-021-00273-x,Effectiveness of a community-delivered pneumatic machine resistance training programme (Gym Tonic) for older adults at neighbourhood senior centres - a randomized controlled trial.,2021,European review of aging and physical activity : official journal of the European Group for Research into Elderly and Physical Activity,community,resistance;balance;aerobic_walking;digital_home,exercise_only,Peer-reviewed community/home/primary-care frailty RCT candidate with relevant outcome,High-confidence community/home/primary-care frailty RCT candidate
34449605,10.3390/geriatrics6030072,Enhancement of Anticipatory Postural Adjustments by Virtual Reality in Older Adults with Cognitive and Motor Deficits: A Randomised Trial.,2021,"Geriatrics (Basel, Switzerland)",unclear,balance;aerobic_walking,exercise_only,Peer-reviewed community/home/primary-care frailty RCT candidate with relevant outcome,High-confidence community/home/primary-care frailty RCT candidate
33128790,10.1111/joor.13122,Improvement of oral hypofunction by a comprehensive oral and physical exercise programme including textured lunch gatherings.,2021,Journal of oral rehabilitation,community,resistance;aerobic_walking;nutrition,exercise_plus_nutrition,Peer-reviewed community/home/primary-care frailty RCT candidate with relevant outcome,High-confidence community/home/primary-care frailty RCT candidate
33513714,10.3390/md19020062,Limited Benefit of Marine Protein Hydrolysate on Physical Function and Strength in Older Adults: A Randomized Controlled Trial.,2021,Marine drugs,unclear,resistance;nutrition,exercise_plus_nutrition,Peer-reviewed community/home/primary-care frailty RCT candidate with relevant outcome,High-confidence community/home/primary-care frailty RCT candidate
34351363,10.1093/ageing/afab149,Long-term effect of a 24-week multicomponent intervention on physical performance and frailty in community-dwelling older adults.,2021,Age and ageing,community,multicomponent_exercise;nutrition,exercise_plus_nutrition,Peer-reviewed community/home/primary-care frailty RCT candidate with relevant outcome,High-confidence community/home/primary-care frailty RCT candidate
32443963,10.1089/rej.2020.2302,Perceptive-Cognitive and Physical Function in Prefrail Older Adults: Exergaming Versus Traditional Multicomponent Training.,2021,Rejuvenation research,unclear,resistance;balance;multicomponent_exercise;digital_home,multicomponent_exercise,Peer-reviewed community/home/primary-care frailty RCT candidate with relevant outcome,High-confidence community/home/primary-care frailty RCT candidate
33937294,10.3389/fmed.2021.660463,"Possible Sarcopenia and Impact of Dual-Task Exercise on Gait Speed, Handgrip Strength, Falls, and Perceived Health.",2021,Frontiers in medicine,community,resistance;balance;nutrition;digital_home,exercise_plus_nutrition,Peer-reviewed community/home/primary-care frailty RCT candidate with relevant outcome,High-confidence community/home/primary-care frailty RCT candidate
33546255,10.3390/ijerph18041396,Randomized Controlled Trial on the Effects of a Combined Intervention of Computerized Cognitive Training Preceded by Physical Exercise for Improving Frailty Status and Cognitive Function in Older Adults.,2021,International journal of environmental research and public health,unclear,resistance;aerobic_walking;digital_home;multidomain,multidomain,Peer-reviewed community/home/primary-care frailty RCT candidate with relevant outcome,High-confidence community/home/primary-care frailty RCT candidate
33975304,10.1159/000514676,Reinforcement Effects of Social Network Intervention during Nutritional Supplementation in Frail Older Adults.,2021,Gerontology,community,nutrition,nutrition_only,Peer-reviewed community/home/primary-care frailty RCT candidate with relevant outcome,High-confidence community/home/primary-care frailty RCT candidate
32114877,10.1177/0733464820902652,"The Otago Exercise Program With or Without Motivational Interviewing for Community-Dwelling Older Adults: A 12-Month Follow-Up of a Randomized, Controlled Trial.",2021,Journal of applied gerontology : the official journal of the Southern Gerontological Society,home,resistance;balance;aerobic_walking;digital_home,exercise_only,Peer-reviewed community/home/primary-care frailty RCT candidate with relevant outcome,High-confidence community/home/primary-care frailty RCT candidate
33583000,10.1007/s41999-020-00438-4,The sarcopenia and physical frailty in older people: multi-component treatment strategies (SPRINTT) project: description and feasibility of a nutrition intervention in community-dwelling older Europeans.,2021,European geriatric medicine,community,multicomponent_exercise;nutrition;digital_home,exercise_plus_nutrition,Peer-reviewed community/home/primary-care frailty RCT candidate with relevant outcome,High-confidence community/home/primary-care frailty RCT candidate
32375239,10.3390/geriatrics5020029,"A Novel Exercise for Enhancing Visuospatial Ability in Older Adults with Frailty: Development, Feasibility, and Effectiveness.",2020,"Geriatrics (Basel, Switzerland)",unclear,resistance,exercise_only,Peer-reviewed community/home/primary-care frailty RCT candidate with relevant outcome,High-confidence community/home/primary-care frailty RCT candidate
33032532,10.1186/s12877-020-01805-3,A physical activity program versus usual care in the management of quality of life for pre-frail older adults with chronic pain: randomized controlled trial.,2020,BMC geriatrics,community,multicomponent_exercise,multicomponent_exercise,Peer-reviewed community/home/primary-care frailty RCT candidate with relevant outcome,High-confidence community/home/primary-care frailty RCT candidate
31997543,10.1002/jcsm.12504,Comprehensive geriatric intervention in community-dwelling older adults: a cluster-randomized controlled trial.,2020,"Journal of cachexia, sarcopenia and muscle",home,resistance;aerobic_walking;nutrition;digital_home;multidomain,multidomain_exercise_nutrition,Peer-reviewed community/home/primary-care frailty RCT candidate with relevant outcome,High-confidence community/home/primary-care frailty RCT candidate
31706917,10.1016/j.jamda.2019.08.024,Effects of a Multicomponent Frailty Prevention Program in Prefrail Community-Dwelling Older Persons: A Randomized Controlled Trial.,2020,Journal of the American Medical Directors Association,community,resistance;balance;aerobic_walking;multicomponent_exercise,multicomponent_exercise,Peer-reviewed community/home/primary-care frailty RCT candidate with relevant outcome,High-confidence community/home/primary-care frailty RCT candidate
32702879,10.1097/MD.0000000000021187,Effects of concurrent aerobic and resistance exercise in frail and pre-frail older adults: A randomized trial of supervised versus home-based programs.,2020,Medicine,home,resistance;aerobic_walking;digital_home,exercise_only,Peer-reviewed community/home/primary-care frailty RCT candidate with relevant outcome,High-confidence community/home/primary-care frailty RCT candidate
32134208,10.1002/jcsm.12534,"Efficacy of multidomain interventions to improve physical frailty, depression and cognition: data from cluster-randomized controlled trials.",2020,"Journal of cachexia, sarcopenia and muscle",community,resistance;nutrition;digital_home;multidomain,multidomain_exercise_nutrition,Peer-reviewed community/home/primary-care frailty RCT candidate with relevant outcome,High-confidence community/home/primary-care frailty RCT candidate
32259186,10.14283/jfa.2020.13,"Multi-Component Exercise with High-Intensity, Free-Weight, Functional Resistance Training in Pre-Frail Females: A Quasi-Experimental, Pilot Study.",2020,The Journal of frailty & aging,community,resistance;balance;aerobic_walking;multicomponent_exercise;digital_home,multicomponent_exercise,Peer-reviewed community/home/primary-care frailty RCT candidate with relevant outcome,High-confidence community/home/primary-care frailty RCT candidate
32466446,10.3390/ijerph17113760,Multicomponent Exercise Program Reduces Frailty and Inflammatory Biomarkers and Improves Physical Performance in Community-Dwelling Older Adults: A Randomized Controlled Trial.,2020,International journal of environmental research and public health,home,resistance;balance;aerobic_walking;multicomponent_exercise;nutrition;digital_home,exercise_plus_nutrition,Peer-reviewed community/home/primary-care frailty RCT candidate with relevant outcome,High-confidence community/home/primary-care frailty RCT candidate
32545408,10.3390/nu12061755,Nutrition and Sarcopenia-What Do We Know?,2020,Nutrients,unclear,resistance;nutrition;digital_home,exercise_plus_nutrition,Peer-reviewed community/home/primary-care frailty RCT candidate with relevant outcome,High-confidence community/home/primary-care frailty RCT candidate
32762725,10.1186/s12877-020-01668-8,Nutrition assessment and geriatric associated conditions among community dwelling Iranian elderly people.,2020,BMC geriatrics,community,nutrition,nutrition_only,Peer-reviewed community/home/primary-care frailty RCT candidate with relevant outcome,High-confidence community/home/primary-care frailty RCT candidate
32375700,10.1186/s12877-020-01572-1,Sensor-based characterization of daily walking: a new paradigm in pre-frailty/frailty assessment.,2020,BMC geriatrics,unclear,aerobic_walking,exercise_only,Peer-reviewed community/home/primary-care frailty RCT candidate with relevant outcome,High-confidence community/home/primary-care frailty RCT candidate
29395372,10.1016/j.clnu.2017.12.020,"A high whey protein, vitamin D and E supplement preserves muscle mass, strength, and quality of life in sarcopenic older adults: A double-blind randomized controlled trial.",2019,"Clinical nutrition (Edinburgh, Scotland)",unclear,resistance;balance;nutrition,exercise_plus_nutrition,Peer-reviewed community/home/primary-care frailty RCT candidate with relevant outcome,High-confidence community/home/primary-care frailty RCT candidate
31360662,,"An Interregional, Transdisciplinary and Good Practice-Based Approach for Frailty: the Mind&Gait Project.",2019,Translational medicine @ UniSa,community,digital_home,digital_home_unclear_intervention,Peer-reviewed community/home/primary-care frailty RCT candidate with relevant outcome,High-confidence community/home/primary-care frailty RCT candidate
30528641,10.1016/j.exger.2018.11.022,Effect of a short multicomponent exercise intervention focused on muscle power in frail and pre frail elderly: A pilot trial.,2019,Experimental gerontology,unclear,resistance;aerobic_walking;multicomponent_exercise,multicomponent_exercise,Peer-reviewed community/home/primary-care frailty RCT candidate with relevant outcome,High-confidence community/home/primary-care frailty RCT candidate
31466229,10.3390/ijerph16173125,Effectiveness of a Combined Intervention on Psychological and Physical Capacities of Frail Older Adults: A Cluster Randomized Controlled Trial.,2019,International journal of environmental research and public health,unclear,balance,exercise_only,Peer-reviewed community/home/primary-care frailty RCT candidate with relevant outcome,High-confidence community/home/primary-care frailty RCT candidate
31016897,10.1002/jcsm.12432,Effectiveness of a multimodal intervention in functionally impaired older people with type 2 diabetes mellitus.,2019,"Journal of cachexia, sarcopenia and muscle",unclear,resistance;nutrition,exercise_plus_nutrition,Disease-rehabilitation population; secondary/sensitivity only,High-confidence community/home/primary-care frailty RCT candidate
31249332,10.1038/s41598-019-45767-y,Effects of Kinect-based exergaming on frailty status and physical performance in prefrail and frail elderly: A randomized controlled trial.,2019,Scientific reports,community,resistance;balance;aerobic_walking;multicomponent_exercise,multicomponent_exercise,Peer-reviewed community/home/primary-care frailty RCT candidate with relevant outcome,High-confidence community/home/primary-care frailty RCT candidate
31133863,10.3389/fphys.2019.00445,Exercise and Dietary-Protein as a Countermeasure to Skeletal Muscle Weakness: Liverpool Hope University - Sarcopenia Aging Trial (LHU-SAT).,2019,Frontiers in physiology,community,resistance;aerobic_walking;nutrition;digital_home,exercise_plus_nutrition,Peer-reviewed community/home/primary-care frailty RCT candidate with relevant outcome,High-confidence community/home/primary-care frailty RCT candidate
31791364,10.1186/s12966-019-0855-9,Individualized home-based exercise and nutrition interventions improve frailty in older adults: a randomized controlled trial.,2019,The international journal of behavioral nutrition and physical activity,home,nutrition;digital_home,nutrition_only,Peer-reviewed community/home/primary-care frailty RCT candidate with relevant outcome,High-confidence community/home/primary-care frailty RCT candidate
31367733,10.1007/s12603-019-1216-8,"Positive Effects of ""Textured Lunches"" Gatherings and Oral Exercises Combined with Physical Exercises on Oral and Physical Function in Older Individuals: A Cluster Randomized Controlled Trial.",2019,"The journal of nutrition, health & aging",community,nutrition;digital_home,nutrition_only,Peer-reviewed community/home/primary-care frailty RCT candidate with relevant outcome,High-confidence community/home/primary-care frailty RCT candidate
29381526,10.1519/JPT.0000000000000155,The Modified Otago Exercises Prevent Grip Strength Deterioration Among Older Fallers in the Malaysian Falls Assessment and Intervention Trial (MyFAIT).,2019,Journal of geriatric physical therapy (2001),unclear,resistance;balance,exercise_only,Peer-reviewed community/home/primary-care frailty RCT candidate with relevant outcome,High-confidence community/home/primary-care frailty RCT candidate
32300691,10.22540/JFSF-03-026,Breaking sedentary behaviour has the potential to increase/ maintain function in frail older adults.,2018,"Journal of frailty, sarcopenia and falls",unclear,balance,exercise_only,Peer-reviewed community/home/primary-care frailty RCT candidate with relevant outcome,High-confidence community/home/primary-care frailty RCT candidate
30053278,10.1093/jn/nxy024,Cholecalciferol or 25-Hydroxycholecalciferol Supplementation Does Not Affect Muscle Strength and Physical Performance in Prefrail and Frail Older Adults.,2018,The Journal of nutrition,community,resistance;nutrition,exercise_plus_nutrition,Peer-reviewed community/home/primary-care frailty RCT candidate with relevant outcome,High-confidence community/home/primary-care frailty RCT candidate
29310138,10.7326/M16-2011,Effect of Physical Activity on Frailty: Secondary Analysis of a Randomized Controlled Trial.,2018,Annals of internal medicine,community,resistance;aerobic_walking,exercise_only,Peer-reviewed community/home/primary-care frailty RCT candidate with relevant outcome,High-confidence community/home/primary-care frailty RCT candidate
30328470,10.2340/16501977-2490,Effect of respiratory rehabilitation for frail older patients with musculoskeletal disorders: a randomized controlled trial.,2018,Journal of rehabilitation medicine,community,resistance,exercise_only,Peer-reviewed community/home/primary-care frailty RCT candidate with relevant outcome,High-confidence community/home/primary-care frailty RCT candidate
29988285,10.1155/2018/8916274,"Effects of Strength Training on Muscle Properties, Physical Function, and Physical Activity among Frail Older People: A Pilot Study.",2018,Journal of aging research,home,resistance;aerobic_walking;digital_home,exercise_only,Peer-reviewed community/home/primary-care frailty RCT candidate with relevant outcome,High-confidence community/home/primary-care frailty RCT candidate
29346524,10.1093/gerona/glx259,"Effects of a Primary Care-Based Multifactorial Intervention on Physical and Cognitive Function in Frail, Elderly Individuals: A Randomized Controlled Trial.",2018,"The journals of gerontology. Series A, Biological sciences and medical sciences",primary_care,resistance;nutrition,exercise_plus_nutrition,Peer-reviewed community/home/primary-care frailty RCT candidate with relevant outcome,High-confidence community/home/primary-care frailty RCT candidate
29455058,10.1016/j.archger.2018.02.005,Physical activity combined with resistance training reduces symptoms of frailty in older adults: A randomized controlled trial.,2018,Archives of gerontology and geriatrics,community,resistance,exercise_only,Peer-reviewed community/home/primary-care frailty RCT candidate with relevant outcome,High-confidence community/home/primary-care frailty RCT candidate
29783928,10.1186/s12872-018-0839-8,Physical activity intervention for elderly patients with reduced physical performance after acute coronary syndrome (HULK study): rationale and design of a randomized clinical trial.,2018,BMC cardiovascular disorders,home,digital_home,digital_home_unclear_intervention,Peer-reviewed community/home/primary-care frailty RCT candidate with relevant outcome,High-confidence community/home/primary-care frailty RCT candidate
30498835,10.1007/s12603-018-1127-0,Quality of Life and Mental Health in Older Adults with Obesity and Frailty: Associations with a Weight Loss Intervention.,2018,"The journal of nutrition, health & aging",community,nutrition,nutrition_only,Peer-reviewed community/home/primary-care frailty RCT candidate with relevant outcome,High-confidence community/home/primary-care frailty RCT candidate
30138718,10.1016/j.cct.2018.08.004,Rationale and design of the Study To Understand Fall Reduction and Vitamin D in You (STURDY): A randomized clinical trial of Vitamin D supplement doses for the prevention of falls in older adults.,2018,Contemporary clinical trials,community,balance;nutrition,exercise_plus_nutrition,Peer-reviewed community/home/primary-care frailty RCT candidate with relevant outcome,High-confidence community/home/primary-care frailty RCT candidate
29183035,10.1159/000484663,User-Oriented Evaluation of a Robotic Rollator That Provides Navigation Assistance in Frail Older Adults with and without Cognitive Impairment.,2018,Gerontology,unclear,aerobic_walking,exercise_only,Peer-reviewed community/home/primary-care frailty RCT candidate with relevant outcome,High-confidence community/home/primary-care frailty RCT candidate
27993489,10.1016/j.jphys.2016.11.007,A multifactorial intervention for frail older people is more than twice as effective among those who are compliant: complier average causal effect analysis of a randomised trial.,2017,Journal of physiotherapy,community,unclear,unclear,Peer-reviewed community/home/primary-care frailty RCT candidate with relevant outcome,High-confidence community/home/primary-care frailty RCT candidate
28514618,10.1056/NEJMoa1616338,"Aerobic or Resistance Exercise, or Both, in Dieting Obese Older Adults.",2017,The New England journal of medicine,unclear,resistance;aerobic_walking,exercise_only,Peer-reviewed community/home/primary-care frailty RCT candidate with relevant outcome,High-confidence community/home/primary-care frailty RCT candidate
28951766,10.1155/2017/4807046,"Effect of Weight Loss, Exercise, or Both on Undercarboxylated Osteocalcin and Insulin Secretion in Frail, Obese Older Adults.",2017,Oxidative medicine and cellular longevity,unclear,multidomain,multidomain,Peer-reviewed community/home/primary-care frailty RCT candidate with relevant outcome,High-confidence community/home/primary-care frailty RCT candidate
28064172,10.1093/ageing/afw242,Effectiveness of an intervention to prevent frailty in pre-frail community-dwelling older people consulting in primary care: a randomised controlled trial.,2017,Age and ageing,primary_care,resistance;balance;aerobic_walking;nutrition,exercise_plus_nutrition,Peer-reviewed community/home/primary-care frailty RCT candidate with relevant outcome,High-confidence community/home/primary-care frailty RCT candidate
27138245,10.1111/ggi.12795,Effects of an integrated health education and elastic band resistance training program on physical function and muscle strength in community-dwelling elderly women: Healthy Aging and Happy Aging II study.,2017,Geriatrics & gerontology international,community,resistance;digital_home,exercise_only,Peer-reviewed community/home/primary-care frailty RCT candidate with relevant outcome,High-confidence community/home/primary-care frailty RCT candidate
27588891,10.1016/j.archger.2016.08.009,Fear of falling reduced by a lay led home-based program in frail community-dwelling older adults: A randomised controlled trial.,2017,Archives of gerontology and geriatrics,home,resistance;balance;nutrition;digital_home,exercise_plus_nutrition,Peer-reviewed community/home/primary-care frailty RCT candidate with relevant outcome,High-confidence community/home/primary-care frailty RCT candidate
28085913,10.1371/journal.pone.0169613,Impact of a Home-Based Physical and Nutritional Intervention Program Conducted by Lay-Volunteers on Handgrip Strength in Prefrail and Frail Older Adults: A Randomized Control Trial.,2017,PloS one,home,resistance;nutrition;digital_home,exercise_plus_nutrition,Peer-reviewed community/home/primary-care frailty RCT candidate with relevant outcome,High-confidence community/home/primary-care frailty RCT candidate
27897406,10.1002/jcsm.12132,Integrated care for geriatric frailty and sarcopenia: a randomized control trial.,2017,"Journal of cachexia, sarcopenia and muscle",community,resistance;aerobic_walking;nutrition;digital_home,exercise_plus_nutrition,Peer-reviewed community/home/primary-care frailty RCT candidate with relevant outcome,High-confidence community/home/primary-care frailty RCT candidate
28972245,10.1007/s12603-016-0867-y,Multi-Domains Lifestyle Interventions Reduces Depressive Symptoms among Frail and Pre-Frail Older Persons: Randomized Controlled Trial.,2017,"The journal of nutrition, health & aging",community,nutrition;multidomain,multidomain,Peer-reviewed community/home/primary-care frailty RCT candidate with relevant outcome,High-confidence community/home/primary-care frailty RCT candidate
27695646,10.18848/2160-1909/CGP/v07i02/1-10,The Impact of Strong for Life on the Physical Functioning and Health of Older Adults Receiving Home and Community-Based Services.,2017,Aging and society : an interdisciplinary journal,community,resistance,exercise_only,Peer-reviewed community/home/primary-care frailty RCT candidate with relevant outcome,High-confidence community/home/primary-care frailty RCT candidate
26947059,10.1016/j.jamda.2016.01.019,"A Multicomponent Exercise Intervention that Reverses Frailty and Improves Cognition, Emotion, and Social Networking in the Community-Dwelling Frail Elderly: A Randomized Clinical Trial.",2016,Journal of the American Medical Directors Association,primary_care,resistance;aerobic_walking;multicomponent_exercise;nutrition,exercise_plus_nutrition,Peer-reviewed community/home/primary-care frailty RCT candidate with relevant outcome,High-confidence community/home/primary-care frailty RCT candidate
27178766,10.1016/j.cct.2016.05.001,Identifying effective and feasible interventions to accelerate functional recovery from hospitalization in older adults: A randomized controlled pilot trial.,2016,Contemporary clinical trials,community,resistance;nutrition,exercise_plus_nutrition,Peer-reviewed community/home/primary-care frailty RCT candidate with relevant outcome,High-confidence community/home/primary-care frailty RCT candidate
26786203,10.1093/gerona/glv210,"Improved Function With Enhanced Protein Intake per Meal: A Pilot Study of Weight Reduction in Frail, Obese Older Adults.",2016,"The journals of gerontology. Series A, Biological sciences and medical sciences",unclear,nutrition;digital_home,nutrition_only,Peer-reviewed community/home/primary-care frailty RCT candidate with relevant outcome,High-confidence community/home/primary-care frailty RCT candidate
27175793,10.1186/s12877-016-0277-3,The effects of a life goal-setting technique in a preventive care program for frail community-dwelling older people: a cluster nonrandomized controlled trial.,2016,BMC geriatrics,community,balance;nutrition;digital_home,exercise_plus_nutrition,Peer-reviewed community/home/primary-care frailty RCT candidate with relevant outcome,High-confidence community/home/primary-care frailty RCT candidate
25387728,10.1093/gerona/glu099,A physical activity intervention to treat the frailty syndrome in older persons-results from the LIFE-P study.,2015,"The journals of gerontology. Series A, Biological sciences and medical sciences",community,resistance;multidomain,multidomain,Peer-reviewed community/home/primary-care frailty RCT candidate with relevant outcome,High-confidence community/home/primary-care frailty RCT candidate
26663424,10.1111/jgs.13834,Cost-Effectiveness of a Chronic Care Model for Frail Older Adults in Primary Care: Economic Evaluation Alongside a Stepped-Wedge Cluster-Randomized Trial.,2015,Journal of the American Geriatrics Society,primary_care,multidomain,multidomain,Peer-reviewed community/home/primary-care frailty RCT candidate with relevant outcome,High-confidence community/home/primary-care frailty RCT candidate
26201510,10.1136/bmj.h3830,Effectiveness of two year balance training programme on prevention of fall induced injuries in at risk women aged 75-85 living in community: Ossébo randomised controlled trial.,2015,BMJ (Clinical research ed.),community,balance;nutrition,exercise_plus_nutrition,Peer-reviewed community/home/primary-care frailty RCT candidate with relevant outcome,High-confidence community/home/primary-care frailty RCT candidate
25659620,10.1016/j.jamda.2014.12.005,Effects of a combined physical training and nutrition intervention on physical performance and health-related quality of life in prefrail older women living in the community: a randomized controlled trial.,2015,Journal of the American Medical Directors Association,community,resistance;balance;aerobic_walking;multicomponent_exercise;nutrition;digital_home,exercise_plus_nutrition,Peer-reviewed community/home/primary-care frailty RCT candidate with relevant outcome,High-confidence community/home/primary-care frailty RCT candidate
25659147,10.1371/journal.pone.0116256,"Effects of exercise and milk fat globule membrane (MFGM) supplementation on body composition, physical function, and hematological parameters in community-dwelling frail Japanese women: a randomized double blind, placebo-controlled, follow-up trial.",2015,PloS one,community,resistance;aerobic_walking;nutrition;multidomain,multidomain_exercise_nutrition,Peer-reviewed community/home/primary-care frailty RCT candidate with relevant outcome,High-confidence community/home/primary-care frailty RCT candidate
25887235,10.1186/s12877-015-0002-7,MultiComponent Exercise and theRApeutic lifeStyle (CERgAS) intervention to improve physical performance and maintain independent living among urban poor older people--a cluster randomised controlled trial.,2015,BMC geriatrics,community,multicomponent_exercise;nutrition;multidomain,multidomain_exercise_nutrition,Peer-reviewed community/home/primary-care frailty RCT candidate with relevant outcome,High-confidence community/home/primary-care frailty RCT candidate
27032052,10.14283/jfa.2015.49,Nutrition and Frailty: A Review of Clinical Intervention Studies.,2015,The Journal of frailty & aging,unclear,resistance;aerobic_walking;nutrition,exercise_plus_nutrition,Peer-reviewed community/home/primary-care frailty RCT candidate with relevant outcome,High-confidence community/home/primary-care frailty RCT candidate
26159634,10.1016/j.amjmed.2015.06.017,"Nutritional, Physical, Cognitive, and Combination Interventions and Frailty Reversal Among Older Adults: A Randomized Controlled Trial.",2015,The American journal of medicine,community,resistance;balance;nutrition;digital_home,exercise_plus_nutrition,Peer-reviewed community/home/primary-care frailty RCT candidate with relevant outcome,High-confidence community/home/primary-care frailty RCT candidate
24951180,10.1186/1471-2318-14-78,An individually-tailored multifactorial intervention program for older fallers in a middle-income developing country: Malaysian Falls Assessment and Intervention Trial (MyFAIT).,2014,BMC geriatrics,community,balance;digital_home;multidomain,multidomain,Peer-reviewed community/home/primary-care frailty RCT candidate with relevant outcome,High-confidence community/home/primary-care frailty RCT candidate
24381025,10.1093/ageing/aft204,"Effect of a multifactorial, interdisciplinary intervention on risk factors for falls and fall rate in frail older people: a randomised controlled trial.",2014,Age and ageing,community,resistance;balance,exercise_only,Peer-reviewed community/home/primary-care frailty RCT candidate with relevant outcome,High-confidence community/home/primary-care frailty RCT candidate
23906550,10.1093/geront/gnt078,Physical function and fear of falling 2 years after the health-promoting randomized controlled trial: elderly persons in the risk zone.,2014,The Gerontologist,community,balance;aerobic_walking,exercise_only,Peer-reviewed community/home/primary-care frailty RCT candidate with relevant outcome,High-confidence community/home/primary-care frailty RCT candidate
27049906,10.14283/jfa.2014.13,Predicting the Efficacy of Protein-Energy Supplementation in Frail Older Adults Living in Community.,2014,The Journal of frailty & aging,community,nutrition,nutrition_only,Peer-reviewed community/home/primary-care frailty RCT candidate with relevant outcome,High-confidence community/home/primary-care frailty RCT candidate
24742587,10.1093/ageing/afu033,The Home-based Older People's Exercise (HOPE) trial: a pilot randomised controlled trial of a home-based exercise intervention for older people with frailty.,2014,Age and ageing,home,digital_home,digital_home_unclear_intervention,Peer-reviewed community/home/primary-care frailty RCT candidate with relevant outcome,High-confidence community/home/primary-care frailty RCT candidate
23429407,10.1097/MCO.0b013e32835f503f,Intentional weight loss in older adults: useful or wasting disease generating strategy?,2013,Current opinion in clinical nutrition and metabolic care,unclear,resistance;aerobic_walking;nutrition;digital_home,exercise_plus_nutrition,Peer-reviewed community/home/primary-care frailty RCT candidate with relevant outcome,High-confidence community/home/primary-care frailty RCT candidate
22879453,10.1093/gerona/gls167,Preventive effect of protein-energy supplementation on the functional decline of frail older adults with low socioeconomic status: a community-based randomized controlled study.,2013,"The journals of gerontology. Series A, Biological sciences and medical sciences",community,resistance;nutrition,exercise_plus_nutrition,Peer-reviewed community/home/primary-care frailty RCT candidate with relevant outcome,High-confidence community/home/primary-care frailty RCT candidate
23740589,10.1007/s40520-013-0048-3,The effect of functional circuit training on self-reported fear of falling and health status in a group of physically frail older individuals: a randomized controlled trial.,2013,Aging clinical and experimental research,community,resistance;balance,exercise_only,Peer-reviewed community/home/primary-care frailty RCT candidate with relevant outcome,High-confidence community/home/primary-care frailty RCT candidate
23009149,10.1186/1471-2318-12-58,A pilot randomized controlled trial to improve geriatric frailty.,2012,BMC geriatrics,community,nutrition;digital_home,nutrition_only,Peer-reviewed community/home/primary-care frailty RCT candidate with relevant outcome,High-confidence community/home/primary-care frailty RCT candidate
22499461,10.1007/s12603-011-0352-6,Efficacy of a home-based intervention programme on the physical activity level and functional ability of older people using domestic services: a randomised study.,2012,"The journal of nutrition, health & aging",home,balance;aerobic_walking;nutrition;digital_home,exercise_plus_nutrition,Peer-reviewed community/home/primary-care frailty RCT candidate with relevant outcome,High-confidence community/home/primary-care frailty RCT candidate
22744992,10.1002/rnj.25,Wii-hab for pre-frail older adults.,2012,Rehabilitation nursing : the official journal of the Association of Rehabilitation Nurses,community,balance;digital_home,exercise_only,Peer-reviewed community/home/primary-care frailty RCT candidate with relevant outcome,High-confidence community/home/primary-care frailty RCT candidate
21449785,10.1056/NEJMoa1008234,"Weight loss, exercise, or both and physical function in obese older adults.",2011,The New England journal of medicine,unclear,resistance;balance;digital_home,exercise_only,Peer-reviewed community/home/primary-care frailty RCT candidate with relevant outcome,High-confidence community/home/primary-care frailty RCT candidate
20044155,10.1016/j.archger.2009.12.001,Effects of a physical training and nutritional intervention program in frail elderly people regarding habitual physical activity level and activities of daily living--a randomized controlled pilot study.,2010,Archives of gerontology and geriatrics,home,aerobic_walking;nutrition;digital_home,exercise_plus_nutrition,Peer-reviewed community/home/primary-care frailty RCT candidate with relevant outcome,High-confidence community/home/primary-care frailty RCT candidate
20956842,10.1123/japa.18.4.401,The effect of functional circuit training on physical frailty in frail older adults: a randomized controlled trial.,2010,Journal of aging and physical activity,community,resistance;balance,exercise_only,Peer-reviewed community/home/primary-care frailty RCT candidate with relevant outcome,High-confidence community/home/primary-care frailty RCT candidate
20171455,10.1016/S0167-4943(10)70011-X,"The effectiveness of a comprehensive geriatric assessment intervention program for frailty in community-dwelling older people: a randomized, controlled trial.",2010,Archives of gerontology and geriatrics,community,nutrition;digital_home;multidomain,multidomain,Peer-reviewed community/home/primary-care frailty RCT candidate with relevant outcome,High-confidence community/home/primary-care frailty RCT candidate
18804874,10.1016/j.archger.2008.05.011,Comparison of 2-year effects of once and twice weekly water exercise on activities of daily living ability of community dwelling frail elderly.,2009,Archives of gerontology and geriatrics,community,resistance;aerobic_walking,exercise_only,Peer-reviewed community/home/primary-care frailty RCT candidate with relevant outcome,High-confidence community/home/primary-care frailty RCT candidate
19394017,10.1016/j.ijnurstu.2009.03.010,Comparison of three established measures of fear of falling in community-dwelling older adults: psychometric testing.,2009,International journal of nursing studies,community,balance;digital_home,exercise_only,Peer-reviewed community/home/primary-care frailty RCT candidate with relevant outcome,High-confidence community/home/primary-care frailty RCT candidate
18608400,10.1080/09638280701817552,Comparison two-year effects of once-weekly and twice-weekly water exercise on health-related quality of life of community-dwelling frail elderly people at a day-service facility.,2009,Disability and rehabilitation,community,resistance;aerobic_walking,exercise_only,Peer-reviewed community/home/primary-care frailty RCT candidate with relevant outcome,High-confidence community/home/primary-care frailty RCT candidate
18364384,10.1210/jc.2007-1473,Effect of weight loss and exercise therapy on bone metabolism and mass in obese older adults: a one-year randomized controlled trial.,2008,The Journal of clinical endocrinology and metabolism,unclear,balance;multidomain,multidomain,Peer-reviewed community/home/primary-care frailty RCT candidate with relevant outcome,High-confidence community/home/primary-care frailty RCT candidate
18431084,10.1007/BF03324763,Effects of a physical and nutritional intervention program for frail elderly people over age 75. A randomized controlled pilot treatment trial.,2008,Aging clinical and experimental research,community,resistance;balance;aerobic_walking;nutrition,exercise_plus_nutrition,Peer-reviewed community/home/primary-care frailty RCT candidate with relevant outcome,High-confidence community/home/primary-care frailty RCT candidate
17624483,10.2340/16501977-0080,Feasibility and effectiveness of a nurse-led community exercise programme for prevention of falls among frail elderly people: a multi-centre controlled trial.,2007,Journal of rehabilitation medicine,home,balance;nutrition,exercise_plus_nutrition,Peer-reviewed community/home/primary-care frailty RCT candidate with relevant outcome,High-confidence community/home/primary-care frailty RCT candidate
16636211,10.1001/archinte.166.8.860,Effect of weight loss and exercise on frailty in obese older adults.,2006,Archives of internal medicine,unclear,resistance;balance;aerobic_walking;digital_home,exercise_only,Peer-reviewed community/home/primary-care frailty RCT candidate with relevant outcome,High-confidence community/home/primary-care frailty RCT candidate
16813773,10.1016/j.apmr.2006.04.005,Effects of exercise programs on falls and mobility in frail and pre-frail older adults: A multicenter randomized controlled trial.,2006,Archives of physical medicine and rehabilitation,unclear,balance;aerobic_walking;mind_body,exercise_only,Peer-reviewed community/home/primary-care frailty RCT candidate with relevant outcome,High-confidence community/home/primary-care frailty RCT candidate
16510864,10.1093/gerona/61.2.184,"The influence of intense Tai Chi training on physical performance and hemodynamic outcomes in transitionally frail, older adults.",2006,"The journals of gerontology. Series A, Biological sciences and medical sciences",unclear,balance;mind_body,exercise_only,Peer-reviewed community/home/primary-care frailty RCT candidate with relevant outcome,High-confidence community/home/primary-care frailty RCT candidate
15241748,10.1016/j.apmr.2003.10.021,A prehabilitation program for the prevention of functional decline: effect on higher-level physical function.,2004,Archives of physical medicine and rehabilitation,home,digital_home,digital_home_unclear_intervention,Peer-reviewed community/home/primary-care frailty RCT candidate with relevant outcome,High-confidence community/home/primary-care frailty RCT candidate
12588571,10.1046/j.1532-5415.2003.51101.x,"A randomized, controlled trial of quadriceps resistance exercise and vitamin D in frail older people: the Frailty Interventions Trial in Elderly Subjects (FITNESS).",2003,Journal of the American Geriatrics Society,home,resistance;balance;nutrition;digital_home,exercise_plus_nutrition,Peer-reviewed community/home/primary-care frailty RCT candidate with relevant outcome,High-confidence community/home/primary-care frailty RCT candidate
14687360,10.1046/j.1532-5415.2003.51566.x,Selected as the best paper in the 1990s: Reducing frailty and falls in older persons: an investigation of tai chi and computerized balance training.,2003,Journal of the American Geriatrics Society,community,resistance;balance;aerobic_walking;mind_body;digital_home,exercise_only,Peer-reviewed community/home/primary-care frailty RCT candidate with relevant outcome,High-confidence community/home/primary-care frailty RCT candidate
12171453,,"Benefits of nutritional supplementation in free-living, frail, undernourished elderly people: a prospective randomized community trial.",2002,Journal of the American Dietetic Association,community,resistance;nutrition;digital_home,exercise_plus_nutrition,Peer-reviewed community/home/primary-care frailty RCT candidate with relevant outcome,High-confidence community/home/primary-care frailty RCT candidate
12448161,,[Physical training as treatment of reduced functional ability in frail 75+ year-olds living at home. A randomized intervention study in general practice with technological assessment elements].,2002,Ugeskrift for laeger,primary_care,resistance;balance;aerobic_walking;multicomponent_exercise,multicomponent_exercise,Peer-reviewed community/home/primary-care frailty RCT candidate with relevant outcome,High-confidence community/home/primary-care frailty RCT candidate
11427784,10.1097/00005768-200106001-00028,Exercise dose-response effects on quality of life and independent living in older adults.,2001,Medicine and science in sports and exercise,unclear,resistance;aerobic_walking;digital_home,exercise_only,Peer-reviewed community/home/primary-care frailty RCT candidate with relevant outcome,High-confidence community/home/primary-care frailty RCT candidate
11387588,10.1053/apmr.2001.23278,"Physical exercise and/or enriched foods for functional improvement in frail, independently living elderly: a randomized controlled trial.",2001,Archives of physical medicine and rehabilitation,community,nutrition;digital_home,nutrition_only,Peer-reviewed community/home/primary-care frailty RCT candidate with relevant outcome,High-confidence community/home/primary-care frailty RCT candidate
10968301,10.1111/j.1532-5415.2000.tb06894.x,Attrition in an exercise intervention: a comparison of early and later dropouts.,2000,Journal of the American Geriatrics Society,community,aerobic_walking,exercise_only,Peer-reviewed community/home/primary-care frailty RCT candidate with relevant outcome,High-confidence community/home/primary-care frailty RCT candidate
10896013,10.1053/apmr.2000.4425,Low-intensity exercise as a modifier of physical frailty in older adults.,2000,Archives of physical medicine and rehabilitation,home,resistance;balance;digital_home,exercise_only,Peer-reviewed community/home/primary-care frailty RCT candidate with relevant outcome,High-confidence community/home/primary-care frailty RCT candidate
10462167,10.1093/gerona/54.7.m353,Peak aerobic power is an important component of physical performance in older women.,1999,"The journals of gerontology. Series A, Biological sciences and medical sciences",community,aerobic_walking,exercise_only,Peer-reviewed community/home/primary-care frailty RCT candidate with relevant outcome,High-confidence community/home/primary-care frailty RCT candidate
10496549,10.1093/gerona/54.8.m428,The relation between psychometric test performance and physical performance in older adults.,1999,"The journals of gerontology. Series A, Biological sciences and medical sciences",community,unclear,unclear,Peer-reviewed community/home/primary-care frailty RCT candidate with relevant outcome,High-confidence community/home/primary-care frailty RCT candidate
8617895,10.1111/j.1532-5415.1996.tb01432.x,Reducing frailty and falls in older persons: an investigation of Tai Chi and computerized balance training. Atlanta FICSIT Group. Frailty and Injuries: Cooperative Studies of Intervention Techniques.,1996,Journal of the American Geriatrics Society,community,resistance;balance;aerobic_walking;mind_body;digital_home,exercise_only,Peer-reviewed community/home/primary-care frailty RCT candidate with relevant outcome,High-confidence community/home/primary-care frailty RCT candidate
