pmid,doi,title,year,journal,url,priority_reason
41677077,10.1111/acel.70376,A Multidomain Lifestyle Intervention Is Associated With Improved Functional Trajectories and Favorable Changes in Epigenetic Aging Markers in Frail Older Adults: A Randomized Controlled Trial.,2026,Aging cell,https://pubmed.ncbi.nlm.nih.gov/41677077/,Community/primary-care frailty RCT candidate
41757200,10.64898/2026.02.12.26346203,A multi-layered approach to elucidate mechanisms of physical function in response to rehabilitation in heart failure with preserved ejection fraction.,2026,medRxiv : the preprint server for health sciences,https://pubmed.ncbi.nlm.nih.gov/41757200/,Implementation-relevant frailty RCT candidate
41696082,10.1177/20552076261425399,A structured hybrid exercise programme for pre-frail older adults in primary care: A feasibility and pilot study.,2026,Digital health,https://pubmed.ncbi.nlm.nih.gov/41696082/,Community/primary-care frailty RCT candidate
41691463,10.1093/gerona/glag034,Benefits of oral nitrite supplementation on mitochondrial respiration and physical function in older adults.,2026,"The journals of gerontology. Series A, Biological sciences and medical sciences",https://pubmed.ncbi.nlm.nih.gov/41691463/,Community/primary-care frailty RCT candidate
41748043,10.1016/j.exger.2026.113079,Effect of bedrest on the human gut and oral microbiome: implications for frailty.,2026,Experimental gerontology,https://pubmed.ncbi.nlm.nih.gov/41748043/,Community/primary-care frailty RCT candidate
42010888,10.1113/EP093501,"Effect of repeated hot water immersion on muscle strength, power, function and physical activity in healthy older adults: A randomised crossover trial.",2026,Experimental physiology,https://pubmed.ncbi.nlm.nih.gov/42010888/,Community/primary-care frailty RCT candidate
41513837,10.1038/s43856-025-01361-0,Effects of an oral exercise intervention on pre-frailty or frailty in older people: a randomized clinical trial.,2026,Communications medicine,https://pubmed.ncbi.nlm.nih.gov/41513837/,Community/primary-care frailty RCT candidate
41786620,10.1093/ptj/pzag020,Effects of home-based cardiac rehabilitation integrated in the cardiac care bridge transitional care program on the physical functioning of older patients who are frail: secondary analysis of a randomized trial.,2026,Physical therapy,https://pubmed.ncbi.nlm.nih.gov/41786620/,Implementation-relevant frailty RCT candidate
42004413,10.1016/j.jarlif.2026.100069,Effects of multicomponent exercise on frailty in older adults with type 2 diabetes: Differential responses by metabolic frailty phenotype.,2026,JAR life,https://pubmed.ncbi.nlm.nih.gov/42004413/,Community/primary-care frailty RCT candidate
42066553,10.1016/j.ijnurstu.2026.105549,"Effects of pickleball on pre-frailty, physical fitness, 24-hour movement behaviors, and quality of life in older adults: A randomized controlled trial.",2026,International journal of nursing studies,https://pubmed.ncbi.nlm.nih.gov/42066553/,Community/primary-care frailty RCT candidate
41456342,10.1111/jgs.70266,Efficacy of a Multicomponent Intervention for Frailty or Physical Function in Prefrail or Frail Older Adults: FRAILMERIT Multicenter Clinical Trial.,2026,Journal of the American Geriatrics Society,https://pubmed.ncbi.nlm.nih.gov/41456342/,Community/primary-care frailty RCT candidate
41658611,10.3389/fmed.2026.1755508,"Feasibility and acceptability of a remotely delivered, home-based ""exercise snacking"" to improve physical function in community-dwelling older adults: a 28-day pilot study.",2026,Frontiers in medicine,https://pubmed.ncbi.nlm.nih.gov/41658611/,Community/primary-care frailty RCT candidate
41805014,10.1177/1096620X261430172,Fermented Whey Protein Supplement Slows the Progression of Frailty and Sarcopenia Among Older Korean Adults: A Randomized Blinded Trial.,2026,Journal of medicinal food,https://pubmed.ncbi.nlm.nih.gov/41805014/,Community/primary-care frailty RCT candidate
42131895,10.1002/jcsm.70306,Home-Based Intervention to Prevent Functional Decline in (Pre)frail Older Adults: The PromeTheus Randomized Controlled Trial.,2026,"Journal of cachexia, sarcopenia and muscle",https://pubmed.ncbi.nlm.nih.gov/42131895/,Community/primary-care frailty RCT candidate
41335421,10.1001/jamasurg.2025.5288,Home-Based Prehabilitation for Older Surgical Patients With Frailty: A Randomized Clinical Trial.,2026,JAMA surgery,https://pubmed.ncbi.nlm.nih.gov/41335421/,Implementation-relevant frailty RCT candidate
41548385,10.1016/j.maturitas.2026.108832,Home-based exercise reduces fall risk in older adults with mild cognitive impairment who have sustained a hip fracture: A 6-month randomized controlled trial.,2026,Maturitas,https://pubmed.ncbi.nlm.nih.gov/41548385/,Community/primary-care frailty RCT candidate
41190491,10.1177/01939459251384714,Impacts of (Pre-)Social Frailty on the Effectiveness of a Theory-Driven Exercise Intervention Among Community-Dwelling (Pre-)Physically Frail Older Adults.,2026,Western journal of nursing research,https://pubmed.ncbi.nlm.nih.gov/41190491/,Community/primary-care frailty RCT candidate
39731555,10.1080/07317115.2024.2447829,Impacts of Depressive Symptoms on the Effectiveness of a Theory-Driven Exercise Intervention Among Community-Dwelling (Pre)frail Older Adults.,2026,Clinical gerontologist,https://pubmed.ncbi.nlm.nih.gov/39731555/,Community/primary-care frailty RCT candidate
41860332,10.2196/77816,Leveraging Digital Health Technologies to Assess Older Adults' Frailty and Nutritional Status: Two Cross-Sectional Studies.,2026,JMIR aging,https://pubmed.ncbi.nlm.nih.gov/41860332/,Community/primary-care frailty RCT candidate
41812966,10.1016/j.ahj.2026.107420,Physical rehabilitation for older patients with acute HFpEF (REHAB-HFpEF) trial: Design and rationale.,2026,American heart journal,https://pubmed.ncbi.nlm.nih.gov/41812966/,Implementation-relevant frailty RCT candidate
41509872,10.1177/20552076251410995,South Korean study to prevent the progression of frailty and aging-related diseases using a digital multidomain intervention (SUPERAGING): Protocol of a feasibility pilot study.,2026,Digital health,https://pubmed.ncbi.nlm.nih.gov/41509872/,Community/primary-care frailty RCT candidate
41397660,10.1016/j.exger.2025.113002,Strength but not power training increases soluble alpha klotho levels in pre-frail older adults.,2026,Experimental gerontology,https://pubmed.ncbi.nlm.nih.gov/41397660/,Community/primary-care frailty RCT candidate
41485179,10.1007/s40520-025-03313-z,Swedish massage versus hip strengthening exercises for pain and function in older adults with knee osteoarthritis: a randomized controlled trial.,2026,Aging clinical and experimental research,https://pubmed.ncbi.nlm.nih.gov/41485179/,Community/primary-care frailty RCT candidate
41796126,10.1038/s41598-026-38989-4,The ActivLife exergame rehabilitation program improves functional abilities in pre-frail and frail older adults: a clinical trial.,2026,Scientific reports,https://pubmed.ncbi.nlm.nih.gov/41796126/,Community/primary-care frailty RCT candidate
41386386,10.1016/j.exger.2025.112995,The effect of exercise and soy protein intake on physical frailty score improvement in community-dwelling elderly: a randomized controlled trial.,2026,Experimental gerontology,https://pubmed.ncbi.nlm.nih.gov/41386386/,Community/primary-care frailty RCT candidate
41580594,10.1186/s12877-025-06967-6,The effectiveness of a nation-wide implemented fall prevention intervention in the Netherlands in reducing falls and fall-related injuries among community-dwelling older adults with an increased risk of falls: a randomized controlled trial.,2026,BMC geriatrics,https://pubmed.ncbi.nlm.nih.gov/41580594/,Community/primary-care frailty RCT candidate
41851641,10.1186/s12877-026-07275-3,"The role of sleep disorders in the motoric and cognitive trajectories of older physically frail sarcopenic and healthy active subjects: SOMNUS-DARE, a prospective cohort study.",2026,BMC geriatrics,https://pubmed.ncbi.nlm.nih.gov/41851641/,Community/primary-care frailty RCT candidate
39652737,10.1519/JSC.0000000000004941,A 24-Week Combined Resistance and Balance Training Program Improves Physical Function in Older Adults: A Randomized Controlled Trial.,2025,Journal of strength and conditioning research,https://pubmed.ncbi.nlm.nih.gov/39652737/,Community/primary-care frailty RCT candidate
40695991,10.1038/s41746-025-01873-y,A randomized controlled trial of mobile intervention using health support bubbles to prevent social frailty.,2025,NPJ digital medicine,https://pubmed.ncbi.nlm.nih.gov/40695991/,Implementation-relevant frailty RCT candidate
39754159,10.1186/s12906-024-04732-7,A randomized controlled trial to assess the efficacy of standardized tai chi in prefrail older adults with immunosenescence: design and protocol.,2025,BMC complementary medicine and therapies,https://pubmed.ncbi.nlm.nih.gov/39754159/,Community/primary-care frailty RCT candidate
39626407,10.1016/j.physio.2024.101449,Acceptability and utility of a broad test battery to evaluate physical functioning and frailty in community-based settings for people experiencing homelessness and addiction-Findings from the LEAP trials.,2025,Physiotherapy,https://pubmed.ncbi.nlm.nih.gov/39626407/,Community/primary-care frailty RCT candidate
39855890,10.1016/j.tjfa.2024.100005,"Age Self Care-Resilience, a medical group visit program targeting pre-frailty: A mixed methods pilot clinical trial.",2025,The Journal of frailty & aging,https://pubmed.ncbi.nlm.nih.gov/39855890/,Community/primary-care frailty RCT candidate
40445966,10.1371/journal.pone.0323501,Block strength training based on age-related functional consequences in older women.,2025,PloS one,https://pubmed.ncbi.nlm.nih.gov/40445966/,Community/primary-care frailty RCT candidate
40015296,10.1016/j.lanhl.2024.100670,"Clinical and cost-effectiveness of a home-based health promotion intervention for older people with mild frailty in England: a multicentre, parallel-group, randomised controlled trial.",2025,The lancet. Healthy longevity,https://pubmed.ncbi.nlm.nih.gov/40015296/,Implementation-relevant frailty RCT candidate
40977239,10.1071/PY24197,Effect of a combined exercise and nutrition program on sarcopenia in older adults: a randomised controlled trial in primary care.,2025,Australian journal of primary health,https://pubmed.ncbi.nlm.nih.gov/40977239/,Community/primary-care frailty RCT candidate
39561465,10.1016/j.maturitas.2024.108151,Effect of a home-based exercise program on subsequent falls among community-dwelling older adults with cognitive frailty: A sub-group analysis of a randomized controlled trial.,2025,Maturitas,https://pubmed.ncbi.nlm.nih.gov/39561465/,Community/primary-care frailty RCT candidate
40969786,10.3389/fmed.2025.1573384,Effect of a multicomponent intervention on institutionalization-free survival in older adults with sarcopenia: a,2025,Frontiers in medicine,https://pubmed.ncbi.nlm.nih.gov/40969786/,Community/primary-care frailty RCT candidate
40527119,10.1016/j.clnu.2025.05.016,"Effect of aerobic or resistance exercise, or both on insulin secretion, ciliary neurotrophic factor, and insulin-like growth factor-1 in dieting older adults with obesity.",2025,"Clinical nutrition (Edinburgh, Scotland)",https://pubmed.ncbi.nlm.nih.gov/40527119/,Implementation-relevant frailty RCT candidate
39580545,10.1038/s41430-024-01547-0,Effect of individually tailored nutritional counseling on frailty status in older adults with protein-energy malnutrition or risk of it: an intervention study among home care clients.,2025,European journal of clinical nutrition,https://pubmed.ncbi.nlm.nih.gov/39580545/,Community/primary-care frailty RCT candidate
40221873,10.1002/jpen.2749,Effect of protein and amino acids supplements on muscle strength and physical performance: A scoping review of randomized controlled trials.,2025,JPEN. Journal of parenteral and enteral nutrition,https://pubmed.ncbi.nlm.nih.gov/40221873/,Community/primary-care frailty RCT candidate
39500251,10.1016/j.ijnurstu.2024.104933,Effectiveness of a theory-underpinning exercise intervention among community-dwelling (pre)frail older adults: A stepped-wedge cluster-randomized trial.,2025,International journal of nursing studies,https://pubmed.ncbi.nlm.nih.gov/39500251/,Community/primary-care frailty RCT candidate
40716056,10.1111/psyg.70067,Effects of Pole-Assisted Multicomponent Exercise on Preventing Frailty Among Older Adults in Japan: A Quasi-Experimental Study.,2025,Psychogeriatrics : the official journal of the Japanese Psychogeriatric Society,https://pubmed.ncbi.nlm.nih.gov/40716056/,Implementation-relevant frailty RCT candidate
39871464,10.12659/MSM.947105,Effects of Remote Exercise on Physical Function in Pre-Frail Older Adults: A Randomized Controlled Trial.,2025,Medical science monitor : international medical journal of experimental and clinical research,https://pubmed.ncbi.nlm.nih.gov/39871464/,Community/primary-care frailty RCT candidate
39997521,10.3390/geriatrics10010022,Effects of Twelve Weeks of Square Stepping Exercises on Physical and Cognitive Function and Plasma Content of SMP30: A Randomised Control Trial.,2025,"Geriatrics (Basel, Switzerland)",https://pubmed.ncbi.nlm.nih.gov/39997521/,Community/primary-care frailty RCT candidate
40616927,10.1016/j.gerinurse.2025.103457,Effects of a nurse-led health coaching program to prevent frailty in prefrail older women: A randomized controlled trial.,2025,"Geriatric nursing (New York, N.Y.)",https://pubmed.ncbi.nlm.nih.gov/40616927/,Community/primary-care frailty RCT candidate
41035820,10.3389/fnagi.2025.1639245,Effects of exercise-cognitive dual-task training on cognitive frailty in older adults: a randomized controlled trial.,2025,Frontiers in aging neuroscience,https://pubmed.ncbi.nlm.nih.gov/41035820/,Community/primary-care frailty RCT candidate
39798411,10.1016/j.gerinurse.2024.12.010,Effects of interactive boxing-cycling on dual-task walking and prefrontal cortex activation in older adults with cognitive frailty: A randomized controlled trial.,2025,"Geriatric nursing (New York, N.Y.)",https://pubmed.ncbi.nlm.nih.gov/39798411/,Community/primary-care frailty RCT candidate
39736420,10.1016/j.exger.2024.112670,Effects of the Vivifrail-B multicomponent exercise program based on society ecosystems theory on physical function in community-dwelling frail older adults: A randomized controlled trial.,2025,Experimental gerontology,https://pubmed.ncbi.nlm.nih.gov/39736420/,Community/primary-care frailty RCT candidate
40024357,10.1016/j.physbeh.2025.114868,"Examining the impact of 28-week multicomponent and strength exercises on brain health, salivary stress, and mental well-being in frail older women: A controlled trial analysis.",2025,Physiology & behavior,https://pubmed.ncbi.nlm.nih.gov/40024357/,Community/primary-care frailty RCT candidate
41313689,10.1016/j.tjfa.2025.100106,"Exploratory functional and quality of life outcomes with daily consumption of the ketone ester bis-octanoyl (R)-1,3-butanediol in healthy older adults: a randomized, parallel arm, double-blind, placebo-controlled study.",2025,The Journal of frailty & aging,https://pubmed.ncbi.nlm.nih.gov/41313689/,Community/primary-care frailty RCT candidate
40616957,10.1016/j.ygyno.2025.06.020,Fit4Surgery: A pilot randomized controlled trial to assess the feasibility of prehabilitation prior to debulking surgery for ovarian cancer.,2025,Gynecologic oncology,https://pubmed.ncbi.nlm.nih.gov/40616957/,Community/primary-care frailty RCT candidate
40367490,10.2196/65636,"Frailty, Fitness, and Quality of Life Outcomes of a Healthy and Productive Aging Program (GrandMove) for Older Adults With Frailty or Prefrailty: Cluster Randomized Controlled Trial.",2025,JMIR aging,https://pubmed.ncbi.nlm.nih.gov/40367490/,Community/primary-care frailty RCT candidate
40042971,10.1016/j.tjfa.2025.100028,Getting fit for hip and knee replacement: The Fit-Joints multimodal intervention for frail patients with osteoarthritis - a pilot randomized controlled trial.,2025,The Journal of frailty & aging,https://pubmed.ncbi.nlm.nih.gov/40042971/,Community/primary-care frailty RCT candidate
39743381,10.1016/j.jnha.2024.100401,Global consensus on optimal exercise recommendations for enhancing healthy longevity in older adults (ICFSR).,2025,"The journal of nutrition, health & aging",https://pubmed.ncbi.nlm.nih.gov/39743381/,Implementation-relevant frailty RCT candidate
41299266,10.1186/s12877-025-06649-3,Hospital-community continuity of care in fragile patients before and after major surgery-an exploratory case control study.,2025,BMC geriatrics,https://pubmed.ncbi.nlm.nih.gov/41299266/,Community/primary-care frailty RCT candidate
41120990,10.1186/s12877-025-06471-x,Impact of a functional gait training program as a complementary strategy to improve physical function in older adults: a randomized clinical trial.,2025,BMC geriatrics,https://pubmed.ncbi.nlm.nih.gov/41120990/,Community/primary-care frailty RCT candidate
41946023,10.1016/j.physio.2025.101873,Impact of a physiotherapy-led low threshold exercise and protein supplementation intervention to optimise physical function and target frailty in people experiencing homelessness and addiction: The LEAP-II trial.,2025,Physiotherapy,https://pubmed.ncbi.nlm.nih.gov/41946023/,Community/primary-care frailty RCT candidate
40121126,10.1016/j.jagp.2025.02.014,"Improvements in Depressive Symptoms, Perceived Social Support, and Quality of Life Through an Educational Program in Community-Dwelling Older Adults With Frailty Phenotype: A Randomized Controlled Trial of the FRAGSALUD Project.",2025,The American journal of geriatric psychiatry : official journal of the American Association for Geriatric Psychiatry,https://pubmed.ncbi.nlm.nih.gov/40121126/,Community/primary-care frailty RCT candidate
39954533,10.1016/j.jnha.2025.100512,Long-term frailty and physical performance transitions in older people with type-2 diabetes. The MIDFRAIL randomized clinical study.,2025,"The journal of nutrition, health & aging",https://pubmed.ncbi.nlm.nih.gov/39954533/,Community/primary-care frailty RCT candidate
40147475,10.1016/j.lanhl.2025.100695,"Metformin and physical performance in older people with probable sarcopenia and physical prefrailty or frailty in England (MET-PREVENT): a double-blind, randomised, placebo-controlled trial.",2025,The lancet. Healthy longevity,https://pubmed.ncbi.nlm.nih.gov/40147475/,Community/primary-care frailty RCT candidate
40749218,10.2196/76357,Mixed Reality-Based Physical Therapy in Older Adults With Sarcopenia: Preliminary Randomized Controlled Trial.,2025,JMIR serious games,https://pubmed.ncbi.nlm.nih.gov/40749218/,Community/primary-care frailty RCT candidate
41370708,10.1080/09638288.2025.2597357,Multicomponent physical exercise program among community-dwelling older adults who are users of home care services: a quasi-experimental pilot study.,2025,Disability and rehabilitation,https://pubmed.ncbi.nlm.nih.gov/41370708/,Community/primary-care frailty RCT candidate
40297922,10.1080/07853890.2025.2496409,Multidomain intervention for delaying aging in community-dwelling older adults (MIDA): study design and protocol.,2025,Annals of medicine,https://pubmed.ncbi.nlm.nih.gov/40297922/,Community/primary-care frailty RCT candidate
41103092,10.1080/21551197.2025.2572678,Nutritional Guidance Decreases the Prevalence of Frailty Among Older Caregivers.,2025,Journal of nutrition in gerontology and geriatrics,https://pubmed.ncbi.nlm.nih.gov/41103092/,Implementation-relevant frailty RCT candidate
40471669,10.2196/69259,"Outdoor Exercise Facility-Based Integrative Mobile Health Intervention to Support Physical Activity, Mental Well-Being, and Exercise Self-Efficacy Among Older Adults With Prefrailty and Frailty in Hong Kong: Pilot Feasibility Randomized Controlled Trial Study.",2025,JMIR mHealth and uHealth,https://pubmed.ncbi.nlm.nih.gov/40471669/,Community/primary-care frailty RCT candidate
40005003,10.3390/nu17040675,"Personalized Diet With or Without Physical Exercise Improves Nutritional Status, Muscle Strength, Physical Performance, and Quality of Life in Malnourished Older Adults: A Prospective Randomized Controlled Study.",2025,Nutrients,https://pubmed.ncbi.nlm.nih.gov/40005003/,Community/primary-care frailty RCT candidate
40121486,10.1186/s13102-025-01105-6,Psychophysiological effects of a supervised home-based resistance band exercise program in pre-frail older patients with type 2 diabetes mellitus: a randomized controlled trial.,2025,"BMC sports science, medicine & rehabilitation",https://pubmed.ncbi.nlm.nih.gov/40121486/,Community/primary-care frailty RCT candidate
40900147,10.1097/jnr.0000000000000698,Pulmonary Rehabilitation Exercise Package for Enhancing Health in Elderly COPD Patients With Frailty: An Experimental Study.,2025,The journal of nursing research : JNR,https://pubmed.ncbi.nlm.nih.gov/40900147/,Community/primary-care frailty RCT candidate
40213793,10.1253/circrep.CR-24-0091,Randomised Crossover Trial of Home-Based Neuromuscular Electrical Stimulation Therapy as an Adjunct to Cardiac Rehabilitation in Frail Older Adult Patients With Chronic Heart Failure.,2025,Circulation reports,https://pubmed.ncbi.nlm.nih.gov/40213793/,Implementation-relevant frailty RCT candidate
40514302,10.1016/j.tjpad.2025.100231,Tailoring multidomain intervention programs to reduce cognitive and physical decline in older adults: Examining rural-urban differences in a nationwide cluster-randomized controlled trial.,2025,The journal of prevention of Alzheimer's disease,https://pubmed.ncbi.nlm.nih.gov/40514302/,Community/primary-care frailty RCT candidate
41095572,10.3390/healthcare13192486,Targeted Physical Function Exercises for Frailty and Falls Management in Pre-Frail Community-Dwelling Older Adults: A Randomized Controlled Trial.,2025,"Healthcare (Basel, Switzerland)",https://pubmed.ncbi.nlm.nih.gov/41095572/,Community/primary-care frailty RCT candidate
40361174,10.1186/s13195-025-01722-w,"The cost effectiveness of a multidomain intervention on physical, cognitive, vascular, dietary and psychosocial outcomes among community dwelling older adults with cognitive frailty in Malaysia: The AGELESS Trial.",2025,Alzheimer's research & therapy,https://pubmed.ncbi.nlm.nih.gov/40361174/,Community/primary-care frailty RCT candidate
40938877,10.1371/journal.pone.0323923,The impact of outdoor walking interventions on frailty among older adults with mobility limitations: Findings from the Getting Older Adults Outdoors (GO-OUT) study.,2025,PloS one,https://pubmed.ncbi.nlm.nih.gov/40938877/,Community/primary-care frailty RCT candidate
41354090,10.1093/ageing/afaf345,Why didn't the senior citizen cross the road? Gait speed in community-dwelling older adults with mobility limitations relative to pedestrian crossing times.,2025,Age and ageing,https://pubmed.ncbi.nlm.nih.gov/41354090/,Community/primary-care frailty RCT candidate
39354527,10.1186/s13063-024-08490-2,"A single-center, double-blind, randomized, placebo-controlled, two-arm study to evaluate the safety and efficacy of once-weekly sirolimus (rapamycin) on muscle strength and endurance in older adults following a 13-week exercise program.",2024,Trials,https://pubmed.ncbi.nlm.nih.gov/39354527/,Community/primary-care frailty RCT candidate
38727090,10.1111/appy.12556,Changes in cognitive function after a 12-week POWER rehabilitation in older adults with schizophrenia and frailty.,2024,Asia-Pacific psychiatry : official journal of the Pacific Rim College of Psychiatrists,https://pubmed.ncbi.nlm.nih.gov/38727090/,Community/primary-care frailty RCT candidate
39583027,10.7224/1537-2073.2023-085,Cognitive Function in Frail Older Adults With Multiple Sclerosis: An Exploratory Study Using Secondary Data Analysis.,2024,International journal of MS care,https://pubmed.ncbi.nlm.nih.gov/39583027/,Implementation-relevant frailty RCT candidate
39478450,10.1186/s12877-024-05464-6,Combining motivational and exercise intervention components to reverse pre-frailty and promote self-efficacy among community-dwelling pre-frail older adults: a randomized controlled trial.,2024,BMC geriatrics,https://pubmed.ncbi.nlm.nih.gov/39478450/,Community/primary-care frailty RCT candidate
39166366,10.1111/ggi.14960,"Correction to ""Effect of cholecalciferol supplementation on hand grip strength, walking speed, and expression of vitamin D receptor, interleukin-6, and insulin-like growth factor-1 in monocyte in pre-frail older adults: A randomized double-blind placebo-controlled trial"".",2024,Geriatrics & gerontology international,https://pubmed.ncbi.nlm.nih.gov/39166366/,Community/primary-care frailty RCT candidate
38644647,10.1111/ggi.14881,"Effect of cholecalciferol supplementation on hand grip strength, walking speed, and expression of vitamin D receptor, interleukin-6, and insulin-like growth factor-1 in monocyte in pre-frail older adults: A randomized double-blind placebo-controlled trial.",2024,Geriatrics & gerontology international,https://pubmed.ncbi.nlm.nih.gov/38644647/,Community/primary-care frailty RCT candidate
38691121,10.3928/00989134-20240416-04,"Effectiveness of Resistance Band Use in Conjunction With Tai Chi Among Older Adults With Prefrailty to Improve Functional Fitness, Quality of Life, and Heart Rate Variability.",2024,Journal of gerontological nursing,https://pubmed.ncbi.nlm.nih.gov/38691121/,Community/primary-care frailty RCT candidate
39390362,10.1186/s11556-024-00363-6,Effectiveness of community-based Baduanjin exercise intervention for older adults with varying frailty status: a randomized controlled trial.,2024,European review of aging and physical activity : official journal of the European Group for Research into Elderly and Physical Activity,https://pubmed.ncbi.nlm.nih.gov/39390362/,Community/primary-care frailty RCT candidate
39259959,10.2196/57809,Effects of Virtual Reality Motor-Cognitive Training for Older People With Cognitive Frailty: Multicentered Randomized Controlled Trial.,2024,Journal of medical Internet research,https://pubmed.ncbi.nlm.nih.gov/39259959/,Community/primary-care frailty RCT candidate
39259383,10.1007/s41999-024-01052-4,"Effects of a multicomponent training and detraining on frailty status, physical activity level, sedentary behavior patterns and physical performance of pre-frail older adults: a randomized controlled trial.",2024,European geriatric medicine,https://pubmed.ncbi.nlm.nih.gov/39259383/,Community/primary-care frailty RCT candidate
39371165,10.1101/2024.09.17.24313811,"Exploratory functional and quality of life outcomes with daily consumption of the ketone ester bis-octanoyl (R)-1,3-butanediol in healthy older adults: a randomized, parallel arm, double-blind, placebo-controlled study.",2024,medRxiv : the preprint server for health sciences,https://pubmed.ncbi.nlm.nih.gov/39371165/,Community/primary-care frailty RCT candidate
38228054,10.1016/j.jgo.2024.101703,How representative are participants in geriatric oncology clinical trials? The case of the 5C RCT in geriatric oncology: A cross-sectional comparison to a geriatric oncology clinic.,2024,Journal of geriatric oncology,https://pubmed.ncbi.nlm.nih.gov/38228054/,Community/primary-care frailty RCT candidate
39182446,10.1016/j.jpsychires.2024.08.029,Impacts of subjective cognitive decline and mild cognitive impairment on the effectiveness of an exercise intervention among community-dwelling (Pre)frail older adults.,2024,Journal of psychiatric research,https://pubmed.ncbi.nlm.nih.gov/39182446/,Community/primary-care frailty RCT candidate
38479253,10.1016/j.rehab.2024.101819,Interactive boxing-cycling on frailty and activity limitations in frail and prefrail older adults: A randomized controlled trial.,2024,Annals of physical and rehabilitation medicine,https://pubmed.ncbi.nlm.nih.gov/38479253/,Community/primary-care frailty RCT candidate
38866571,10.1136/bmjopen-2023-082155,"Is home-based, virtually delivered, group exercise feasible and acceptable for older patients with hepatocellular carcinoma? A non-randomised feasibility study (TELEX-Liver Cancer).",2024,BMJ open,https://pubmed.ncbi.nlm.nih.gov/38866571/,Community/primary-care frailty RCT candidate
39350375,10.14283/jpad.2024.111,Multidomain Intervention for the Reversal of Cognitive Frailty Using a Personalized Approach (AGELESS Trial): Recruitment and Baseline Characteristics of Participants.,2024,The journal of prevention of Alzheimer's disease,https://pubmed.ncbi.nlm.nih.gov/39350375/,Implementation-relevant frailty RCT candidate
38783180,10.1186/s12877-024-05079-x,Older people's perception of being frail - a qualitative exploration.,2024,BMC geriatrics,https://pubmed.ncbi.nlm.nih.gov/38783180/,Implementation-relevant frailty RCT candidate
39286985,10.1172/JCI176507,"Prebiotics improve frailty status in community-dwelling older individuals in a double-blind, randomized, controlled trial.",2024,The Journal of clinical investigation,https://pubmed.ncbi.nlm.nih.gov/39286985/,Community/primary-care frailty RCT candidate
38780837,10.1007/s40520-024-02775-x,Prevention at home in older persons with (pre-)frailty: analysis of participants' recruitment and characteristics of the randomized controlled PromeTheus trial.,2024,Aging clinical and experimental research,https://pubmed.ncbi.nlm.nih.gov/38780837/,Community/primary-care frailty RCT candidate
38052302,10.1016/j.cjca.2023.11.037,Protein and Exercise to Reverse Frailty in Older Men and Women Undergoing Transcatheter Aortic Valve Replacement: Design of the PERFORM-TAVR Trial.,2024,The Canadian journal of cardiology,https://pubmed.ncbi.nlm.nih.gov/38052302/,Implementation-relevant frailty RCT candidate
38576769,10.1177/20543581241234724,Randomized Controlled Trial of the Effect of an Exercise Rehabilitation Program on Symptom Burden in Maintenance Hemodialysis: A Clinical Research Protocol.,2024,Canadian journal of kidney health and disease,https://pubmed.ncbi.nlm.nih.gov/38576769/,Implementation-relevant frailty RCT candidate
38251739,10.1093/ageing/afad253,Response rates and associated factors after a multicomponent intervention in frail older adults with diabetes.,2024,Age and ageing,https://pubmed.ncbi.nlm.nih.gov/38251739/,Community/primary-care frailty RCT candidate
39064319,10.3390/jcm13144279,Telerehabilitation: Vestibular Physiotherapy vs. Multicomponent Exercise for Functional Improvement in Older Adults: Randomized Clinical Trial.,2024,Journal of clinical medicine,https://pubmed.ncbi.nlm.nih.gov/39064319/,Community/primary-care frailty RCT candidate
39671585,10.2196/60155,The Effect of the Mediterranean Diet-Integrated Gamified Home-Based Cognitive-Nutritional (GAHOCON) Training Programme for Older People With Cognitive Frailty: Pilot Randomized Controlled Trial.,2024,JMIR rehabilitation and assistive technologies,https://pubmed.ncbi.nlm.nih.gov/39671585/,Implementation-relevant frailty RCT candidate
39574284,10.14283/jfa.2024.32,The Efficacy of 12-Week Progressive Home-Based Strength and Tai-Chi Exercise Snacking in Older Adults: A Mixed-Method Exploratory Randomised Control Trial.,2024,The Journal of frailty & aging,https://pubmed.ncbi.nlm.nih.gov/39574284/,Community/primary-care frailty RCT candidate
39482612,10.1186/s12877-024-05457-5,The WE-RISE™ multi-domain intervention: a feasibility study for the potential reversal of cognitive frailty in Malaysian older persons of lower socioeconomic status.,2024,BMC geriatrics,https://pubmed.ncbi.nlm.nih.gov/39482612/,Implementation-relevant frailty RCT candidate
39211745,10.3389/fragi.2024.1376825,"Underweight, overweight, and weight change in older family caregivers and their care recipients: longitudinal evidence from a randomized controlled trial.",2024,Frontiers in aging,https://pubmed.ncbi.nlm.nih.gov/39211745/,Implementation-relevant frailty RCT candidate
38430497,,Verification of the Effects of a YouTube-Based Home-Based (Self-Managed Intervention) Training System Developed for Frailty Prevention: A Pilot Study.,2024,Journal of allied health,https://pubmed.ncbi.nlm.nih.gov/38430497/,Community/primary-care frailty RCT candidate
39647881,10.3143/geriatrics.61.447,[The difference in effect between individual exercise and collective exercise in older adults with frailty-A randomized controlled trial].,2024,Nihon Ronen Igakkai zasshi. Japanese journal of geriatrics,https://pubmed.ncbi.nlm.nih.gov/39647881/,Community/primary-care frailty RCT candidate
36426763,10.1111/ggi.14511,"Adherence, safety and potential effectiveness of a home-based Radio-Taiso exercise program in older adults with frailty: A pilot randomized controlled trial.",2023,Geriatrics & gerontology international,https://pubmed.ncbi.nlm.nih.gov/36426763/,Community/primary-care frailty RCT candidate
36849160,10.1093/ageing/afad012,Building resilience and reversing frailty: a randomised controlled trial of a primary care intervention for older adults.,2023,Age and ageing,https://pubmed.ncbi.nlm.nih.gov/36849160/,Community/primary-care frailty RCT candidate
34889703,10.1080/09638288.2021.2012844,Conceptualization of frailty in rehabilitation interventions with adults: a scoping review.,2023,Disability and rehabilitation,https://pubmed.ncbi.nlm.nih.gov/34889703/,Implementation-relevant frailty RCT candidate
35226732,10.1093/gerona/glac055,Development and Validation of a Cutoff for the Chair Stand Test as a Screening for Mobility Impairment in the Context of the Integrated Care for Older People Program.,2023,"The journals of gerontology. Series A, Biological sciences and medical sciences",https://pubmed.ncbi.nlm.nih.gov/35226732/,Community/primary-care frailty RCT candidate
37875291,10.1002/jcsm.13359,Dose-response effects of resistance training on physical function in frail older Chinese adults: A randomized controlled trial.,2023,"Journal of cachexia, sarcopenia and muscle",https://pubmed.ncbi.nlm.nih.gov/37875291/,Community/primary-care frailty RCT candidate
36673644,10.3390/healthcare11020276,Effect of the Active Aging-in-Place-Rehabilitation Nursing Program: A Randomized Controlled Trial.,2023,"Healthcare (Basel, Switzerland)",https://pubmed.ncbi.nlm.nih.gov/36673644/,Community/primary-care frailty RCT candidate
34417416,10.1519/JPT.0000000000000326,Effectiveness of a Supervised Group-Based Otago Exercise Program on Functional Performance in Frail Institutionalized Older Adults: A Multicenter Randomized Controlled Trial.,2023,Journal of geriatric physical therapy (2001),https://pubmed.ncbi.nlm.nih.gov/34417416/,Community/primary-care frailty RCT candidate
37026833,10.1097/PHM.0000000000002246,Effects of Exercise Interventions on Physical Performance and Activities of Daily Living in Oldest-Old and Frail Older Adults: A Review of the Literature.,2023,American journal of physical medicine & rehabilitation,https://pubmed.ncbi.nlm.nih.gov/37026833/,Community/primary-care frailty RCT candidate
37240869,10.3390/life13051224,"Effects of High-Intensity Functional Training (HIFT) on the Functional Capacity, Frailty, and Physical Condition of Older Adults with Mild Cognitive Impairment: A Blind Randomized Controlled Clinical Trial.",2023,"Life (Basel, Switzerland)",https://pubmed.ncbi.nlm.nih.gov/37240869/,Community/primary-care frailty RCT candidate
36629088,10.14283/jfa.2022.48,"Effects of Vitamin D, Omega-3 Fatty Acids and a Home Exercise Program on Prevention of Pre-Frailty in Older Adults: The DO-HEALTH Randomized Clinical Trial.",2023,The Journal of frailty & aging,https://pubmed.ncbi.nlm.nih.gov/36629088/,Community/primary-care frailty RCT candidate
37328797,10.1186/s12877-023-04080-0,Effects of an individualised exercise programme plus Behavioural Change Enhancement (BCE) strategies for managing fatigue in frail older adults: a cluster randomised controlled trial.,2023,BMC geriatrics,https://pubmed.ncbi.nlm.nih.gov/37328797/,Community/primary-care frailty RCT candidate
37111195,10.3390/nu15081976,"Efficacy of Dietary Intervention with Group Activities on Dietary Intakes, Frailty Status, and Working Memory: A Cluster-Randomized Controlled Trial in Community Strongholds.",2023,Nutrients,https://pubmed.ncbi.nlm.nih.gov/37111195/,Community/primary-care frailty RCT candidate
36528997,10.1016/j.gerinurse.2022.11.019,Efficacy of a multicomponent exercise training program intervention in community-dwelling older adults during the COVID-19 pandemic: A cluster randomized controlled trial.,2023,"Geriatric nursing (New York, N.Y.)",https://pubmed.ncbi.nlm.nih.gov/36528997/,Community/primary-care frailty RCT candidate
37997084,10.1016/S0140-6736(23)02071-8,Enabling health and maintaining independence for older people at home (HomeHealth trial): a multicentre randomised controlled trial.,2023,"Lancet (London, England)",https://pubmed.ncbi.nlm.nih.gov/37997084/,Community/primary-care frailty RCT candidate
36525074,10.1519/JPT.0000000000000334,"Home-Based Health Care Interventions for People Aged 75 Years and Above With Chronic, Noninflammatory Musculoskeletal Pain: A Scoping Review.",2023,Journal of geriatric physical therapy (2001),https://pubmed.ncbi.nlm.nih.gov/36525074/,Community/primary-care frailty RCT candidate
37960913,10.1007/s12603-023-1991-0,Hybrid Exercise Program Enhances Physical Fitness and Reverses Frailty in Older Adults: Insights and Predictions from Machine Learning.,2023,"The journal of nutrition, health & aging",https://pubmed.ncbi.nlm.nih.gov/37960913/,Community/primary-care frailty RCT candidate
37357328,10.1007/s12603-023-1928-7,"Impact of Exercise and Cognitive Stimulation Therapy on Physical Function, Cognition and Muscle Mass in Pre-Frail Older Adults in the Primary Care Setting: A Cluster Randomized Controlled Trial.",2023,"The journal of nutrition, health & aging",https://pubmed.ncbi.nlm.nih.gov/37357328/,Community/primary-care frailty RCT candidate
38111605,10.3389/fnut.2023.1284497,Medium-chain triglycerides (8:0 and 10:0) increase muscle mass and function in frail older adults: a combined data analysis of clinical trials.,2023,Frontiers in nutrition,https://pubmed.ncbi.nlm.nih.gov/38111605/,Community/primary-care frailty RCT candidate
37325959,10.1093/gerona/glad024,Optimizing the Design of Clinical Trials to Evaluate the Efficacy of Function-Promoting Therapies.,2023,"The journals of gerontology. Series A, Biological sciences and medical sciences",https://pubmed.ncbi.nlm.nih.gov/37325959/,Community/primary-care frailty RCT candidate
36266559,10.1007/s11357-022-00674-5,Pre-frail older adults show improved cognition with StayFitLonger computerized home-based training: a randomized controlled trial.,2023,GeroScience,https://pubmed.ncbi.nlm.nih.gov/36266559/,Community/primary-care frailty RCT candidate
36636457,10.2147/CIA.S391700,Protein-Added Healthy Lunch-Boxes Combined with Exercise for Improving Physical Fitness and Vascular Function in Pre-Frail Older Women: A Community-Based Randomized Controlled Trial.,2023,Clinical interventions in aging,https://pubmed.ncbi.nlm.nih.gov/36636457/,Community/primary-care frailty RCT candidate
37808397,10.1002/jbm4.10801,"The Association of Tryptophan and Its Metabolites With Incident Hip Fractures, Mortality, and Prevalent Frailty in Older Adults: The Cardiovascular Health Study.",2023,JBMR plus,https://pubmed.ncbi.nlm.nih.gov/37808397/,Community/primary-care frailty RCT candidate
37049448,10.3390/nu15071607,The Impact of Nutrition and Oral Function Exercise on among Community-Dwelling Older People.,2023,Nutrients,https://pubmed.ncbi.nlm.nih.gov/37049448/,Community/primary-care frailty RCT candidate
38066459,10.1186/s12877-023-04552-3,The reliability and suitability of strength assessments in frail and pre-frail older adults: recommendations for strength testing in older populations.,2023,BMC geriatrics,https://pubmed.ncbi.nlm.nih.gov/38066459/,Implementation-relevant frailty RCT candidate
36259579,10.1007/s12603-022-1843-3,Clinical Efficacy of Multidomain Interventions among Multimorbid Older People Stratified by the Status of Physio-Cognitive Declines: A Secondary Analysis from the Randomized Controlled Trial for Healthy Aging.,2022,"The journal of nutrition, health & aging",https://pubmed.ncbi.nlm.nih.gov/36259579/,Community/primary-care frailty RCT candidate
36031320,10.1016/j.identj.2022.06.010,Decline in Oral Function and Its Management.,2022,International dental journal,https://pubmed.ncbi.nlm.nih.gov/36031320/,Community/primary-care frailty RCT candidate
35677205,10.3389/fnagi.2022.845825,"Does Cognitive Training Improve Mobility, Enhance Cognition, and Promote Neural Activation?",2022,Frontiers in aging neuroscience,https://pubmed.ncbi.nlm.nih.gov/35677205/,Community/primary-care frailty RCT candidate
36098968,10.1001/jamanetworkopen.2022.31206,Effect of Vitamin D3 and Omega-3 Fatty Acid Supplementation on Risk of Frailty: An Ancillary Study of a Randomized Clinical Trial.,2022,JAMA network open,https://pubmed.ncbi.nlm.nih.gov/36098968/,Community/primary-care frailty RCT candidate
36102762,10.1016/S2666-7568(22)00124-6,Effectiveness of a complex intervention of group-based nutrition and physical activity to prevent frailty in pre-frail older adults (SUPER): a randomised controlled trial.,2022,The lancet. Healthy longevity,https://pubmed.ncbi.nlm.nih.gov/36102762/,Community/primary-care frailty RCT candidate
35098980,10.14283/jpad.2021.40,Effects of Mindfulness-Based Tai Chi Chuan on Physical Performance and Cognitive Function among Cognitive Frailty Older Adults: A Six-Month Follow-Up of a Randomized Controlled Trial.,2022,The journal of prevention of Alzheimer's disease,https://pubmed.ncbi.nlm.nih.gov/35098980/,Community/primary-care frailty RCT candidate
35150086,10.1002/jcsm.12925,"Effects of Vivifrail multicomponent intervention on functional capacity: a multicentre, randomized controlled trial.",2022,"Journal of cachexia, sarcopenia and muscle",https://pubmed.ncbi.nlm.nih.gov/35150086/,Community/primary-care frailty RCT candidate
36580558,10.1093/ageing/afac303,Effects of a 12-week Vivifrail exercise program on intrinsic capacity among frail cognitively impaired community-dwelling older adults: secondary analysis of a multicentre randomised clinical trial.,2022,Age and ageing,https://pubmed.ncbi.nlm.nih.gov/36580558/,Community/primary-care frailty RCT candidate
35766913,10.24095/hpcdp.42.6.02,"Encouraging older adults with pre-frailty and frailty to ""MoveStrong"": an analysis of secondary outcomes for a pilot randomized controlled trial.",2022,"Health promotion and chronic disease prevention in Canada : research, policy and practice",https://pubmed.ncbi.nlm.nih.gov/35766913/,Community/primary-care frailty RCT candidate
36045320,10.1186/s12877-022-03370-3,Exercise interventions for older people with cognitive frailty-a scoping review.,2022,BMC geriatrics,https://pubmed.ncbi.nlm.nih.gov/36045320/,Implementation-relevant frailty RCT candidate
35887850,10.3390/jcm11144077,Frailty Status Improvement after 5-Month Multicomponent Program PROMUFRA in Community-Dwelling Older People: A Randomized Controlled Trial.,2022,Journal of clinical medicine,https://pubmed.ncbi.nlm.nih.gov/35887850/,Community/primary-care frailty RCT candidate
35616653,10.5014/ajot.2022.045948,Habit Formation Intervention to Reduce Frailty Risk Factors: A Feasibility Study.,2022,The American journal of occupational therapy : official publication of the American Occupational Therapy Association,https://pubmed.ncbi.nlm.nih.gov/35616653/,Community/primary-care frailty RCT candidate
35589429,10.1016/j.bja.2022.04.006,Home-based prehabilitation with exercise to improve postoperative recovery for older adults with frailty having cancer surgery: the PREHAB randomised clinical trial.,2022,British journal of anaesthesia,https://pubmed.ncbi.nlm.nih.gov/35589429/,Community/primary-care frailty RCT candidate
36341237,10.3389/fmed.2022.971497,Intrinsic capacity rather than intervention exposure influences reversal to robustness among prefrail community-dwelling older adults: A non-randomized controlled study of a multidomain exercise and nutrition intervention.,2022,Frontiers in medicine,https://pubmed.ncbi.nlm.nih.gov/36341237/,Community/primary-care frailty RCT candidate
35049127,10.1002/alz.12544,Is more always better? Dose effect in a multidomain intervention in older adults at risk of dementia.,2022,Alzheimer's & dementia : the journal of the Alzheimer's Association,https://pubmed.ncbi.nlm.nih.gov/35049127/,Community/primary-care frailty RCT candidate
35771806,10.1002/14651858.CD010494.pub2,Mobility training for increasing mobility and functioning in older people with frailty.,2022,The Cochrane database of systematic reviews,https://pubmed.ncbi.nlm.nih.gov/35771806/,Community/primary-care frailty RCT candidate
36037722,10.1016/j.archger.2022.104792,Resistance training-induced improvement in physical function is not associated to changes in endocrine somatotropic activity in prefrail older adults.,2022,Archives of gerontology and geriatrics,https://pubmed.ncbi.nlm.nih.gov/36037722/,Community/primary-care frailty RCT candidate
34637524,10.1093/gerona/glab312,The Association of Prior Intensive Lifestyle Intervention and Diabetes Support and Education With Frailty Prevalence at Long-Term Follow-Up in the Action for Health in Diabetes Extension Study.,2022,"The journals of gerontology. Series A, Biological sciences and medical sciences",https://pubmed.ncbi.nlm.nih.gov/34637524/,Community/primary-care frailty RCT candidate
35297463,10.1007/s12603-022-1745-4,The Effects of an Integrated Exercise Intervention on the Attenuation of Frailty in Elderly Nursing Homes: A Cluster Randomized Controlled Trial.,2022,"The journal of nutrition, health & aging",https://pubmed.ncbi.nlm.nih.gov/35297463/,Implementation-relevant frailty RCT candidate
35399053,10.1186/s12877-022-02888-w,The effects of vitamin D supplementation on frailty in older adults at risk for falls.,2022,BMC geriatrics,https://pubmed.ncbi.nlm.nih.gov/35399053/,Community/primary-care frailty RCT candidate
33691612,10.1080/21551197.2021.1886222,A Randomized Controlled Pilot Exercise and Protein Effectiveness Supplementation Study (EXPRESS) on Reducing Frailty Risk in Community-Dwelling Older People.,2021,Journal of nutrition in gerontology and geriatrics,https://pubmed.ncbi.nlm.nih.gov/33691612/,Community/primary-care frailty RCT candidate
34725661,10.1007/s12603-021-1671-x,"Association of Pain and Impact of Dual-Task Exercise on Function, Cognition and Quality of Life.",2021,"The journal of nutrition, health & aging",https://pubmed.ncbi.nlm.nih.gov/34725661/,Community/primary-care frailty RCT candidate
32858228,10.1016/j.cct.2020.106124,DO-HEALTH: Vitamin D3 - Omega-3 - Home exercise - Healthy aging and longevity trial - Design of a multinational clinical trial on healthy aging among European seniors.,2021,Contemporary clinical trials,https://pubmed.ncbi.nlm.nih.gov/32858228/,Community/primary-care frailty RCT candidate
34283997,10.1016/j.apmr.2021.06.017,"Effect of 12-Month Supervised, Home-Based Physical Exercise on Functioning Among Persons With Signs of Frailty: A Randomized Controlled Trial.",2021,Archives of physical medicine and rehabilitation,https://pubmed.ncbi.nlm.nih.gov/34283997/,Community/primary-care frailty RCT candidate
33742266,10.1007/s11121-021-01221-y,Effectiveness of Community-Delivered Functional Power Training Program for Frail and Pre-frail Community-Dwelling Older Adults: a Randomized Controlled Study.,2021,Prevention science : the official journal of the Society for Prevention Research,https://pubmed.ncbi.nlm.nih.gov/33742266/,Community/primary-care frailty RCT candidate
33968874,10.3389/fpubh.2021.610184,Effectiveness of a Community-Based Muscle Strengthening Exercise Program to Increase Muscle Strength Among Pre-frail Older Persons in Malaysia: A Pilot Study.,2021,Frontiers in public health,https://pubmed.ncbi.nlm.nih.gov/33968874/,Community/primary-care frailty RCT candidate
34620081,10.1186/s11556-021-00273-x,Effectiveness of a community-delivered pneumatic machine resistance training programme (Gym Tonic) for older adults at neighbourhood senior centres - a randomized controlled trial.,2021,European review of aging and physical activity : official journal of the European Group for Research into Elderly and Physical Activity,https://pubmed.ncbi.nlm.nih.gov/34620081/,Community/primary-care frailty RCT candidate
35011838,10.3390/jcm11010097,Effects of Resistance Training Intervention along with Leucine-Enriched Whey Protein Supplementation on Sarcopenia and Frailty in Post-Hospitalized Older Adults: Preliminary Findings of a Randomized Controlled Trial.,2021,Journal of clinical medicine,https://pubmed.ncbi.nlm.nih.gov/35011838/,Implementation-relevant frailty RCT candidate
33765656,10.1016/j.archger.2021.104392,Efficacy of Multidomain Intervention Against Physio-cognitive Decline Syndrome: A Cluster-randomized Trial.,2021,Archives of gerontology and geriatrics,https://pubmed.ncbi.nlm.nih.gov/33765656/,Community/primary-care frailty RCT candidate
34449605,10.3390/geriatrics6030072,Enhancement of Anticipatory Postural Adjustments by Virtual Reality in Older Adults with Cognitive and Motor Deficits: A Randomised Trial.,2021,"Geriatrics (Basel, Switzerland)",https://pubmed.ncbi.nlm.nih.gov/34449605/,Community/primary-care frailty RCT candidate
34383662,10.2196/28400,Feasibility and Effects of Virtual Reality Motor-Cognitive Training in Community-Dwelling Older People With Cognitive Frailty: Pilot Randomized Controlled Trial.,2021,JMIR serious games,https://pubmed.ncbi.nlm.nih.gov/34383662/,Community/primary-care frailty RCT candidate
34179937,10.1007/s12603-021-1636-0,Gait Speed and Evolution of Verbal Fluencies in Frail or Prefrail Older People with Type 2 Diabetes. A Pilot Study.,2021,"The journal of nutrition, health & aging",https://pubmed.ncbi.nlm.nih.gov/34179937/,Community/primary-care frailty RCT candidate
33128790,10.1111/joor.13122,Improvement of oral hypofunction by a comprehensive oral and physical exercise programme including textured lunch gatherings.,2021,Journal of oral rehabilitation,https://pubmed.ncbi.nlm.nih.gov/33128790/,Community/primary-care frailty RCT candidate
33513714,10.3390/md19020062,Limited Benefit of Marine Protein Hydrolysate on Physical Function and Strength in Older Adults: A Randomized Controlled Trial.,2021,Marine drugs,https://pubmed.ncbi.nlm.nih.gov/33513714/,Community/primary-care frailty RCT candidate
34351363,10.1093/ageing/afab149,Long-term effect of a 24-week multicomponent intervention on physical performance and frailty in community-dwelling older adults.,2021,Age and ageing,https://pubmed.ncbi.nlm.nih.gov/34351363/,Community/primary-care frailty RCT candidate
34105709,10.14283/jfa.2021.2,Multicomponent exercise program in older adults with lung cancer during adjuvant/palliative treatment: A secondary analysis of an intervention study.,2021,The Journal of frailty & aging,https://pubmed.ncbi.nlm.nih.gov/34105709/,Community/primary-care frailty RCT candidate
34092633,10.3233/JAD-201607,"Multidomain Intervention for Reversal of Cognitive Frailty, Towards a Personalized Approach (AGELESS Trial): Study Design.",2021,Journal of Alzheimer's disease : JAD,https://pubmed.ncbi.nlm.nih.gov/34092633/,Community/primary-care frailty RCT candidate
32443963,10.1089/rej.2020.2302,Perceptive-Cognitive and Physical Function in Prefrail Older Adults: Exergaming Versus Traditional Multicomponent Training.,2021,Rejuvenation research,https://pubmed.ncbi.nlm.nih.gov/32443963/,Community/primary-care frailty RCT candidate
33999544,10.1056/NEJMoa2026141,Physical Rehabilitation for Older Patients Hospitalized for Heart Failure.,2021,The New England journal of medicine,https://pubmed.ncbi.nlm.nih.gov/33999544/,Implementation-relevant frailty RCT candidate
33937294,10.3389/fmed.2021.660463,"Possible Sarcopenia and Impact of Dual-Task Exercise on Gait Speed, Handgrip Strength, Falls, and Perceived Health.",2021,Frontiers in medicine,https://pubmed.ncbi.nlm.nih.gov/33937294/,Community/primary-care frailty RCT candidate
33228950,10.1016/j.amjmed.2020.09.019,Randomized Comparison of Exercise Intervention Versus Usual Care in Older Adult Patients with Frailty After Acute Myocardial Infarction.,2021,The American journal of medicine,https://pubmed.ncbi.nlm.nih.gov/33228950/,Community/primary-care frailty RCT candidate
33546255,10.3390/ijerph18041396,Randomized Controlled Trial on the Effects of a Combined Intervention of Computerized Cognitive Training Preceded by Physical Exercise for Improving Frailty Status and Cognitive Function in Older Adults.,2021,International journal of environmental research and public health,https://pubmed.ncbi.nlm.nih.gov/33546255/,Community/primary-care frailty RCT candidate
33975304,10.1159/000514676,Reinforcement Effects of Social Network Intervention during Nutritional Supplementation in Frail Older Adults.,2021,Gerontology,https://pubmed.ncbi.nlm.nih.gov/33975304/,Community/primary-care frailty RCT candidate
34302941,10.1016/j.exger.2021.111496,Resistance exercise training at different loads in frail and healthy older adults: A randomised feasibility trial.,2021,Experimental gerontology,https://pubmed.ncbi.nlm.nih.gov/34302941/,Community/primary-care frailty RCT candidate
34559837,10.1371/journal.pone.0257742,The MoveStrong program for promoting balance and functional strength training and adequate protein intake in pre-frail older adults: A pilot randomized controlled trial.,2021,PloS one,https://pubmed.ncbi.nlm.nih.gov/34559837/,Community/primary-care frailty RCT candidate
32114877,10.1177/0733464820902652,"The Otago Exercise Program With or Without Motivational Interviewing for Community-Dwelling Older Adults: A 12-Month Follow-Up of a Randomized, Controlled Trial.",2021,Journal of applied gerontology : the official journal of the Southern Gerontological Society,https://pubmed.ncbi.nlm.nih.gov/32114877/,Community/primary-care frailty RCT candidate
33583000,10.1007/s41999-020-00438-4,The sarcopenia and physical frailty in older people: multi-component treatment strategies (SPRINTT) project: description and feasibility of a nutrition intervention in community-dwelling older Europeans.,2021,European geriatric medicine,https://pubmed.ncbi.nlm.nih.gov/33583000/,Community/primary-care frailty RCT candidate
32375239,10.3390/geriatrics5020029,"A Novel Exercise for Enhancing Visuospatial Ability in Older Adults with Frailty: Development, Feasibility, and Effectiveness.",2020,"Geriatrics (Basel, Switzerland)",https://pubmed.ncbi.nlm.nih.gov/32375239/,Community/primary-care frailty RCT candidate
33032532,10.1186/s12877-020-01805-3,A physical activity program versus usual care in the management of quality of life for pre-frail older adults with chronic pain: randomized controlled trial.,2020,BMC geriatrics,https://pubmed.ncbi.nlm.nih.gov/33032532/,Community/primary-care frailty RCT candidate
32276783,10.1016/j.jamda.2020.02.008,Comparative Effectiveness of Functional Tests in Fall Prediction After Hip Fracture.,2020,Journal of the American Medical Directors Association,https://pubmed.ncbi.nlm.nih.gov/32276783/,Community/primary-care frailty RCT candidate
31997543,10.1002/jcsm.12504,Comprehensive geriatric intervention in community-dwelling older adults: a cluster-randomized controlled trial.,2020,"Journal of cachexia, sarcopenia and muscle",https://pubmed.ncbi.nlm.nih.gov/31997543/,Community/primary-care frailty RCT candidate
33444206,10.1136/bmjopen-2020-040637,Effectiveness and cost-effectiveness of personalised dietary advice aiming at increasing protein intake on physical functioning in community-dwelling older adults with lower habitual protein intake: rationale and design of the PROMISS randomised controlled trial.,2020,BMJ open,https://pubmed.ncbi.nlm.nih.gov/33444206/,Community/primary-care frailty RCT candidate
31706917,10.1016/j.jamda.2019.08.024,Effects of a Multicomponent Frailty Prevention Program in Prefrail Community-Dwelling Older Persons: A Randomized Controlled Trial.,2020,Journal of the American Medical Directors Association,https://pubmed.ncbi.nlm.nih.gov/31706917/,Community/primary-care frailty RCT candidate
32702879,10.1097/MD.0000000000021187,Effects of concurrent aerobic and resistance exercise in frail and pre-frail older adults: A randomized trial of supervised versus home-based programs.,2020,Medicine,https://pubmed.ncbi.nlm.nih.gov/32702879/,Community/primary-care frailty RCT candidate
32134208,10.1002/jcsm.12534,"Efficacy of multidomain interventions to improve physical frailty, depression and cognition: data from cluster-randomized controlled trials.",2020,"Journal of cachexia, sarcopenia and muscle",https://pubmed.ncbi.nlm.nih.gov/32134208/,Community/primary-care frailty RCT candidate
32259186,10.14283/jfa.2020.13,"Multi-Component Exercise with High-Intensity, Free-Weight, Functional Resistance Training in Pre-Frail Females: A Quasi-Experimental, Pilot Study.",2020,The Journal of frailty & aging,https://pubmed.ncbi.nlm.nih.gov/32259186/,Community/primary-care frailty RCT candidate
32466446,10.3390/ijerph17113760,Multicomponent Exercise Program Reduces Frailty and Inflammatory Biomarkers and Improves Physical Performance in Community-Dwelling Older Adults: A Randomized Controlled Trial.,2020,International journal of environmental research and public health,https://pubmed.ncbi.nlm.nih.gov/32466446/,Community/primary-care frailty RCT candidate
32545408,10.3390/nu12061755,Nutrition and Sarcopenia-What Do We Know?,2020,Nutrients,https://pubmed.ncbi.nlm.nih.gov/32545408/,Community/primary-care frailty RCT candidate
32762725,10.1186/s12877-020-01668-8,Nutrition assessment and geriatric associated conditions among community dwelling Iranian elderly people.,2020,BMC geriatrics,https://pubmed.ncbi.nlm.nih.gov/32762725/,Community/primary-care frailty RCT candidate
32859156,10.1186/s12877-020-01709-2,Rationale and protocol of the StayFitLonger study: a multicentre trial to measure efficacy and adherence of a home-based computerised multidomain intervention in healthy older adults.,2020,BMC geriatrics,https://pubmed.ncbi.nlm.nih.gov/32859156/,Community/primary-care frailty RCT candidate
32375700,10.1186/s12877-020-01572-1,Sensor-based characterization of daily walking: a new paradigm in pre-frailty/frailty assessment.,2020,BMC geriatrics,https://pubmed.ncbi.nlm.nih.gov/32375700/,Community/primary-care frailty RCT candidate
29962492,10.2188/jea.JE20170109,A Community-Wide Intervention Trial for Preventing and Reducing Frailty Among Older Adults Living in Metropolitan Areas: Design and Baseline Survey for a Study Integrating Participatory Action Research With a Cluster Trial.,2019,Journal of epidemiology,https://pubmed.ncbi.nlm.nih.gov/29962492/,Community/primary-care frailty RCT candidate
29395372,10.1016/j.clnu.2017.12.020,"A high whey protein, vitamin D and E supplement preserves muscle mass, strength, and quality of life in sarcopenic older adults: A double-blind randomized controlled trial.",2019,"Clinical nutrition (Edinburgh, Scotland)",https://pubmed.ncbi.nlm.nih.gov/29395372/,Community/primary-care frailty RCT candidate
31360662,,"An Interregional, Transdisciplinary and Good Practice-Based Approach for Frailty: the Mind&Gait Project.",2019,Translational medicine @ UniSa,https://pubmed.ncbi.nlm.nih.gov/31360662/,Community/primary-care frailty RCT candidate
31169912,10.1111/jgs.15994,Association of 3-Year Multidomain Intervention and Omega-3 Supplementation with Frailty Incidence.,2019,Journal of the American Geriatrics Society,https://pubmed.ncbi.nlm.nih.gov/31169912/,Community/primary-care frailty RCT candidate
31774406,10.2196/15191,Continuous Digital Monitoring of Walking Speed in Frail Elderly Patients: Noninterventional Validation Study and Longitudinal Clinical Trial.,2019,JMIR mHealth and uHealth,https://pubmed.ncbi.nlm.nih.gov/31774406/,Community/primary-care frailty RCT candidate
30528641,10.1016/j.exger.2018.11.022,Effect of a short multicomponent exercise intervention focused on muscle power in frail and pre frail elderly: A pilot trial.,2019,Experimental gerontology,https://pubmed.ncbi.nlm.nih.gov/30528641/,Community/primary-care frailty RCT candidate
31466229,10.3390/ijerph16173125,Effectiveness of a Combined Intervention on Psychological and Physical Capacities of Frail Older Adults: A Cluster Randomized Controlled Trial.,2019,International journal of environmental research and public health,https://pubmed.ncbi.nlm.nih.gov/31466229/,Community/primary-care frailty RCT candidate
31016897,10.1002/jcsm.12432,Effectiveness of a multimodal intervention in functionally impaired older people with type 2 diabetes mellitus.,2019,"Journal of cachexia, sarcopenia and muscle",https://pubmed.ncbi.nlm.nih.gov/31016897/,Implementation-relevant frailty RCT candidate
30691405,10.1186/s12877-018-1024-8,"Effectiveness of an intervention in multicomponent exercise in primary care to improve frailty parameters in patients over 70 years of age (MEFAP-project), a randomised clinical trial: rationale and study design.",2019,BMC geriatrics,https://pubmed.ncbi.nlm.nih.gov/30691405/,Community/primary-care frailty RCT candidate
31249332,10.1038/s41598-019-45767-y,Effects of Kinect-based exergaming on frailty status and physical performance in prefrail and frail elderly: A randomized controlled trial.,2019,Scientific reports,https://pubmed.ncbi.nlm.nih.gov/31249332/,Community/primary-care frailty RCT candidate
31133863,10.3389/fphys.2019.00445,Exercise and Dietary-Protein as a Countermeasure to Skeletal Muscle Weakness: Liverpool Hope University - Sarcopenia Aging Trial (LHU-SAT).,2019,Frontiers in physiology,https://pubmed.ncbi.nlm.nih.gov/31133863/,Community/primary-care frailty RCT candidate
31791364,10.1186/s12966-019-0855-9,Individualized home-based exercise and nutrition interventions improve frailty in older adults: a randomized controlled trial.,2019,The international journal of behavioral nutrition and physical activity,https://pubmed.ncbi.nlm.nih.gov/31791364/,Community/primary-care frailty RCT candidate
30941731,10.1007/s40520-019-01180-z,Older persons with signs of frailty in a home-based physical exercise intervention: baseline characteristics of an RCT.,2019,Aging clinical and experimental research,https://pubmed.ncbi.nlm.nih.gov/30941731/,Community/primary-care frailty RCT candidate
29672184,10.1080/19390211.2018.1454568,"Oral Supplementation with Beta-Hydroxy-Beta-Methylbutyrate, Arginine, and Glutamine Improves Lean Body Mass in Healthy Older Adults.",2019,Journal of dietary supplements,https://pubmed.ncbi.nlm.nih.gov/29672184/,Community/primary-care frailty RCT candidate
31367733,10.1007/s12603-019-1216-8,"Positive Effects of ""Textured Lunches"" Gatherings and Oral Exercises Combined with Physical Exercises on Oral and Physical Function in Older Individuals: A Cluster Randomized Controlled Trial.",2019,"The journal of nutrition, health & aging",https://pubmed.ncbi.nlm.nih.gov/31367733/,Community/primary-care frailty RCT candidate
29381526,10.1519/JPT.0000000000000155,The Modified Otago Exercises Prevent Grip Strength Deterioration Among Older Fallers in the Malaysian Falls Assessment and Intervention Trial (MyFAIT).,2019,Journal of geriatric physical therapy (2001),https://pubmed.ncbi.nlm.nih.gov/29381526/,Implementation-relevant frailty RCT candidate
32300691,10.22540/JFSF-03-026,Breaking sedentary behaviour has the potential to increase/ maintain function in frail older adults.,2018,"Journal of frailty, sarcopenia and falls",https://pubmed.ncbi.nlm.nih.gov/32300691/,Community/primary-care frailty RCT candidate
30053278,10.1093/jn/nxy024,Cholecalciferol or 25-Hydroxycholecalciferol Supplementation Does Not Affect Muscle Strength and Physical Performance in Prefrail and Frail Older Adults.,2018,The Journal of nutrition,https://pubmed.ncbi.nlm.nih.gov/30053278/,Community/primary-care frailty RCT candidate
29310138,10.7326/M16-2011,Effect of Physical Activity on Frailty: Secondary Analysis of a Randomized Controlled Trial.,2018,Annals of internal medicine,https://pubmed.ncbi.nlm.nih.gov/29310138/,Community/primary-care frailty RCT candidate
30328470,10.2340/16501977-2490,Effect of respiratory rehabilitation for frail older patients with musculoskeletal disorders: a randomized controlled trial.,2018,Journal of rehabilitation medicine,https://pubmed.ncbi.nlm.nih.gov/30328470/,Community/primary-care frailty RCT candidate
30005654,10.1186/s12889-018-5788-8,"Effect, process, and economic evaluation of a combined resistance exercise and diet intervention (ProMuscle in Practice) for community-dwelling older adults: design and methods of a randomised controlled trial.",2018,BMC public health,https://pubmed.ncbi.nlm.nih.gov/30005654/,Community/primary-care frailty RCT candidate
30272098,10.1007/s12603-018-1090-9,Effects of Resistance Exercise Training on Cognitive Function and Physical Performance in Cognitive Frailty: A Randomized Controlled Trial.,2018,"The journal of nutrition, health & aging",https://pubmed.ncbi.nlm.nih.gov/30272098/,Community/primary-care frailty RCT candidate
29988285,10.1155/2018/8916274,"Effects of Strength Training on Muscle Properties, Physical Function, and Physical Activity among Frail Older People: A Pilot Study.",2018,Journal of aging research,https://pubmed.ncbi.nlm.nih.gov/29988285/,Community/primary-care frailty RCT candidate
29346524,10.1093/gerona/glx259,"Effects of a Primary Care-Based Multifactorial Intervention on Physical and Cognitive Function in Frail, Elderly Individuals: A Randomized Controlled Trial.",2018,"The journals of gerontology. Series A, Biological sciences and medical sciences",https://pubmed.ncbi.nlm.nih.gov/29346524/,Community/primary-care frailty RCT candidate
30217182,10.1186/s12877-018-0890-4,Nordic walking training and nutritional supplementation in pre-frail older Indians: an open-labelled experimental pre-test and post-test pilot study to develop intervention model.,2018,BMC geriatrics,https://pubmed.ncbi.nlm.nih.gov/30217182/,Community/primary-care frailty RCT candidate
29455058,10.1016/j.archger.2018.02.005,Physical activity combined with resistance training reduces symptoms of frailty in older adults: A randomized controlled trial.,2018,Archives of gerontology and geriatrics,https://pubmed.ncbi.nlm.nih.gov/29455058/,Community/primary-care frailty RCT candidate
29783928,10.1186/s12872-018-0839-8,Physical activity intervention for elderly patients with reduced physical performance after acute coronary syndrome (HULK study): rationale and design of a randomized clinical trial.,2018,BMC cardiovascular disorders,https://pubmed.ncbi.nlm.nih.gov/29783928/,Community/primary-care frailty RCT candidate
30498835,10.1007/s12603-018-1127-0,Quality of Life and Mental Health in Older Adults with Obesity and Frailty: Associations with a Weight Loss Intervention.,2018,"The journal of nutrition, health & aging",https://pubmed.ncbi.nlm.nih.gov/30498835/,Community/primary-care frailty RCT candidate
30138718,10.1016/j.cct.2018.08.004,Rationale and design of the Study To Understand Fall Reduction and Vitamin D in You (STURDY): A randomized clinical trial of Vitamin D supplement doses for the prevention of falls in older adults.,2018,Contemporary clinical trials,https://pubmed.ncbi.nlm.nih.gov/30138718/,Community/primary-care frailty RCT candidate
30445919,10.1186/s12877-018-0967-0,The prevalence and characteristics of frailty by frailty phenotype in rural Tanzania.,2018,BMC geriatrics,https://pubmed.ncbi.nlm.nih.gov/30445919/,Community/primary-care frailty RCT candidate
29183035,10.1159/000484663,User-Oriented Evaluation of a Robotic Rollator That Provides Navigation Assistance in Frail Older Adults with and without Cognitive Impairment.,2018,Gerontology,https://pubmed.ncbi.nlm.nih.gov/29183035/,Community/primary-care frailty RCT candidate
27993489,10.1016/j.jphys.2016.11.007,A multifactorial intervention for frail older people is more than twice as effective among those who are compliant: complier average causal effect analysis of a randomised trial.,2017,Journal of physiotherapy,https://pubmed.ncbi.nlm.nih.gov/27993489/,Community/primary-care frailty RCT candidate
28514618,10.1056/NEJMoa1616338,"Aerobic or Resistance Exercise, or Both, in Dieting Obese Older Adults.",2017,The New England journal of medicine,https://pubmed.ncbi.nlm.nih.gov/28514618/,Community/primary-care frailty RCT candidate
28951766,10.1155/2017/4807046,"Effect of Weight Loss, Exercise, or Both on Undercarboxylated Osteocalcin and Insulin Secretion in Frail, Obese Older Adults.",2017,Oxidative medicine and cellular longevity,https://pubmed.ncbi.nlm.nih.gov/28951766/,Community/primary-care frailty RCT candidate
28064172,10.1093/ageing/afw242,Effectiveness of an intervention to prevent frailty in pre-frail community-dwelling older people consulting in primary care: a randomised controlled trial.,2017,Age and ageing,https://pubmed.ncbi.nlm.nih.gov/28064172/,Community/primary-care frailty RCT candidate
28393440,10.1111/ggi.13016,"Effects of a multifactorial intervention comprising resistance exercise, nutritional and psychosocial programs on frailty and functional health in community-dwelling older adults: A randomized, controlled, cross-over trial.",2017,Geriatrics & gerontology international,https://pubmed.ncbi.nlm.nih.gov/28393440/,Community/primary-care frailty RCT candidate
27138245,10.1111/ggi.12795,Effects of an integrated health education and elastic band resistance training program on physical function and muscle strength in community-dwelling elderly women: Healthy Aging and Happy Aging II study.,2017,Geriatrics & gerontology international,https://pubmed.ncbi.nlm.nih.gov/27138245/,Community/primary-care frailty RCT candidate
27588891,10.1016/j.archger.2016.08.009,Fear of falling reduced by a lay led home-based program in frail community-dwelling older adults: A randomised controlled trial.,2017,Archives of gerontology and geriatrics,https://pubmed.ncbi.nlm.nih.gov/27588891/,Community/primary-care frailty RCT candidate
28085913,10.1371/journal.pone.0169613,Impact of a Home-Based Physical and Nutritional Intervention Program Conducted by Lay-Volunteers on Handgrip Strength in Prefrail and Frail Older Adults: A Randomized Control Trial.,2017,PloS one,https://pubmed.ncbi.nlm.nih.gov/28085913/,Community/primary-care frailty RCT candidate
27897406,10.1002/jcsm.12132,Integrated care for geriatric frailty and sarcopenia: a randomized control trial.,2017,"Journal of cachexia, sarcopenia and muscle",https://pubmed.ncbi.nlm.nih.gov/27897406/,Community/primary-care frailty RCT candidate
28972245,10.1007/s12603-016-0867-y,Multi-Domains Lifestyle Interventions Reduces Depressive Symptoms among Frail and Pre-Frail Older Persons: Randomized Controlled Trial.,2017,"The journal of nutrition, health & aging",https://pubmed.ncbi.nlm.nih.gov/28972245/,Community/primary-care frailty RCT candidate
27695646,10.18848/2160-1909/CGP/v07i02/1-10,The Impact of Strong for Life on the Physical Functioning and Health of Older Adults Receiving Home and Community-Based Services.,2017,Aging and society : an interdisciplinary journal,https://pubmed.ncbi.nlm.nih.gov/27695646/,Community/primary-care frailty RCT candidate
29225812,10.1093/ckj/sfx046,The utility of whole body vibration exercise in haemodialysis patients: a pilot study.,2017,Clinical kidney journal,https://pubmed.ncbi.nlm.nih.gov/29225812/,Implementation-relevant frailty RCT candidate
26947059,10.1016/j.jamda.2016.01.019,"A Multicomponent Exercise Intervention that Reverses Frailty and Improves Cognition, Emotion, and Social Networking in the Community-Dwelling Frail Elderly: A Randomized Clinical Trial.",2016,Journal of the American Medical Directors Association,https://pubmed.ncbi.nlm.nih.gov/26947059/,Community/primary-care frailty RCT candidate
27900185,10.1136/bmjsem-2016-000127,Benefits of a novel concept of home-based exercise with the aim of preventing aspiration pneumonia and falls in frail older women: a pragmatic controlled trial.,2016,BMJ open sport & exercise medicine,https://pubmed.ncbi.nlm.nih.gov/27900185/,Implementation-relevant frailty RCT candidate
27346650,10.1016/j.jamda.2016.04.018,"Effects of a Home-Based and Volunteer-Administered Physical Training, Nutritional, and Social Support Program on Malnutrition and Frailty in Older Persons: A Randomized Controlled Trial.",2016,Journal of the American Medical Directors Association,https://pubmed.ncbi.nlm.nih.gov/27346650/,Implementation-relevant frailty RCT candidate
27178766,10.1016/j.cct.2016.05.001,Identifying effective and feasible interventions to accelerate functional recovery from hospitalization in older adults: A randomized controlled pilot trial.,2016,Contemporary clinical trials,https://pubmed.ncbi.nlm.nih.gov/27178766/,Community/primary-care frailty RCT candidate
26786203,10.1093/gerona/glv210,"Improved Function With Enhanced Protein Intake per Meal: A Pilot Study of Weight Reduction in Frail, Obese Older Adults.",2016,"The journals of gerontology. Series A, Biological sciences and medical sciences",https://pubmed.ncbi.nlm.nih.gov/26786203/,Community/primary-care frailty RCT candidate
27175793,10.1186/s12877-016-0277-3,The effects of a life goal-setting technique in a preventive care program for frail community-dwelling older people: a cluster nonrandomized controlled trial.,2016,BMC geriatrics,https://pubmed.ncbi.nlm.nih.gov/27175793/,Community/primary-care frailty RCT candidate
25387728,10.1093/gerona/glu099,A physical activity intervention to treat the frailty syndrome in older persons-results from the LIFE-P study.,2015,"The journals of gerontology. Series A, Biological sciences and medical sciences",https://pubmed.ncbi.nlm.nih.gov/25387728/,Community/primary-care frailty RCT candidate
26663424,10.1111/jgs.13834,Cost-Effectiveness of a Chronic Care Model for Frail Older Adults in Primary Care: Economic Evaluation Alongside a Stepped-Wedge Cluster-Randomized Trial.,2015,Journal of the American Geriatrics Society,https://pubmed.ncbi.nlm.nih.gov/26663424/,Community/primary-care frailty RCT candidate
26201510,10.1136/bmj.h3830,Effectiveness of two year balance training programme on prevention of fall induced injuries in at risk women aged 75-85 living in community: Ossébo randomised controlled trial.,2015,BMJ (Clinical research ed.),https://pubmed.ncbi.nlm.nih.gov/26201510/,Community/primary-care frailty RCT candidate
25659620,10.1016/j.jamda.2014.12.005,Effects of a combined physical training and nutrition intervention on physical performance and health-related quality of life in prefrail older women living in the community: a randomized controlled trial.,2015,Journal of the American Medical Directors Association,https://pubmed.ncbi.nlm.nih.gov/25659620/,Community/primary-care frailty RCT candidate
25659147,10.1371/journal.pone.0116256,"Effects of exercise and milk fat globule membrane (MFGM) supplementation on body composition, physical function, and hematological parameters in community-dwelling frail Japanese women: a randomized double blind, placebo-controlled, follow-up trial.",2015,PloS one,https://pubmed.ncbi.nlm.nih.gov/25659147/,Community/primary-care frailty RCT candidate
26625940,10.1186/s12877-015-0152-7,Frailty predicts short-term incidence of future falls among British community-dwelling older people: a prospective cohort study nested within a randomised controlled trial.,2015,BMC geriatrics,https://pubmed.ncbi.nlm.nih.gov/26625940/,Community/primary-care frailty RCT candidate
25887235,10.1186/s12877-015-0002-7,MultiComponent Exercise and theRApeutic lifeStyle (CERgAS) intervention to improve physical performance and maintain independent living among urban poor older people--a cluster randomised controlled trial.,2015,BMC geriatrics,https://pubmed.ncbi.nlm.nih.gov/25887235/,Community/primary-care frailty RCT candidate
27032052,10.14283/jfa.2015.49,Nutrition and Frailty: A Review of Clinical Intervention Studies.,2015,The Journal of frailty & aging,https://pubmed.ncbi.nlm.nih.gov/27032052/,Community/primary-care frailty RCT candidate
26159634,10.1016/j.amjmed.2015.06.017,"Nutritional, Physical, Cognitive, and Combination Interventions and Frailty Reversal Among Older Adults: A Randomized Controlled Trial.",2015,The American journal of medicine,https://pubmed.ncbi.nlm.nih.gov/26159634/,Community/primary-care frailty RCT candidate
24951180,10.1186/1471-2318-14-78,An individually-tailored multifactorial intervention program for older fallers in a middle-income developing country: Malaysian Falls Assessment and Intervention Trial (MyFAIT).,2014,BMC geriatrics,https://pubmed.ncbi.nlm.nih.gov/24951180/,Community/primary-care frailty RCT candidate
24381025,10.1093/ageing/aft204,"Effect of a multifactorial, interdisciplinary intervention on risk factors for falls and fall rate in frail older people: a randomised controlled trial.",2014,Age and ageing,https://pubmed.ncbi.nlm.nih.gov/24381025/,Community/primary-care frailty RCT candidate
25427568,10.1186/1471-2318-14-125,Effectiveness of a primary care based multifactorial intervention to improve frailty parameters in the elderly: a randomised clinical trial: rationale and study design.,2014,BMC geriatrics,https://pubmed.ncbi.nlm.nih.gov/25427568/,Community/primary-care frailty RCT candidate
26594639,,MAPT STUDY: A MULTIDOMAIN APPROACH FOR PREVENTING ALZHEIMER'S DISEASE: DESIGN AND BASELINE DATA.,2014,The journal of prevention of Alzheimer's disease,https://pubmed.ncbi.nlm.nih.gov/26594639/,Community/primary-care frailty RCT candidate
23906550,10.1093/geront/gnt078,Physical function and fear of falling 2 years after the health-promoting randomized controlled trial: elderly persons in the risk zone.,2014,The Gerontologist,https://pubmed.ncbi.nlm.nih.gov/23906550/,Community/primary-care frailty RCT candidate
27049906,10.14283/jfa.2014.13,Predicting the Efficacy of Protein-Energy Supplementation in Frail Older Adults Living in Community.,2014,The Journal of frailty & aging,https://pubmed.ncbi.nlm.nih.gov/27049906/,Community/primary-care frailty RCT candidate
24742587,10.1093/ageing/afu033,The Home-based Older People's Exercise (HOPE) trial: a pilot randomised controlled trial of a home-based exercise intervention for older people with frailty.,2014,Age and ageing,https://pubmed.ncbi.nlm.nih.gov/24742587/,Community/primary-care frailty RCT candidate
21744061,10.1007/s11739-011-0654-z,Effects of a structured physical activity intervention on measures of physical performance in frail elderly patients after cardiac rehabilitation: a pilot study with 1-year follow-up.,2013,Internal and emergency medicine,https://pubmed.ncbi.nlm.nih.gov/21744061/,Implementation-relevant frailty RCT candidate
23429407,10.1097/MCO.0b013e32835f503f,Intentional weight loss in older adults: useful or wasting disease generating strategy?,2013,Current opinion in clinical nutrition and metabolic care,https://pubmed.ncbi.nlm.nih.gov/23429407/,Community/primary-care frailty RCT candidate
23817284,10.1097/NNR.0b013e318298aa55,Nurse care coordination and technology effects on health status of frail older adults via enhanced self-management of medication: randomized clinical trial to test efficacy.,2013,Nursing research,https://pubmed.ncbi.nlm.nih.gov/23817284/,Implementation-relevant frailty RCT candidate
22879453,10.1093/gerona/gls167,Preventive effect of protein-energy supplementation on the functional decline of frail older adults with low socioeconomic status: a community-based randomized controlled study.,2013,"The journals of gerontology. Series A, Biological sciences and medical sciences",https://pubmed.ncbi.nlm.nih.gov/22879453/,Community/primary-care frailty RCT candidate
23740589,10.1007/s40520-013-0048-3,The effect of functional circuit training on self-reported fear of falling and health status in a group of physically frail older individuals: a randomized controlled trial.,2013,Aging clinical and experimental research,https://pubmed.ncbi.nlm.nih.gov/23740589/,Community/primary-care frailty RCT candidate
23009149,10.1186/1471-2318-12-58,A pilot randomized controlled trial to improve geriatric frailty.,2012,BMC geriatrics,https://pubmed.ncbi.nlm.nih.gov/23009149/,Community/primary-care frailty RCT candidate
22499461,10.1007/s12603-011-0352-6,Efficacy of a home-based intervention programme on the physical activity level and functional ability of older people using domestic services: a randomised study.,2012,"The journal of nutrition, health & aging",https://pubmed.ncbi.nlm.nih.gov/22499461/,Community/primary-care frailty RCT candidate
22744992,10.1002/rnj.25,Wii-hab for pre-frail older adults.,2012,Rehabilitation nursing : the official journal of the Association of Rehabilitation Nurses,https://pubmed.ncbi.nlm.nih.gov/22744992/,Community/primary-care frailty RCT candidate
20977392,10.3109/09638288.2010.525288,Factors associated with quality of life and caregiver strain amongst frail older adults referred to a community rehabilitation service: implications for service delivery.,2011,Disability and rehabilitation,https://pubmed.ncbi.nlm.nih.gov/20977392/,Community/primary-care frailty RCT candidate
21449785,10.1056/NEJMoa1008234,"Weight loss, exercise, or both and physical function in obese older adults.",2011,The New England journal of medicine,https://pubmed.ncbi.nlm.nih.gov/21449785/,Community/primary-care frailty RCT candidate
20044155,10.1016/j.archger.2009.12.001,Effects of a physical training and nutritional intervention program in frail elderly people regarding habitual physical activity level and activities of daily living--a randomized controlled pilot study.,2010,Archives of gerontology and geriatrics,https://pubmed.ncbi.nlm.nih.gov/20044155/,Community/primary-care frailty RCT candidate
20956842,10.1123/japa.18.4.401,The effect of functional circuit training on physical frailty in frail older adults: a randomized controlled trial.,2010,Journal of aging and physical activity,https://pubmed.ncbi.nlm.nih.gov/20956842/,Community/primary-care frailty RCT candidate
20171455,10.1016/S0167-4943(10)70011-X,"The effectiveness of a comprehensive geriatric assessment intervention program for frailty in community-dwelling older people: a randomized, controlled trial.",2010,Archives of gerontology and geriatrics,https://pubmed.ncbi.nlm.nih.gov/20171455/,Community/primary-care frailty RCT candidate
20009498,10.1007/BF03337731,What is the role played by physical activity and exercise in the frailty syndrome? Perspectives for future research.,2010,Aging clinical and experimental research,https://pubmed.ncbi.nlm.nih.gov/20009498/,Implementation-relevant frailty RCT candidate
18804874,10.1016/j.archger.2008.05.011,Comparison of 2-year effects of once and twice weekly water exercise on activities of daily living ability of community dwelling frail elderly.,2009,Archives of gerontology and geriatrics,https://pubmed.ncbi.nlm.nih.gov/18804874/,Community/primary-care frailty RCT candidate
19394017,10.1016/j.ijnurstu.2009.03.010,Comparison of three established measures of fear of falling in community-dwelling older adults: psychometric testing.,2009,International journal of nursing studies,https://pubmed.ncbi.nlm.nih.gov/19394017/,Community/primary-care frailty RCT candidate
18608400,10.1080/09638280701817552,Comparison two-year effects of once-weekly and twice-weekly water exercise on health-related quality of life of community-dwelling frail elderly people at a day-service facility.,2009,Disability and rehabilitation,https://pubmed.ncbi.nlm.nih.gov/18608400/,Community/primary-care frailty RCT candidate
18364384,10.1210/jc.2007-1473,Effect of weight loss and exercise therapy on bone metabolism and mass in obese older adults: a one-year randomized controlled trial.,2008,The Journal of clinical endocrinology and metabolism,https://pubmed.ncbi.nlm.nih.gov/18364384/,Community/primary-care frailty RCT candidate
18431084,10.1007/BF03324763,Effects of a physical and nutritional intervention program for frail elderly people over age 75. A randomized controlled pilot treatment trial.,2008,Aging clinical and experimental research,https://pubmed.ncbi.nlm.nih.gov/18431084/,Community/primary-care frailty RCT candidate
19039291,10.1007/BF03325155,Home-based video exercise intervention for community-dwelling frail older women: a randomized controlled trial.,2008,Aging clinical and experimental research,https://pubmed.ncbi.nlm.nih.gov/19039291/,Implementation-relevant frailty RCT candidate
17624483,10.2340/16501977-0080,Feasibility and effectiveness of a nurse-led community exercise programme for prevention of falls among frail elderly people: a multi-centre controlled trial.,2007,Journal of rehabilitation medicine,https://pubmed.ncbi.nlm.nih.gov/17624483/,Community/primary-care frailty RCT candidate
16609319,10.1097/01.mrr.0000194392.18655.49,A network-based geriatric rehabilitation programme: study design and baseline characteristics of the patients.,2006,International journal of rehabilitation research. Internationale Zeitschrift fur Rehabilitationsforschung. Revue internationale de recherches de readaptation,https://pubmed.ncbi.nlm.nih.gov/16609319/,Community/primary-care frailty RCT candidate
17167299,10.1007/BF03324831,"A randomized, controlled trial of disability prevention in frail older patients screened in primary care: the FRASI study. Design and baseline evaluation.",2006,Aging clinical and experimental research,https://pubmed.ncbi.nlm.nih.gov/17167299/,Community/primary-care frailty RCT candidate
16636211,10.1001/archinte.166.8.860,Effect of weight loss and exercise on frailty in obese older adults.,2006,Archives of internal medicine,https://pubmed.ncbi.nlm.nih.gov/16636211/,Community/primary-care frailty RCT candidate
16813773,10.1016/j.apmr.2006.04.005,Effects of exercise programs on falls and mobility in frail and pre-frail older adults: A multicenter randomized controlled trial.,2006,Archives of physical medicine and rehabilitation,https://pubmed.ncbi.nlm.nih.gov/16813773/,Community/primary-care frailty RCT candidate
16510864,10.1093/gerona/61.2.184,"The influence of intense Tai Chi training on physical performance and hemodynamic outcomes in transitionally frail, older adults.",2006,"The journals of gerontology. Series A, Biological sciences and medical sciences",https://pubmed.ncbi.nlm.nih.gov/16510864/,Community/primary-care frailty RCT candidate
15241748,10.1016/j.apmr.2003.10.021,A prehabilitation program for the prevention of functional decline: effect on higher-level physical function.,2004,Archives of physical medicine and rehabilitation,https://pubmed.ncbi.nlm.nih.gov/15241748/,Community/primary-care frailty RCT candidate
15315998,10.1001/jama.292.7.837,Effects of extended outpatient rehabilitation after hip fracture: a randomized controlled trial.,2004,JAMA,https://pubmed.ncbi.nlm.nih.gov/15315998/,Community/primary-care frailty RCT candidate
12588571,10.1046/j.1532-5415.2003.51101.x,"A randomized, controlled trial of quadriceps resistance exercise and vitamin D in frail older people: the Frailty Interventions Trial in Elderly Subjects (FITNESS).",2003,Journal of the American Geriatrics Society,https://pubmed.ncbi.nlm.nih.gov/12588571/,Community/primary-care frailty RCT candidate
14559955,10.1001/jama.290.15.2015,Exercise plus behavioral management in patients with Alzheimer disease: a randomized controlled trial.,2003,JAMA,https://pubmed.ncbi.nlm.nih.gov/14559955/,Implementation-relevant frailty RCT candidate
14687360,10.1046/j.1532-5415.2003.51566.x,Selected as the best paper in the 1990s: Reducing frailty and falls in older persons: an investigation of tai chi and computerized balance training.,2003,Journal of the American Geriatrics Society,https://pubmed.ncbi.nlm.nih.gov/14687360/,Community/primary-care frailty RCT candidate
12362007,10.1056/NEJMoa020423,"A program to prevent functional decline in physically frail, elderly persons who live at home.",2002,The New England journal of medicine,https://pubmed.ncbi.nlm.nih.gov/12362007/,Implementation-relevant frailty RCT candidate
12171453,,"Benefits of nutritional supplementation in free-living, frail, undernourished elderly people: a prospective randomized community trial.",2002,Journal of the American Dietetic Association,https://pubmed.ncbi.nlm.nih.gov/12171453/,Community/primary-care frailty RCT candidate
12002555,10.1023/a:1014610325059,Recruitment of older participants in frailty/injury prevention studies.,2002,Prevention science : the official journal of the Society for Prevention Research,https://pubmed.ncbi.nlm.nih.gov/12002555/,Community/primary-care frailty RCT candidate
12448161,,[Physical training as treatment of reduced functional ability in frail 75+ year-olds living at home. A randomized intervention study in general practice with technological assessment elements].,2002,Ugeskrift for laeger,https://pubmed.ncbi.nlm.nih.gov/12448161/,Community/primary-care frailty RCT candidate
11427784,10.1097/00005768-200106001-00028,Exercise dose-response effects on quality of life and independent living in older adults.,2001,Medicine and science in sports and exercise,https://pubmed.ncbi.nlm.nih.gov/11427784/,Community/primary-care frailty RCT candidate
11387588,10.1053/apmr.2001.23278,"Physical exercise and/or enriched foods for functional improvement in frail, independently living elderly: a randomized controlled trial.",2001,Archives of physical medicine and rehabilitation,https://pubmed.ncbi.nlm.nih.gov/11387588/,Community/primary-care frailty RCT candidate
10968301,10.1111/j.1532-5415.2000.tb06894.x,Attrition in an exercise intervention: a comparison of early and later dropouts.,2000,Journal of the American Geriatrics Society,https://pubmed.ncbi.nlm.nih.gov/10968301/,Community/primary-care frailty RCT candidate
10896013,10.1053/apmr.2000.4425,Low-intensity exercise as a modifier of physical frailty in older adults.,2000,Archives of physical medicine and rehabilitation,https://pubmed.ncbi.nlm.nih.gov/10896013/,Community/primary-care frailty RCT candidate
10462167,10.1093/gerona/54.7.m353,Peak aerobic power is an important component of physical performance in older women.,1999,"The journals of gerontology. Series A, Biological sciences and medical sciences",https://pubmed.ncbi.nlm.nih.gov/10462167/,Community/primary-care frailty RCT candidate
10496549,10.1093/gerona/54.8.m428,The relation between psychometric test performance and physical performance in older adults.,1999,"The journals of gerontology. Series A, Biological sciences and medical sciences",https://pubmed.ncbi.nlm.nih.gov/10496549/,Community/primary-care frailty RCT candidate
8617895,10.1111/j.1532-5415.1996.tb01432.x,Reducing frailty and falls in older persons: an investigation of Tai Chi and computerized balance training. Atlanta FICSIT Group. Frailty and Injuries: Cooperative Studies of Intervention Techniques.,1996,Journal of the American Geriatrics Society,https://pubmed.ncbi.nlm.nih.gov/8617895/,Community/primary-care frailty RCT candidate
8440855,10.1111/j.1532-5415.1993.tb06709.x,Seniors' Program for Injury Control and Education.,1993,Journal of the American Geriatrics Society,https://pubmed.ncbi.nlm.nih.gov/8440855/,Community/primary-care frailty RCT candidate
8440857,10.1111/j.1532-5415.1993.tb06711.x,The Seattle FICSIT/MoveIt study: the effect of exercise on gait and balance in older adults.,1993,Journal of the American Geriatrics Society,https://pubmed.ncbi.nlm.nih.gov/8440857/,Community/primary-care frailty RCT candidate
