study_id,pmid,outcome,timepoint,arm_1_name,arm_1_n,arm_1_mean_or_events,arm_1_sd_or_total,arm_2_name,arm_2_n,arm_2_mean_or_events,arm_2_sd_or_total,reported_effect,reported_ci_or_p,converted_effect_size,converted_effect_se,direction_higher_is_better,extraction_note,verified_by_second_author
FRAIL-001,42131895,frailty_status,,,,,,,,,,,,,,,,
FRAIL-001,42131895,frailty_score,,,,,,,,,,,,,,,,
FRAIL-001,42131895,gait_speed,,,,,,,,,,,,,,,,
FRAIL-001,42131895,sppb,,,,,,,,,,,,,,,,
FRAIL-001,42131895,grip_strength,,,,,,,,,,,,,,,,
FRAIL-001,42131895,adl_iadl,,,,,,,,,,,,,,,,
FRAIL-001,42131895,falls,,,,,,,,,,,,,,,,
FRAIL-001,42131895,quality_of_life,,,,,,,,,,,,,,,,
FRAIL-001,42131895,adherence,,,,,,,,,,,,,,,,
FRAIL-001,42131895,dropout,,,,,,,,,,,,,,,,
FRAIL-001,42131895,adverse_events,,,,,,,,,,,,,,,,
FRAIL-002,42004413,frailty_status,,,,,,,,,,,,,,,,
FRAIL-002,42004413,frailty_score,,,,,,,,,,,,,,,,
FRAIL-002,42004413,gait_speed,,,,,,,,,,,,,,,,
FRAIL-002,42004413,sppb,,,,,,,,,,,,,,,,
FRAIL-002,42004413,grip_strength,,,,,,,,,,,,,,,,
FRAIL-002,42004413,adl_iadl,,,,,,,,,,,,,,,,
FRAIL-002,42004413,falls,,,,,,,,,,,,,,,,
FRAIL-002,42004413,quality_of_life,,,,,,,,,,,,,,,,
FRAIL-002,42004413,adherence,,,,,,,,,,,,,,,,
FRAIL-002,42004413,dropout,,,,,,,,,,,,,,,,
FRAIL-002,42004413,adverse_events,,,,,,,,,,,,,,,,
FRAIL-003,41796126,frailty_status,,,,,,,,,,,,,,,,
FRAIL-003,41796126,frailty_score,,,,,,,,,,,,,,,,
FRAIL-003,41796126,gait_speed,,,,,,,,,,,,,,,,
FRAIL-003,41796126,sppb,,,,,,,,,,,,,,,,
FRAIL-003,41796126,grip_strength,,,,,,,,,,,,,,,,
FRAIL-003,41796126,adl_iadl,,,,,,,,,,,,,,,,
FRAIL-003,41796126,falls,,,,,,,,,,,,,,,,
FRAIL-003,41796126,quality_of_life,,,,,,,,,,,,,,,,
FRAIL-003,41796126,adherence,,,,,,,,,,,,,,,,
FRAIL-003,41796126,dropout,,,,,,,,,,,,,,,,
FRAIL-003,41796126,adverse_events,,,,,,,,,,,,,,,,
FRAIL-004,41677077,frailty_status,,,,,,,,,,,,,,,,
FRAIL-004,41677077,frailty_score,,,,,,,,,,,,,,,,
FRAIL-004,41677077,gait_speed,,,,,,,,,,,,,,,,
FRAIL-004,41677077,sppb,,,,,,,,,,,,,,,,
FRAIL-004,41677077,grip_strength,,,,,,,,,,,,,,,,
FRAIL-004,41677077,adl_iadl,,,,,,,,,,,,,,,,
FRAIL-004,41677077,falls,,,,,,,,,,,,,,,,
FRAIL-004,41677077,quality_of_life,,,,,,,,,,,,,,,,
FRAIL-004,41677077,adherence,,,,,,,,,,,,,,,,
FRAIL-004,41677077,dropout,,,,,,,,,,,,,,,,
FRAIL-004,41677077,adverse_events,,,,,,,,,,,,,,,,
FRAIL-005,41658611,frailty_status,,,,,,,,,,,,,,,,
FRAIL-005,41658611,frailty_score,,,,,,,,,,,,,,,,
FRAIL-005,41658611,gait_speed,,,,,,,,,,,,,,,,
FRAIL-005,41658611,sppb,,,,,,,,,,,,,,,,
FRAIL-005,41658611,grip_strength,,,,,,,,,,,,,,,,
FRAIL-005,41658611,adl_iadl,,,,,,,,,,,,,,,,
FRAIL-005,41658611,falls,,,,,,,,,,,,,,,,
FRAIL-005,41658611,quality_of_life,,,,,,,,,,,,,,,,
FRAIL-005,41658611,adherence,,,,,,,,,,,,,,,,
FRAIL-005,41658611,dropout,,,,,,,,,,,,,,,,
FRAIL-005,41658611,adverse_events,,,,,,,,,,,,,,,,
FRAIL-006,41354090,frailty_status,,,,,,,,,,,,,,,,
FRAIL-006,41354090,frailty_score,,,,,,,,,,,,,,,,
FRAIL-006,41354090,gait_speed,,,,,,,,,,,,,,,,
FRAIL-006,41354090,sppb,,,,,,,,,,,,,,,,
FRAIL-006,41354090,grip_strength,,,,,,,,,,,,,,,,
FRAIL-006,41354090,adl_iadl,,,,,,,,,,,,,,,,
FRAIL-006,41354090,falls,,,,,,,,,,,,,,,,
FRAIL-006,41354090,quality_of_life,,,,,,,,,,,,,,,,
FRAIL-006,41354090,adherence,,,,,,,,,,,,,,,,
FRAIL-006,41354090,dropout,,,,,,,,,,,,,,,,
FRAIL-006,41354090,adverse_events,,,,,,,,,,,,,,,,
FRAIL-007,41120990,frailty_status,,,,,,,,,,,,,,,,
FRAIL-007,41120990,frailty_score,,,,,,,,,,,,,,,,
FRAIL-007,41120990,gait_speed,,,,,,,,,,,,,,,,
FRAIL-007,41120990,sppb,,,,,,,,,,,,,,,,
FRAIL-007,41120990,grip_strength,,,,,,,,,,,,,,,,
FRAIL-007,41120990,adl_iadl,,,,,,,,,,,,,,,,
FRAIL-007,41120990,falls,,,,,,,,,,,,,,,,
FRAIL-007,41120990,quality_of_life,,,,,,,,,,,,,,,,
FRAIL-007,41120990,adherence,,,,,,,,,,,,,,,,
FRAIL-007,41120990,dropout,,,,,,,,,,,,,,,,
FRAIL-007,41120990,adverse_events,,,,,,,,,,,,,,,,
FRAIL-008,41095572,frailty_status,,,,,,,,,,,,,,,,
FRAIL-008,41095572,frailty_score,,,,,,,,,,,,,,,,
FRAIL-008,41095572,gait_speed,,,,,,,,,,,,,,,,
FRAIL-008,41095572,sppb,,,,,,,,,,,,,,,,
FRAIL-008,41095572,grip_strength,,,,,,,,,,,,,,,,
FRAIL-008,41095572,adl_iadl,,,,,,,,,,,,,,,,
FRAIL-008,41095572,falls,,,,,,,,,,,,,,,,
FRAIL-008,41095572,quality_of_life,,,,,,,,,,,,,,,,
FRAIL-008,41095572,adherence,,,,,,,,,,,,,,,,
FRAIL-008,41095572,dropout,,,,,,,,,,,,,,,,
FRAIL-008,41095572,adverse_events,,,,,,,,,,,,,,,,
FRAIL-009,41035820,frailty_status,,,,,,,,,,,,,,,,
FRAIL-009,41035820,frailty_score,,,,,,,,,,,,,,,,
FRAIL-009,41035820,gait_speed,,,,,,,,,,,,,,,,
FRAIL-009,41035820,sppb,,,,,,,,,,,,,,,,
FRAIL-009,41035820,grip_strength,,,,,,,,,,,,,,,,
FRAIL-009,41035820,adl_iadl,,,,,,,,,,,,,,,,
FRAIL-009,41035820,falls,,,,,,,,,,,,,,,,
FRAIL-009,41035820,quality_of_life,,,,,,,,,,,,,,,,
FRAIL-009,41035820,adherence,,,,,,,,,,,,,,,,
FRAIL-009,41035820,dropout,,,,,,,,,,,,,,,,
FRAIL-009,41035820,adverse_events,,,,,,,,,,,,,,,,
FRAIL-010,40969786,frailty_status,,,,,,,,,,,,,,,,
FRAIL-010,40969786,frailty_score,,,,,,,,,,,,,,,,
FRAIL-010,40969786,gait_speed,,,,,,,,,,,,,,,,
FRAIL-010,40969786,sppb,,,,,,,,,,,,,,,,
FRAIL-010,40969786,grip_strength,,,,,,,,,,,,,,,,
FRAIL-010,40969786,adl_iadl,,,,,,,,,,,,,,,,
FRAIL-010,40969786,falls,,,,,,,,,,,,,,,,
FRAIL-010,40969786,quality_of_life,,,,,,,,,,,,,,,,
FRAIL-010,40969786,adherence,,,,,,,,,,,,,,,,
FRAIL-010,40969786,dropout,,,,,,,,,,,,,,,,
FRAIL-010,40969786,adverse_events,,,,,,,,,,,,,,,,
FRAIL-011,40938877,frailty_status,,,,,,,,,,,,,,,,
FRAIL-011,40938877,frailty_score,,,,,,,,,,,,,,,,
FRAIL-011,40938877,gait_speed,,,,,,,,,,,,,,,,
FRAIL-011,40938877,sppb,,,,,,,,,,,,,,,,
FRAIL-011,40938877,grip_strength,,,,,,,,,,,,,,,,
FRAIL-011,40938877,adl_iadl,,,,,,,,,,,,,,,,
FRAIL-011,40938877,falls,,,,,,,,,,,,,,,,
FRAIL-011,40938877,quality_of_life,,,,,,,,,,,,,,,,
FRAIL-011,40938877,adherence,,,,,,,,,,,,,,,,
FRAIL-011,40938877,dropout,,,,,,,,,,,,,,,,
FRAIL-011,40938877,adverse_events,,,,,,,,,,,,,,,,
FRAIL-012,40749218,frailty_status,,,,,,,,,,,,,,,,
FRAIL-012,40749218,frailty_score,,,,,,,,,,,,,,,,
FRAIL-012,40749218,gait_speed,,,,,,,,,,,,,,,,
FRAIL-012,40749218,sppb,,,,,,,,,,,,,,,,
FRAIL-012,40749218,grip_strength,,,,,,,,,,,,,,,,
FRAIL-012,40749218,adl_iadl,,,,,,,,,,,,,,,,
FRAIL-012,40749218,falls,,,,,,,,,,,,,,,,
FRAIL-012,40749218,quality_of_life,,,,,,,,,,,,,,,,
FRAIL-012,40749218,adherence,,,,,,,,,,,,,,,,
FRAIL-012,40749218,dropout,,,,,,,,,,,,,,,,
FRAIL-012,40749218,adverse_events,,,,,,,,,,,,,,,,
FRAIL-013,40695991,frailty_status,,,,,,,,,,,,,,,,
FRAIL-013,40695991,frailty_score,,,,,,,,,,,,,,,,
FRAIL-013,40695991,gait_speed,,,,,,,,,,,,,,,,
FRAIL-013,40695991,sppb,,,,,,,,,,,,,,,,
FRAIL-013,40695991,grip_strength,,,,,,,,,,,,,,,,
FRAIL-013,40695991,adl_iadl,,,,,,,,,,,,,,,,
FRAIL-013,40695991,falls,,,,,,,,,,,,,,,,
FRAIL-013,40695991,quality_of_life,,,,,,,,,,,,,,,,
FRAIL-013,40695991,adherence,,,,,,,,,,,,,,,,
FRAIL-013,40695991,dropout,,,,,,,,,,,,,,,,
FRAIL-013,40695991,adverse_events,,,,,,,,,,,,,,,,
FRAIL-014,40514302,frailty_status,,,,,,,,,,,,,,,,
FRAIL-014,40514302,frailty_score,,,,,,,,,,,,,,,,
FRAIL-014,40514302,gait_speed,,,,,,,,,,,,,,,,
FRAIL-014,40514302,sppb,,,,,,,,,,,,,,,,
FRAIL-014,40514302,grip_strength,,,,,,,,,,,,,,,,
FRAIL-014,40514302,adl_iadl,,,,,,,,,,,,,,,,
FRAIL-014,40514302,falls,,,,,,,,,,,,,,,,
FRAIL-014,40514302,quality_of_life,,,,,,,,,,,,,,,,
FRAIL-014,40514302,adherence,,,,,,,,,,,,,,,,
FRAIL-014,40514302,dropout,,,,,,,,,,,,,,,,
FRAIL-014,40514302,adverse_events,,,,,,,,,,,,,,,,
FRAIL-015,40471669,frailty_status,,,,,,,,,,,,,,,,
FRAIL-015,40471669,frailty_score,,,,,,,,,,,,,,,,
FRAIL-015,40471669,gait_speed,,,,,,,,,,,,,,,,
FRAIL-015,40471669,sppb,,,,,,,,,,,,,,,,
FRAIL-015,40471669,grip_strength,,,,,,,,,,,,,,,,
FRAIL-015,40471669,adl_iadl,,,,,,,,,,,,,,,,
FRAIL-015,40471669,falls,,,,,,,,,,,,,,,,
FRAIL-015,40471669,quality_of_life,,,,,,,,,,,,,,,,
FRAIL-015,40471669,adherence,,,,,,,,,,,,,,,,
FRAIL-015,40471669,dropout,,,,,,,,,,,,,,,,
FRAIL-015,40471669,adverse_events,,,,,,,,,,,,,,,,
FRAIL-016,40367490,frailty_status,,,,,,,,,,,,,,,,
FRAIL-016,40367490,frailty_score,,,,,,,,,,,,,,,,
FRAIL-016,40367490,gait_speed,,,,,,,,,,,,,,,,
FRAIL-016,40367490,sppb,,,,,,,,,,,,,,,,
FRAIL-016,40367490,grip_strength,,,,,,,,,,,,,,,,
FRAIL-016,40367490,adl_iadl,,,,,,,,,,,,,,,,
FRAIL-016,40367490,falls,,,,,,,,,,,,,,,,
FRAIL-016,40367490,quality_of_life,,,,,,,,,,,,,,,,
FRAIL-016,40367490,adherence,,,,,,,,,,,,,,,,
FRAIL-016,40367490,dropout,,,,,,,,,,,,,,,,
FRAIL-016,40367490,adverse_events,,,,,,,,,,,,,,,,
FRAIL-017,40121486,frailty_status,,,,,,,,,,,,,,,,
FRAIL-017,40121486,frailty_score,,,,,,,,,,,,,,,,
FRAIL-017,40121486,gait_speed,,,,,,,,,,,,,,,,
FRAIL-017,40121486,sppb,,,,,,,,,,,,,,,,
FRAIL-017,40121486,grip_strength,,,,,,,,,,,,,,,,
FRAIL-017,40121486,adl_iadl,,,,,,,,,,,,,,,,
FRAIL-017,40121486,falls,,,,,,,,,,,,,,,,
FRAIL-017,40121486,quality_of_life,,,,,,,,,,,,,,,,
FRAIL-017,40121486,adherence,,,,,,,,,,,,,,,,
FRAIL-017,40121486,dropout,,,,,,,,,,,,,,,,
FRAIL-017,40121486,adverse_events,,,,,,,,,,,,,,,,
FRAIL-018,40005003,frailty_status,,,,,,,,,,,,,,,,
FRAIL-018,40005003,frailty_score,,,,,,,,,,,,,,,,
FRAIL-018,40005003,gait_speed,,,,,,,,,,,,,,,,
FRAIL-018,40005003,sppb,,,,,,,,,,,,,,,,
FRAIL-018,40005003,grip_strength,,,,,,,,,,,,,,,,
FRAIL-018,40005003,adl_iadl,,,,,,,,,,,,,,,,
FRAIL-018,40005003,falls,,,,,,,,,,,,,,,,
FRAIL-018,40005003,quality_of_life,,,,,,,,,,,,,,,,
FRAIL-018,40005003,adherence,,,,,,,,,,,,,,,,
FRAIL-018,40005003,dropout,,,,,,,,,,,,,,,,
FRAIL-018,40005003,adverse_events,,,,,,,,,,,,,,,,
FRAIL-019,39997521,frailty_status,,,,,,,,,,,,,,,,
FRAIL-019,39997521,frailty_score,,,,,,,,,,,,,,,,
FRAIL-019,39997521,gait_speed,,,,,,,,,,,,,,,,
FRAIL-019,39997521,sppb,,,,,,,,,,,,,,,,
FRAIL-019,39997521,grip_strength,,,,,,,,,,,,,,,,
FRAIL-019,39997521,adl_iadl,,,,,,,,,,,,,,,,
FRAIL-019,39997521,falls,,,,,,,,,,,,,,,,
FRAIL-019,39997521,quality_of_life,,,,,,,,,,,,,,,,
FRAIL-019,39997521,adherence,,,,,,,,,,,,,,,,
FRAIL-019,39997521,dropout,,,,,,,,,,,,,,,,
FRAIL-019,39997521,adverse_events,,,,,,,,,,,,,,,,
FRAIL-020,39954533,frailty_status,,,,,,,,,,,,,,,,
FRAIL-020,39954533,frailty_score,,,,,,,,,,,,,,,,
FRAIL-020,39954533,gait_speed,,,,,,,,,,,,,,,,
FRAIL-020,39954533,sppb,,,,,,,,,,,,,,,,
FRAIL-020,39954533,grip_strength,,,,,,,,,,,,,,,,
FRAIL-020,39954533,adl_iadl,,,,,,,,,,,,,,,,
FRAIL-020,39954533,falls,,,,,,,,,,,,,,,,
FRAIL-020,39954533,quality_of_life,,,,,,,,,,,,,,,,
FRAIL-020,39954533,adherence,,,,,,,,,,,,,,,,
FRAIL-020,39954533,dropout,,,,,,,,,,,,,,,,
FRAIL-020,39954533,adverse_events,,,,,,,,,,,,,,,,
FRAIL-021,39871464,frailty_status,,,,,,,,,,,,,,,,
FRAIL-021,39871464,frailty_score,,,,,,,,,,,,,,,,
FRAIL-021,39871464,gait_speed,,,,,,,,,,,,,,,,
FRAIL-021,39871464,sppb,,,,,,,,,,,,,,,,
FRAIL-021,39871464,grip_strength,,,,,,,,,,,,,,,,
FRAIL-021,39871464,adl_iadl,,,,,,,,,,,,,,,,
FRAIL-021,39871464,falls,,,,,,,,,,,,,,,,
FRAIL-021,39871464,quality_of_life,,,,,,,,,,,,,,,,
FRAIL-021,39871464,adherence,,,,,,,,,,,,,,,,
FRAIL-021,39871464,dropout,,,,,,,,,,,,,,,,
FRAIL-021,39871464,adverse_events,,,,,,,,,,,,,,,,
FRAIL-022,39652737,frailty_status,,,,,,,,,,,,,,,,
FRAIL-022,39652737,frailty_score,,,,,,,,,,,,,,,,
FRAIL-022,39652737,gait_speed,,,,,,,,,,,,,,,,
FRAIL-022,39652737,sppb,,,,,,,,,,,,,,,,
FRAIL-022,39652737,grip_strength,,,,,,,,,,,,,,,,
FRAIL-022,39652737,adl_iadl,,,,,,,,,,,,,,,,
FRAIL-022,39652737,falls,,,,,,,,,,,,,,,,
FRAIL-022,39652737,quality_of_life,,,,,,,,,,,,,,,,
FRAIL-022,39652737,adherence,,,,,,,,,,,,,,,,
FRAIL-022,39652737,dropout,,,,,,,,,,,,,,,,
FRAIL-022,39652737,adverse_events,,,,,,,,,,,,,,,,
FRAIL-023,39580545,frailty_status,,,,,,,,,,,,,,,,
FRAIL-023,39580545,frailty_score,,,,,,,,,,,,,,,,
FRAIL-023,39580545,gait_speed,,,,,,,,,,,,,,,,
FRAIL-023,39580545,sppb,,,,,,,,,,,,,,,,
FRAIL-023,39580545,grip_strength,,,,,,,,,,,,,,,,
FRAIL-023,39580545,adl_iadl,,,,,,,,,,,,,,,,
FRAIL-023,39580545,falls,,,,,,,,,,,,,,,,
FRAIL-023,39580545,quality_of_life,,,,,,,,,,,,,,,,
FRAIL-023,39580545,adherence,,,,,,,,,,,,,,,,
FRAIL-023,39580545,dropout,,,,,,,,,,,,,,,,
FRAIL-023,39580545,adverse_events,,,,,,,,,,,,,,,,
FRAIL-024,39478450,frailty_status,,,,,,,,,,,,,,,,
FRAIL-024,39478450,frailty_score,,,,,,,,,,,,,,,,
FRAIL-024,39478450,gait_speed,,,,,,,,,,,,,,,,
FRAIL-024,39478450,sppb,,,,,,,,,,,,,,,,
FRAIL-024,39478450,grip_strength,,,,,,,,,,,,,,,,
FRAIL-024,39478450,adl_iadl,,,,,,,,,,,,,,,,
FRAIL-024,39478450,falls,,,,,,,,,,,,,,,,
FRAIL-024,39478450,quality_of_life,,,,,,,,,,,,,,,,
FRAIL-024,39478450,adherence,,,,,,,,,,,,,,,,
FRAIL-024,39478450,dropout,,,,,,,,,,,,,,,,
FRAIL-024,39478450,adverse_events,,,,,,,,,,,,,,,,
FRAIL-025,39390362,frailty_status,,,,,,,,,,,,,,,,
FRAIL-025,39390362,frailty_score,,,,,,,,,,,,,,,,
FRAIL-025,39390362,gait_speed,,,,,,,,,,,,,,,,
FRAIL-025,39390362,sppb,,,,,,,,,,,,,,,,
FRAIL-025,39390362,grip_strength,,,,,,,,,,,,,,,,
FRAIL-025,39390362,adl_iadl,,,,,,,,,,,,,,,,
FRAIL-025,39390362,falls,,,,,,,,,,,,,,,,
FRAIL-025,39390362,quality_of_life,,,,,,,,,,,,,,,,
FRAIL-025,39390362,adherence,,,,,,,,,,,,,,,,
FRAIL-025,39390362,dropout,,,,,,,,,,,,,,,,
FRAIL-025,39390362,adverse_events,,,,,,,,,,,,,,,,
FRAIL-026,39354527,frailty_status,,,,,,,,,,,,,,,,
FRAIL-026,39354527,frailty_score,,,,,,,,,,,,,,,,
FRAIL-026,39354527,gait_speed,,,,,,,,,,,,,,,,
FRAIL-026,39354527,sppb,,,,,,,,,,,,,,,,
FRAIL-026,39354527,grip_strength,,,,,,,,,,,,,,,,
FRAIL-026,39354527,adl_iadl,,,,,,,,,,,,,,,,
FRAIL-026,39354527,falls,,,,,,,,,,,,,,,,
FRAIL-026,39354527,quality_of_life,,,,,,,,,,,,,,,,
FRAIL-026,39354527,adherence,,,,,,,,,,,,,,,,
FRAIL-026,39354527,dropout,,,,,,,,,,,,,,,,
FRAIL-026,39354527,adverse_events,,,,,,,,,,,,,,,,
FRAIL-027,39211745,frailty_status,,,,,,,,,,,,,,,,
FRAIL-027,39211745,frailty_score,,,,,,,,,,,,,,,,
FRAIL-027,39211745,gait_speed,,,,,,,,,,,,,,,,
FRAIL-027,39211745,sppb,,,,,,,,,,,,,,,,
FRAIL-027,39211745,grip_strength,,,,,,,,,,,,,,,,
FRAIL-027,39211745,adl_iadl,,,,,,,,,,,,,,,,
FRAIL-027,39211745,falls,,,,,,,,,,,,,,,,
FRAIL-027,39211745,quality_of_life,,,,,,,,,,,,,,,,
FRAIL-027,39211745,adherence,,,,,,,,,,,,,,,,
FRAIL-027,39211745,dropout,,,,,,,,,,,,,,,,
FRAIL-027,39211745,adverse_events,,,,,,,,,,,,,,,,
FRAIL-028,38111605,frailty_status,,,,,,,,,,,,,,,,
FRAIL-028,38111605,frailty_score,,,,,,,,,,,,,,,,
FRAIL-028,38111605,gait_speed,,,,,,,,,,,,,,,,
FRAIL-028,38111605,sppb,,,,,,,,,,,,,,,,
FRAIL-028,38111605,grip_strength,,,,,,,,,,,,,,,,
FRAIL-028,38111605,adl_iadl,,,,,,,,,,,,,,,,
FRAIL-028,38111605,falls,,,,,,,,,,,,,,,,
FRAIL-028,38111605,quality_of_life,,,,,,,,,,,,,,,,
FRAIL-028,38111605,adherence,,,,,,,,,,,,,,,,
FRAIL-028,38111605,dropout,,,,,,,,,,,,,,,,
FRAIL-028,38111605,adverse_events,,,,,,,,,,,,,,,,
FRAIL-029,37960913,frailty_status,,,,,,,,,,,,,,,,
FRAIL-029,37960913,frailty_score,,,,,,,,,,,,,,,,
FRAIL-029,37960913,gait_speed,,,,,,,,,,,,,,,,
FRAIL-029,37960913,sppb,,,,,,,,,,,,,,,,
FRAIL-029,37960913,grip_strength,,,,,,,,,,,,,,,,
FRAIL-029,37960913,adl_iadl,,,,,,,,,,,,,,,,
FRAIL-029,37960913,falls,,,,,,,,,,,,,,,,
FRAIL-029,37960913,quality_of_life,,,,,,,,,,,,,,,,
FRAIL-029,37960913,adherence,,,,,,,,,,,,,,,,
FRAIL-029,37960913,dropout,,,,,,,,,,,,,,,,
FRAIL-029,37960913,adverse_events,,,,,,,,,,,,,,,,
FRAIL-030,37875291,frailty_status,,,,,,,,,,,,,,,,
FRAIL-030,37875291,frailty_score,,,,,,,,,,,,,,,,
FRAIL-030,37875291,gait_speed,,,,,,,,,,,,,,,,
FRAIL-030,37875291,sppb,,,,,,,,,,,,,,,,
FRAIL-030,37875291,grip_strength,,,,,,,,,,,,,,,,
FRAIL-030,37875291,adl_iadl,,,,,,,,,,,,,,,,
FRAIL-030,37875291,falls,,,,,,,,,,,,,,,,
FRAIL-030,37875291,quality_of_life,,,,,,,,,,,,,,,,
FRAIL-030,37875291,adherence,,,,,,,,,,,,,,,,
FRAIL-030,37875291,dropout,,,,,,,,,,,,,,,,
FRAIL-030,37875291,adverse_events,,,,,,,,,,,,,,,,
FRAIL-031,37357328,frailty_status,,,,,,,,,,,,,,,,
FRAIL-031,37357328,frailty_score,,,,,,,,,,,,,,,,
FRAIL-031,37357328,gait_speed,,,,,,,,,,,,,,,,
FRAIL-031,37357328,sppb,,,,,,,,,,,,,,,,
FRAIL-031,37357328,grip_strength,,,,,,,,,,,,,,,,
FRAIL-031,37357328,adl_iadl,,,,,,,,,,,,,,,,
FRAIL-031,37357328,falls,,,,,,,,,,,,,,,,
FRAIL-031,37357328,quality_of_life,,,,,,,,,,,,,,,,
FRAIL-031,37357328,adherence,,,,,,,,,,,,,,,,
FRAIL-031,37357328,dropout,,,,,,,,,,,,,,,,
FRAIL-031,37357328,adverse_events,,,,,,,,,,,,,,,,
FRAIL-032,37328797,frailty_status,,,,,,,,,,,,,,,,
FRAIL-032,37328797,frailty_score,,,,,,,,,,,,,,,,
FRAIL-032,37328797,gait_speed,,,,,,,,,,,,,,,,
FRAIL-032,37328797,sppb,,,,,,,,,,,,,,,,
FRAIL-032,37328797,grip_strength,,,,,,,,,,,,,,,,
FRAIL-032,37328797,adl_iadl,,,,,,,,,,,,,,,,
FRAIL-032,37328797,falls,,,,,,,,,,,,,,,,
FRAIL-032,37328797,quality_of_life,,,,,,,,,,,,,,,,
FRAIL-032,37328797,adherence,,,,,,,,,,,,,,,,
FRAIL-032,37328797,dropout,,,,,,,,,,,,,,,,
FRAIL-032,37328797,adverse_events,,,,,,,,,,,,,,,,
FRAIL-033,37049448,frailty_status,,,,,,,,,,,,,,,,
FRAIL-033,37049448,frailty_score,,,,,,,,,,,,,,,,
FRAIL-033,37049448,gait_speed,,,,,,,,,,,,,,,,
FRAIL-033,37049448,sppb,,,,,,,,,,,,,,,,
FRAIL-033,37049448,grip_strength,,,,,,,,,,,,,,,,
FRAIL-033,37049448,adl_iadl,,,,,,,,,,,,,,,,
FRAIL-033,37049448,falls,,,,,,,,,,,,,,,,
FRAIL-033,37049448,quality_of_life,,,,,,,,,,,,,,,,
FRAIL-033,37049448,adherence,,,,,,,,,,,,,,,,
FRAIL-033,37049448,dropout,,,,,,,,,,,,,,,,
FRAIL-033,37049448,adverse_events,,,,,,,,,,,,,,,,
FRAIL-034,36673644,frailty_status,,,,,,,,,,,,,,,,
FRAIL-034,36673644,frailty_score,,,,,,,,,,,,,,,,
FRAIL-034,36673644,gait_speed,,,,,,,,,,,,,,,,
FRAIL-034,36673644,sppb,,,,,,,,,,,,,,,,
FRAIL-034,36673644,grip_strength,,,,,,,,,,,,,,,,
FRAIL-034,36673644,adl_iadl,,,,,,,,,,,,,,,,
FRAIL-034,36673644,falls,,,,,,,,,,,,,,,,
FRAIL-034,36673644,quality_of_life,,,,,,,,,,,,,,,,
FRAIL-034,36673644,adherence,,,,,,,,,,,,,,,,
FRAIL-034,36673644,dropout,,,,,,,,,,,,,,,,
FRAIL-034,36673644,adverse_events,,,,,,,,,,,,,,,,
FRAIL-035,36636457,frailty_status,,,,,,,,,,,,,,,,
FRAIL-035,36636457,frailty_score,,,,,,,,,,,,,,,,
FRAIL-035,36636457,gait_speed,,,,,,,,,,,,,,,,
FRAIL-035,36636457,sppb,,,,,,,,,,,,,,,,
FRAIL-035,36636457,grip_strength,,,,,,,,,,,,,,,,
FRAIL-035,36636457,adl_iadl,,,,,,,,,,,,,,,,
FRAIL-035,36636457,falls,,,,,,,,,,,,,,,,
FRAIL-035,36636457,quality_of_life,,,,,,,,,,,,,,,,
FRAIL-035,36636457,adherence,,,,,,,,,,,,,,,,
FRAIL-035,36636457,dropout,,,,,,,,,,,,,,,,
FRAIL-035,36636457,adverse_events,,,,,,,,,,,,,,,,
FRAIL-036,36528997,frailty_status,,,,,,,,,,,,,,,,
FRAIL-036,36528997,frailty_score,,,,,,,,,,,,,,,,
FRAIL-036,36528997,gait_speed,,,,,,,,,,,,,,,,
FRAIL-036,36528997,sppb,,,,,,,,,,,,,,,,
FRAIL-036,36528997,grip_strength,,,,,,,,,,,,,,,,
FRAIL-036,36528997,adl_iadl,,,,,,,,,,,,,,,,
FRAIL-036,36528997,falls,,,,,,,,,,,,,,,,
FRAIL-036,36528997,quality_of_life,,,,,,,,,,,,,,,,
FRAIL-036,36528997,adherence,,,,,,,,,,,,,,,,
FRAIL-036,36528997,dropout,,,,,,,,,,,,,,,,
FRAIL-036,36528997,adverse_events,,,,,,,,,,,,,,,,
FRAIL-037,36426763,frailty_status,,,,,,,,,,,,,,,,
FRAIL-037,36426763,frailty_score,,,,,,,,,,,,,,,,
FRAIL-037,36426763,gait_speed,,,,,,,,,,,,,,,,
FRAIL-037,36426763,sppb,,,,,,,,,,,,,,,,
FRAIL-037,36426763,grip_strength,,,,,,,,,,,,,,,,
FRAIL-037,36426763,adl_iadl,,,,,,,,,,,,,,,,
FRAIL-037,36426763,falls,,,,,,,,,,,,,,,,
FRAIL-037,36426763,quality_of_life,,,,,,,,,,,,,,,,
FRAIL-037,36426763,adherence,,,,,,,,,,,,,,,,
FRAIL-037,36426763,dropout,,,,,,,,,,,,,,,,
FRAIL-037,36426763,adverse_events,,,,,,,,,,,,,,,,
FRAIL-038,36341237,frailty_status,,,,,,,,,,,,,,,,
FRAIL-038,36341237,frailty_score,,,,,,,,,,,,,,,,
FRAIL-038,36341237,gait_speed,,,,,,,,,,,,,,,,
FRAIL-038,36341237,sppb,,,,,,,,,,,,,,,,
FRAIL-038,36341237,grip_strength,,,,,,,,,,,,,,,,
FRAIL-038,36341237,adl_iadl,,,,,,,,,,,,,,,,
FRAIL-038,36341237,falls,,,,,,,,,,,,,,,,
FRAIL-038,36341237,quality_of_life,,,,,,,,,,,,,,,,
FRAIL-038,36341237,adherence,,,,,,,,,,,,,,,,
FRAIL-038,36341237,dropout,,,,,,,,,,,,,,,,
FRAIL-038,36341237,adverse_events,,,,,,,,,,,,,,,,
FRAIL-039,35887850,frailty_status,,,,,,,,,,,,,,,,
FRAIL-039,35887850,frailty_score,,,,,,,,,,,,,,,,
FRAIL-039,35887850,gait_speed,,,,,,,,,,,,,,,,
FRAIL-039,35887850,sppb,,,,,,,,,,,,,,,,
FRAIL-039,35887850,grip_strength,,,,,,,,,,,,,,,,
FRAIL-039,35887850,adl_iadl,,,,,,,,,,,,,,,,
FRAIL-039,35887850,falls,,,,,,,,,,,,,,,,
FRAIL-039,35887850,quality_of_life,,,,,,,,,,,,,,,,
FRAIL-039,35887850,adherence,,,,,,,,,,,,,,,,
FRAIL-039,35887850,dropout,,,,,,,,,,,,,,,,
FRAIL-039,35887850,adverse_events,,,,,,,,,,,,,,,,
FRAIL-040,35766913,frailty_status,,,,,,,,,,,,,,,,
FRAIL-040,35766913,frailty_score,,,,,,,,,,,,,,,,
FRAIL-040,35766913,gait_speed,,,,,,,,,,,,,,,,
FRAIL-040,35766913,sppb,,,,,,,,,,,,,,,,
FRAIL-040,35766913,grip_strength,,,,,,,,,,,,,,,,
FRAIL-040,35766913,adl_iadl,,,,,,,,,,,,,,,,
FRAIL-040,35766913,falls,,,,,,,,,,,,,,,,
FRAIL-040,35766913,quality_of_life,,,,,,,,,,,,,,,,
FRAIL-040,35766913,adherence,,,,,,,,,,,,,,,,
FRAIL-040,35766913,dropout,,,,,,,,,,,,,,,,
FRAIL-040,35766913,adverse_events,,,,,,,,,,,,,,,,
FRAIL-041,35399053,frailty_status,,,,,,,,,,,,,,,,
FRAIL-041,35399053,frailty_score,,,,,,,,,,,,,,,,
FRAIL-041,35399053,gait_speed,,,,,,,,,,,,,,,,
FRAIL-041,35399053,sppb,,,,,,,,,,,,,,,,
FRAIL-041,35399053,grip_strength,,,,,,,,,,,,,,,,
FRAIL-041,35399053,adl_iadl,,,,,,,,,,,,,,,,
FRAIL-041,35399053,falls,,,,,,,,,,,,,,,,
FRAIL-041,35399053,quality_of_life,,,,,,,,,,,,,,,,
FRAIL-041,35399053,adherence,,,,,,,,,,,,,,,,
FRAIL-041,35399053,dropout,,,,,,,,,,,,,,,,
FRAIL-041,35399053,adverse_events,,,,,,,,,,,,,,,,
FRAIL-042,34725661,frailty_status,,,,,,,,,,,,,,,,
FRAIL-042,34725661,frailty_score,,,,,,,,,,,,,,,,
FRAIL-042,34725661,gait_speed,,,,,,,,,,,,,,,,
FRAIL-042,34725661,sppb,,,,,,,,,,,,,,,,
FRAIL-042,34725661,grip_strength,,,,,,,,,,,,,,,,
FRAIL-042,34725661,adl_iadl,,,,,,,,,,,,,,,,
FRAIL-042,34725661,falls,,,,,,,,,,,,,,,,
FRAIL-042,34725661,quality_of_life,,,,,,,,,,,,,,,,
FRAIL-042,34725661,adherence,,,,,,,,,,,,,,,,
FRAIL-042,34725661,dropout,,,,,,,,,,,,,,,,
FRAIL-042,34725661,adverse_events,,,,,,,,,,,,,,,,
FRAIL-043,34620081,frailty_status,,,,,,,,,,,,,,,,
FRAIL-043,34620081,frailty_score,,,,,,,,,,,,,,,,
FRAIL-043,34620081,gait_speed,,,,,,,,,,,,,,,,
FRAIL-043,34620081,sppb,,,,,,,,,,,,,,,,
FRAIL-043,34620081,grip_strength,,,,,,,,,,,,,,,,
FRAIL-043,34620081,adl_iadl,,,,,,,,,,,,,,,,
FRAIL-043,34620081,falls,,,,,,,,,,,,,,,,
FRAIL-043,34620081,quality_of_life,,,,,,,,,,,,,,,,
FRAIL-043,34620081,adherence,,,,,,,,,,,,,,,,
FRAIL-043,34620081,dropout,,,,,,,,,,,,,,,,
FRAIL-043,34620081,adverse_events,,,,,,,,,,,,,,,,
FRAIL-044,34449605,frailty_status,,,,,,,,,,,,,,,,
FRAIL-044,34449605,frailty_score,,,,,,,,,,,,,,,,
FRAIL-044,34449605,gait_speed,,,,,,,,,,,,,,,,
FRAIL-044,34449605,sppb,,,,,,,,,,,,,,,,
FRAIL-044,34449605,grip_strength,,,,,,,,,,,,,,,,
FRAIL-044,34449605,adl_iadl,,,,,,,,,,,,,,,,
FRAIL-044,34449605,falls,,,,,,,,,,,,,,,,
FRAIL-044,34449605,quality_of_life,,,,,,,,,,,,,,,,
FRAIL-044,34449605,adherence,,,,,,,,,,,,,,,,
FRAIL-044,34449605,dropout,,,,,,,,,,,,,,,,
FRAIL-044,34449605,adverse_events,,,,,,,,,,,,,,,,
FRAIL-045,34351363,frailty_status,,,,,,,,,,,,,,,,
FRAIL-045,34351363,frailty_score,,,,,,,,,,,,,,,,
FRAIL-045,34351363,gait_speed,,,,,,,,,,,,,,,,
FRAIL-045,34351363,sppb,,,,,,,,,,,,,,,,
FRAIL-045,34351363,grip_strength,,,,,,,,,,,,,,,,
FRAIL-045,34351363,adl_iadl,,,,,,,,,,,,,,,,
FRAIL-045,34351363,falls,,,,,,,,,,,,,,,,
FRAIL-045,34351363,quality_of_life,,,,,,,,,,,,,,,,
FRAIL-045,34351363,adherence,,,,,,,,,,,,,,,,
FRAIL-045,34351363,dropout,,,,,,,,,,,,,,,,
FRAIL-045,34351363,adverse_events,,,,,,,,,,,,,,,,
FRAIL-046,33968874,frailty_status,,,,,,,,,,,,,,,,
FRAIL-046,33968874,frailty_score,,,,,,,,,,,,,,,,
FRAIL-046,33968874,gait_speed,,,,,,,,,,,,,,,,
FRAIL-046,33968874,sppb,,,,,,,,,,,,,,,,
FRAIL-046,33968874,grip_strength,,,,,,,,,,,,,,,,
FRAIL-046,33968874,adl_iadl,,,,,,,,,,,,,,,,
FRAIL-046,33968874,falls,,,,,,,,,,,,,,,,
FRAIL-046,33968874,quality_of_life,,,,,,,,,,,,,,,,
FRAIL-046,33968874,adherence,,,,,,,,,,,,,,,,
FRAIL-046,33968874,dropout,,,,,,,,,,,,,,,,
FRAIL-046,33968874,adverse_events,,,,,,,,,,,,,,,,
FRAIL-047,33937294,frailty_status,,,,,,,,,,,,,,,,
FRAIL-047,33937294,frailty_score,,,,,,,,,,,,,,,,
FRAIL-047,33937294,gait_speed,,,,,,,,,,,,,,,,
FRAIL-047,33937294,sppb,,,,,,,,,,,,,,,,
FRAIL-047,33937294,grip_strength,,,,,,,,,,,,,,,,
FRAIL-047,33937294,adl_iadl,,,,,,,,,,,,,,,,
FRAIL-047,33937294,falls,,,,,,,,,,,,,,,,
FRAIL-047,33937294,quality_of_life,,,,,,,,,,,,,,,,
FRAIL-047,33937294,adherence,,,,,,,,,,,,,,,,
FRAIL-047,33937294,dropout,,,,,,,,,,,,,,,,
FRAIL-047,33937294,adverse_events,,,,,,,,,,,,,,,,
FRAIL-048,33742266,frailty_status,,,,,,,,,,,,,,,,
FRAIL-048,33742266,frailty_score,,,,,,,,,,,,,,,,
FRAIL-048,33742266,gait_speed,,,,,,,,,,,,,,,,
FRAIL-048,33742266,sppb,,,,,,,,,,,,,,,,
FRAIL-048,33742266,grip_strength,,,,,,,,,,,,,,,,
FRAIL-048,33742266,adl_iadl,,,,,,,,,,,,,,,,
FRAIL-048,33742266,falls,,,,,,,,,,,,,,,,
FRAIL-048,33742266,quality_of_life,,,,,,,,,,,,,,,,
FRAIL-048,33742266,adherence,,,,,,,,,,,,,,,,
FRAIL-048,33742266,dropout,,,,,,,,,,,,,,,,
FRAIL-048,33742266,adverse_events,,,,,,,,,,,,,,,,
FRAIL-049,33583000,frailty_status,,,,,,,,,,,,,,,,
FRAIL-049,33583000,frailty_score,,,,,,,,,,,,,,,,
FRAIL-049,33583000,gait_speed,,,,,,,,,,,,,,,,
FRAIL-049,33583000,sppb,,,,,,,,,,,,,,,,
FRAIL-049,33583000,grip_strength,,,,,,,,,,,,,,,,
FRAIL-049,33583000,adl_iadl,,,,,,,,,,,,,,,,
FRAIL-049,33583000,falls,,,,,,,,,,,,,,,,
FRAIL-049,33583000,quality_of_life,,,,,,,,,,,,,,,,
FRAIL-049,33583000,adherence,,,,,,,,,,,,,,,,
FRAIL-049,33583000,dropout,,,,,,,,,,,,,,,,
FRAIL-049,33583000,adverse_events,,,,,,,,,,,,,,,,
FRAIL-050,33546255,frailty_status,,,,,,,,,,,,,,,,
FRAIL-050,33546255,frailty_score,,,,,,,,,,,,,,,,
FRAIL-050,33546255,gait_speed,,,,,,,,,,,,,,,,
FRAIL-050,33546255,sppb,,,,,,,,,,,,,,,,
FRAIL-050,33546255,grip_strength,,,,,,,,,,,,,,,,
FRAIL-050,33546255,adl_iadl,,,,,,,,,,,,,,,,
FRAIL-050,33546255,falls,,,,,,,,,,,,,,,,
FRAIL-050,33546255,quality_of_life,,,,,,,,,,,,,,,,
FRAIL-050,33546255,adherence,,,,,,,,,,,,,,,,
FRAIL-050,33546255,dropout,,,,,,,,,,,,,,,,
FRAIL-050,33546255,adverse_events,,,,,,,,,,,,,,,,
FRAIL-051,33513714,frailty_status,,,,,,,,,,,,,,,,
FRAIL-051,33513714,frailty_score,,,,,,,,,,,,,,,,
FRAIL-051,33513714,gait_speed,,,,,,,,,,,,,,,,
FRAIL-051,33513714,sppb,,,,,,,,,,,,,,,,
FRAIL-051,33513714,grip_strength,,,,,,,,,,,,,,,,
FRAIL-051,33513714,adl_iadl,,,,,,,,,,,,,,,,
FRAIL-051,33513714,falls,,,,,,,,,,,,,,,,
FRAIL-051,33513714,quality_of_life,,,,,,,,,,,,,,,,
FRAIL-051,33513714,adherence,,,,,,,,,,,,,,,,
FRAIL-051,33513714,dropout,,,,,,,,,,,,,,,,
FRAIL-051,33513714,adverse_events,,,,,,,,,,,,,,,,
FRAIL-052,32114877,frailty_status,,,,,,,,,,,,,,,,
FRAIL-052,32114877,frailty_score,,,,,,,,,,,,,,,,
FRAIL-052,32114877,gait_speed,,,,,,,,,,,,,,,,
FRAIL-052,32114877,sppb,,,,,,,,,,,,,,,,
FRAIL-052,32114877,grip_strength,,,,,,,,,,,,,,,,
FRAIL-052,32114877,adl_iadl,,,,,,,,,,,,,,,,
FRAIL-052,32114877,falls,,,,,,,,,,,,,,,,
FRAIL-052,32114877,quality_of_life,,,,,,,,,,,,,,,,
FRAIL-052,32114877,adherence,,,,,,,,,,,,,,,,
FRAIL-052,32114877,dropout,,,,,,,,,,,,,,,,
FRAIL-052,32114877,adverse_events,,,,,,,,,,,,,,,,
FRAIL-053,33032532,frailty_status,,,,,,,,,,,,,,,,
FRAIL-053,33032532,frailty_score,,,,,,,,,,,,,,,,
FRAIL-053,33032532,gait_speed,,,,,,,,,,,,,,,,
FRAIL-053,33032532,sppb,,,,,,,,,,,,,,,,
FRAIL-053,33032532,grip_strength,,,,,,,,,,,,,,,,
FRAIL-053,33032532,adl_iadl,,,,,,,,,,,,,,,,
FRAIL-053,33032532,falls,,,,,,,,,,,,,,,,
FRAIL-053,33032532,quality_of_life,,,,,,,,,,,,,,,,
FRAIL-053,33032532,adherence,,,,,,,,,,,,,,,,
FRAIL-053,33032532,dropout,,,,,,,,,,,,,,,,
FRAIL-053,33032532,adverse_events,,,,,,,,,,,,,,,,
FRAIL-054,32762725,frailty_status,,,,,,,,,,,,,,,,
FRAIL-054,32762725,frailty_score,,,,,,,,,,,,,,,,
FRAIL-054,32762725,gait_speed,,,,,,,,,,,,,,,,
FRAIL-054,32762725,sppb,,,,,,,,,,,,,,,,
FRAIL-054,32762725,grip_strength,,,,,,,,,,,,,,,,
FRAIL-054,32762725,adl_iadl,,,,,,,,,,,,,,,,
FRAIL-054,32762725,falls,,,,,,,,,,,,,,,,
FRAIL-054,32762725,quality_of_life,,,,,,,,,,,,,,,,
FRAIL-054,32762725,adherence,,,,,,,,,,,,,,,,
FRAIL-054,32762725,dropout,,,,,,,,,,,,,,,,
FRAIL-054,32762725,adverse_events,,,,,,,,,,,,,,,,
FRAIL-055,32702879,frailty_status,,,,,,,,,,,,,,,,
FRAIL-055,32702879,frailty_score,,,,,,,,,,,,,,,,
FRAIL-055,32702879,gait_speed,,,,,,,,,,,,,,,,
FRAIL-055,32702879,sppb,,,,,,,,,,,,,,,,
FRAIL-055,32702879,grip_strength,,,,,,,,,,,,,,,,
FRAIL-055,32702879,adl_iadl,,,,,,,,,,,,,,,,
FRAIL-055,32702879,falls,,,,,,,,,,,,,,,,
FRAIL-055,32702879,quality_of_life,,,,,,,,,,,,,,,,
FRAIL-055,32702879,adherence,,,,,,,,,,,,,,,,
FRAIL-055,32702879,dropout,,,,,,,,,,,,,,,,
FRAIL-055,32702879,adverse_events,,,,,,,,,,,,,,,,
FRAIL-056,32545408,frailty_status,,,,,,,,,,,,,,,,
FRAIL-056,32545408,frailty_score,,,,,,,,,,,,,,,,
FRAIL-056,32545408,gait_speed,,,,,,,,,,,,,,,,
FRAIL-056,32545408,sppb,,,,,,,,,,,,,,,,
FRAIL-056,32545408,grip_strength,,,,,,,,,,,,,,,,
FRAIL-056,32545408,adl_iadl,,,,,,,,,,,,,,,,
FRAIL-056,32545408,falls,,,,,,,,,,,,,,,,
FRAIL-056,32545408,quality_of_life,,,,,,,,,,,,,,,,
FRAIL-056,32545408,adherence,,,,,,,,,,,,,,,,
FRAIL-056,32545408,dropout,,,,,,,,,,,,,,,,
FRAIL-056,32545408,adverse_events,,,,,,,,,,,,,,,,
FRAIL-057,32466446,frailty_status,,,,,,,,,,,,,,,,
FRAIL-057,32466446,frailty_score,,,,,,,,,,,,,,,,
FRAIL-057,32466446,gait_speed,,,,,,,,,,,,,,,,
FRAIL-057,32466446,sppb,,,,,,,,,,,,,,,,
FRAIL-057,32466446,grip_strength,,,,,,,,,,,,,,,,
FRAIL-057,32466446,adl_iadl,,,,,,,,,,,,,,,,
FRAIL-057,32466446,falls,,,,,,,,,,,,,,,,
FRAIL-057,32466446,quality_of_life,,,,,,,,,,,,,,,,
FRAIL-057,32466446,adherence,,,,,,,,,,,,,,,,
FRAIL-057,32466446,dropout,,,,,,,,,,,,,,,,
FRAIL-057,32466446,adverse_events,,,,,,,,,,,,,,,,
FRAIL-058,32375700,frailty_status,,,,,,,,,,,,,,,,
FRAIL-058,32375700,frailty_score,,,,,,,,,,,,,,,,
FRAIL-058,32375700,gait_speed,,,,,,,,,,,,,,,,
FRAIL-058,32375700,sppb,,,,,,,,,,,,,,,,
FRAIL-058,32375700,grip_strength,,,,,,,,,,,,,,,,
FRAIL-058,32375700,adl_iadl,,,,,,,,,,,,,,,,
FRAIL-058,32375700,falls,,,,,,,,,,,,,,,,
FRAIL-058,32375700,quality_of_life,,,,,,,,,,,,,,,,
FRAIL-058,32375700,adherence,,,,,,,,,,,,,,,,
FRAIL-058,32375700,dropout,,,,,,,,,,,,,,,,
FRAIL-058,32375700,adverse_events,,,,,,,,,,,,,,,,
FRAIL-059,32375239,frailty_status,,,,,,,,,,,,,,,,
FRAIL-059,32375239,frailty_score,,,,,,,,,,,,,,,,
FRAIL-059,32375239,gait_speed,,,,,,,,,,,,,,,,
FRAIL-059,32375239,sppb,,,,,,,,,,,,,,,,
FRAIL-059,32375239,grip_strength,,,,,,,,,,,,,,,,
FRAIL-059,32375239,adl_iadl,,,,,,,,,,,,,,,,
FRAIL-059,32375239,falls,,,,,,,,,,,,,,,,
FRAIL-059,32375239,quality_of_life,,,,,,,,,,,,,,,,
FRAIL-059,32375239,adherence,,,,,,,,,,,,,,,,
FRAIL-059,32375239,dropout,,,,,,,,,,,,,,,,
FRAIL-059,32375239,adverse_events,,,,,,,,,,,,,,,,
FRAIL-060,32259186,frailty_status,,,,,,,,,,,,,,,,
FRAIL-060,32259186,frailty_score,,,,,,,,,,,,,,,,
FRAIL-060,32259186,gait_speed,,,,,,,,,,,,,,,,
FRAIL-060,32259186,sppb,,,,,,,,,,,,,,,,
FRAIL-060,32259186,grip_strength,,,,,,,,,,,,,,,,
FRAIL-060,32259186,adl_iadl,,,,,,,,,,,,,,,,
FRAIL-060,32259186,falls,,,,,,,,,,,,,,,,
FRAIL-060,32259186,quality_of_life,,,,,,,,,,,,,,,,
FRAIL-060,32259186,adherence,,,,,,,,,,,,,,,,
FRAIL-060,32259186,dropout,,,,,,,,,,,,,,,,
FRAIL-060,32259186,adverse_events,,,,,,,,,,,,,,,,
FRAIL-061,32134208,frailty_status,,,,,,,,,,,,,,,,
FRAIL-061,32134208,frailty_score,,,,,,,,,,,,,,,,
FRAIL-061,32134208,gait_speed,,,,,,,,,,,,,,,,
FRAIL-061,32134208,sppb,,,,,,,,,,,,,,,,
FRAIL-061,32134208,grip_strength,,,,,,,,,,,,,,,,
FRAIL-061,32134208,adl_iadl,,,,,,,,,,,,,,,,
FRAIL-061,32134208,falls,,,,,,,,,,,,,,,,
FRAIL-061,32134208,quality_of_life,,,,,,,,,,,,,,,,
FRAIL-061,32134208,adherence,,,,,,,,,,,,,,,,
FRAIL-061,32134208,dropout,,,,,,,,,,,,,,,,
FRAIL-061,32134208,adverse_events,,,,,,,,,,,,,,,,
FRAIL-062,31997543,frailty_status,,,,,,,,,,,,,,,,
FRAIL-062,31997543,frailty_score,,,,,,,,,,,,,,,,
FRAIL-062,31997543,gait_speed,,,,,,,,,,,,,,,,
FRAIL-062,31997543,sppb,,,,,,,,,,,,,,,,
FRAIL-062,31997543,grip_strength,,,,,,,,,,,,,,,,
FRAIL-062,31997543,adl_iadl,,,,,,,,,,,,,,,,
FRAIL-062,31997543,falls,,,,,,,,,,,,,,,,
FRAIL-062,31997543,quality_of_life,,,,,,,,,,,,,,,,
FRAIL-062,31997543,adherence,,,,,,,,,,,,,,,,
FRAIL-062,31997543,dropout,,,,,,,,,,,,,,,,
FRAIL-062,31997543,adverse_events,,,,,,,,,,,,,,,,
FRAIL-063,31791364,frailty_status,,,,,,,,,,,,,,,,
FRAIL-063,31791364,frailty_score,,,,,,,,,,,,,,,,
FRAIL-063,31791364,gait_speed,,,,,,,,,,,,,,,,
FRAIL-063,31791364,sppb,,,,,,,,,,,,,,,,
FRAIL-063,31791364,grip_strength,,,,,,,,,,,,,,,,
FRAIL-063,31791364,adl_iadl,,,,,,,,,,,,,,,,
FRAIL-063,31791364,falls,,,,,,,,,,,,,,,,
FRAIL-063,31791364,quality_of_life,,,,,,,,,,,,,,,,
FRAIL-063,31791364,adherence,,,,,,,,,,,,,,,,
FRAIL-063,31791364,dropout,,,,,,,,,,,,,,,,
FRAIL-063,31791364,adverse_events,,,,,,,,,,,,,,,,
FRAIL-064,31466229,frailty_status,,,,,,,,,,,,,,,,
FRAIL-064,31466229,frailty_score,,,,,,,,,,,,,,,,
FRAIL-064,31466229,gait_speed,,,,,,,,,,,,,,,,
FRAIL-064,31466229,sppb,,,,,,,,,,,,,,,,
FRAIL-064,31466229,grip_strength,,,,,,,,,,,,,,,,
FRAIL-064,31466229,adl_iadl,,,,,,,,,,,,,,,,
FRAIL-064,31466229,falls,,,,,,,,,,,,,,,,
FRAIL-064,31466229,quality_of_life,,,,,,,,,,,,,,,,
FRAIL-064,31466229,adherence,,,,,,,,,,,,,,,,
FRAIL-064,31466229,dropout,,,,,,,,,,,,,,,,
FRAIL-064,31466229,adverse_events,,,,,,,,,,,,,,,,
FRAIL-065,31367733,frailty_status,,,,,,,,,,,,,,,,
FRAIL-065,31367733,frailty_score,,,,,,,,,,,,,,,,
FRAIL-065,31367733,gait_speed,,,,,,,,,,,,,,,,
FRAIL-065,31367733,sppb,,,,,,,,,,,,,,,,
FRAIL-065,31367733,grip_strength,,,,,,,,,,,,,,,,
FRAIL-065,31367733,adl_iadl,,,,,,,,,,,,,,,,
FRAIL-065,31367733,falls,,,,,,,,,,,,,,,,
FRAIL-065,31367733,quality_of_life,,,,,,,,,,,,,,,,
FRAIL-065,31367733,adherence,,,,,,,,,,,,,,,,
FRAIL-065,31367733,dropout,,,,,,,,,,,,,,,,
FRAIL-065,31367733,adverse_events,,,,,,,,,,,,,,,,
FRAIL-066,31360662,frailty_status,,,,,,,,,,,,,,,,
FRAIL-066,31360662,frailty_score,,,,,,,,,,,,,,,,
FRAIL-066,31360662,gait_speed,,,,,,,,,,,,,,,,
FRAIL-066,31360662,sppb,,,,,,,,,,,,,,,,
FRAIL-066,31360662,grip_strength,,,,,,,,,,,,,,,,
FRAIL-066,31360662,adl_iadl,,,,,,,,,,,,,,,,
FRAIL-066,31360662,falls,,,,,,,,,,,,,,,,
FRAIL-066,31360662,quality_of_life,,,,,,,,,,,,,,,,
FRAIL-066,31360662,adherence,,,,,,,,,,,,,,,,
FRAIL-066,31360662,dropout,,,,,,,,,,,,,,,,
FRAIL-066,31360662,adverse_events,,,,,,,,,,,,,,,,
FRAIL-067,31249332,frailty_status,,,,,,,,,,,,,,,,
FRAIL-067,31249332,frailty_score,,,,,,,,,,,,,,,,
FRAIL-067,31249332,gait_speed,,,,,,,,,,,,,,,,
FRAIL-067,31249332,sppb,,,,,,,,,,,,,,,,
FRAIL-067,31249332,grip_strength,,,,,,,,,,,,,,,,
FRAIL-067,31249332,adl_iadl,,,,,,,,,,,,,,,,
FRAIL-067,31249332,falls,,,,,,,,,,,,,,,,
FRAIL-067,31249332,quality_of_life,,,,,,,,,,,,,,,,
FRAIL-067,31249332,adherence,,,,,,,,,,,,,,,,
FRAIL-067,31249332,dropout,,,,,,,,,,,,,,,,
FRAIL-067,31249332,adverse_events,,,,,,,,,,,,,,,,
FRAIL-068,31133863,frailty_status,,,,,,,,,,,,,,,,
FRAIL-068,31133863,frailty_score,,,,,,,,,,,,,,,,
FRAIL-068,31133863,gait_speed,,,,,,,,,,,,,,,,
FRAIL-068,31133863,sppb,,,,,,,,,,,,,,,,
FRAIL-068,31133863,grip_strength,,,,,,,,,,,,,,,,
FRAIL-068,31133863,adl_iadl,,,,,,,,,,,,,,,,
FRAIL-068,31133863,falls,,,,,,,,,,,,,,,,
FRAIL-068,31133863,quality_of_life,,,,,,,,,,,,,,,,
FRAIL-068,31133863,adherence,,,,,,,,,,,,,,,,
FRAIL-068,31133863,dropout,,,,,,,,,,,,,,,,
FRAIL-068,31133863,adverse_events,,,,,,,,,,,,,,,,
FRAIL-069,31016897,frailty_status,,,,,,,,,,,,,,,,
FRAIL-069,31016897,frailty_score,,,,,,,,,,,,,,,,
FRAIL-069,31016897,gait_speed,,,,,,,,,,,,,,,,
FRAIL-069,31016897,sppb,,,,,,,,,,,,,,,,
FRAIL-069,31016897,grip_strength,,,,,,,,,,,,,,,,
FRAIL-069,31016897,adl_iadl,,,,,,,,,,,,,,,,
FRAIL-069,31016897,falls,,,,,,,,,,,,,,,,
FRAIL-069,31016897,quality_of_life,,,,,,,,,,,,,,,,
FRAIL-069,31016897,adherence,,,,,,,,,,,,,,,,
FRAIL-069,31016897,dropout,,,,,,,,,,,,,,,,
FRAIL-069,31016897,adverse_events,,,,,,,,,,,,,,,,
FRAIL-070,32300691,frailty_status,,,,,,,,,,,,,,,,
FRAIL-070,32300691,frailty_score,,,,,,,,,,,,,,,,
FRAIL-070,32300691,gait_speed,,,,,,,,,,,,,,,,
FRAIL-070,32300691,sppb,,,,,,,,,,,,,,,,
FRAIL-070,32300691,grip_strength,,,,,,,,,,,,,,,,
FRAIL-070,32300691,adl_iadl,,,,,,,,,,,,,,,,
FRAIL-070,32300691,falls,,,,,,,,,,,,,,,,
FRAIL-070,32300691,quality_of_life,,,,,,,,,,,,,,,,
FRAIL-070,32300691,adherence,,,,,,,,,,,,,,,,
FRAIL-070,32300691,dropout,,,,,,,,,,,,,,,,
FRAIL-070,32300691,adverse_events,,,,,,,,,,,,,,,,
FRAIL-071,30498835,frailty_status,,,,,,,,,,,,,,,,
FRAIL-071,30498835,frailty_score,,,,,,,,,,,,,,,,
FRAIL-071,30498835,gait_speed,,,,,,,,,,,,,,,,
FRAIL-071,30498835,sppb,,,,,,,,,,,,,,,,
FRAIL-071,30498835,grip_strength,,,,,,,,,,,,,,,,
FRAIL-071,30498835,adl_iadl,,,,,,,,,,,,,,,,
FRAIL-071,30498835,falls,,,,,,,,,,,,,,,,
FRAIL-071,30498835,quality_of_life,,,,,,,,,,,,,,,,
FRAIL-071,30498835,adherence,,,,,,,,,,,,,,,,
FRAIL-071,30498835,dropout,,,,,,,,,,,,,,,,
FRAIL-071,30498835,adverse_events,,,,,,,,,,,,,,,,
FRAIL-072,30138718,frailty_status,,,,,,,,,,,,,,,,
FRAIL-072,30138718,frailty_score,,,,,,,,,,,,,,,,
FRAIL-072,30138718,gait_speed,,,,,,,,,,,,,,,,
FRAIL-072,30138718,sppb,,,,,,,,,,,,,,,,
FRAIL-072,30138718,grip_strength,,,,,,,,,,,,,,,,
FRAIL-072,30138718,adl_iadl,,,,,,,,,,,,,,,,
FRAIL-072,30138718,falls,,,,,,,,,,,,,,,,
FRAIL-072,30138718,quality_of_life,,,,,,,,,,,,,,,,
FRAIL-072,30138718,adherence,,,,,,,,,,,,,,,,
FRAIL-072,30138718,dropout,,,,,,,,,,,,,,,,
FRAIL-072,30138718,adverse_events,,,,,,,,,,,,,,,,
FRAIL-073,29988285,frailty_status,,,,,,,,,,,,,,,,
FRAIL-073,29988285,frailty_score,,,,,,,,,,,,,,,,
FRAIL-073,29988285,gait_speed,,,,,,,,,,,,,,,,
FRAIL-073,29988285,sppb,,,,,,,,,,,,,,,,
FRAIL-073,29988285,grip_strength,,,,,,,,,,,,,,,,
FRAIL-073,29988285,adl_iadl,,,,,,,,,,,,,,,,
FRAIL-073,29988285,falls,,,,,,,,,,,,,,,,
FRAIL-073,29988285,quality_of_life,,,,,,,,,,,,,,,,
FRAIL-073,29988285,adherence,,,,,,,,,,,,,,,,
FRAIL-073,29988285,dropout,,,,,,,,,,,,,,,,
FRAIL-073,29988285,adverse_events,,,,,,,,,,,,,,,,
FRAIL-074,29783928,frailty_status,,,,,,,,,,,,,,,,
FRAIL-074,29783928,frailty_score,,,,,,,,,,,,,,,,
FRAIL-074,29783928,gait_speed,,,,,,,,,,,,,,,,
FRAIL-074,29783928,sppb,,,,,,,,,,,,,,,,
FRAIL-074,29783928,grip_strength,,,,,,,,,,,,,,,,
FRAIL-074,29783928,adl_iadl,,,,,,,,,,,,,,,,
FRAIL-074,29783928,falls,,,,,,,,,,,,,,,,
FRAIL-074,29783928,quality_of_life,,,,,,,,,,,,,,,,
FRAIL-074,29783928,adherence,,,,,,,,,,,,,,,,
FRAIL-074,29783928,dropout,,,,,,,,,,,,,,,,
FRAIL-074,29783928,adverse_events,,,,,,,,,,,,,,,,
FRAIL-075,29346524,frailty_status,,,,,,,,,,,,,,,,
FRAIL-075,29346524,frailty_score,,,,,,,,,,,,,,,,
FRAIL-075,29346524,gait_speed,,,,,,,,,,,,,,,,
FRAIL-075,29346524,sppb,,,,,,,,,,,,,,,,
FRAIL-075,29346524,grip_strength,,,,,,,,,,,,,,,,
FRAIL-075,29346524,adl_iadl,,,,,,,,,,,,,,,,
FRAIL-075,29346524,falls,,,,,,,,,,,,,,,,
FRAIL-075,29346524,quality_of_life,,,,,,,,,,,,,,,,
FRAIL-075,29346524,adherence,,,,,,,,,,,,,,,,
FRAIL-075,29346524,dropout,,,,,,,,,,,,,,,,
FRAIL-075,29346524,adverse_events,,,,,,,,,,,,,,,,
FRAIL-076,29310138,frailty_status,,,,,,,,,,,,,,,,
FRAIL-076,29310138,frailty_score,,,,,,,,,,,,,,,,
FRAIL-076,29310138,gait_speed,,,,,,,,,,,,,,,,
FRAIL-076,29310138,sppb,,,,,,,,,,,,,,,,
FRAIL-076,29310138,grip_strength,,,,,,,,,,,,,,,,
FRAIL-076,29310138,adl_iadl,,,,,,,,,,,,,,,,
FRAIL-076,29310138,falls,,,,,,,,,,,,,,,,
FRAIL-076,29310138,quality_of_life,,,,,,,,,,,,,,,,
FRAIL-076,29310138,adherence,,,,,,,,,,,,,,,,
FRAIL-076,29310138,dropout,,,,,,,,,,,,,,,,
FRAIL-076,29310138,adverse_events,,,,,,,,,,,,,,,,
FRAIL-077,28972245,frailty_status,,,,,,,,,,,,,,,,
FRAIL-077,28972245,frailty_score,,,,,,,,,,,,,,,,
FRAIL-077,28972245,gait_speed,,,,,,,,,,,,,,,,
FRAIL-077,28972245,sppb,,,,,,,,,,,,,,,,
FRAIL-077,28972245,grip_strength,,,,,,,,,,,,,,,,
FRAIL-077,28972245,adl_iadl,,,,,,,,,,,,,,,,
FRAIL-077,28972245,falls,,,,,,,,,,,,,,,,
FRAIL-077,28972245,quality_of_life,,,,,,,,,,,,,,,,
FRAIL-077,28972245,adherence,,,,,,,,,,,,,,,,
FRAIL-077,28972245,dropout,,,,,,,,,,,,,,,,
FRAIL-077,28972245,adverse_events,,,,,,,,,,,,,,,,
FRAIL-078,28951766,frailty_status,,,,,,,,,,,,,,,,
FRAIL-078,28951766,frailty_score,,,,,,,,,,,,,,,,
FRAIL-078,28951766,gait_speed,,,,,,,,,,,,,,,,
FRAIL-078,28951766,sppb,,,,,,,,,,,,,,,,
FRAIL-078,28951766,grip_strength,,,,,,,,,,,,,,,,
FRAIL-078,28951766,adl_iadl,,,,,,,,,,,,,,,,
FRAIL-078,28951766,falls,,,,,,,,,,,,,,,,
FRAIL-078,28951766,quality_of_life,,,,,,,,,,,,,,,,
FRAIL-078,28951766,adherence,,,,,,,,,,,,,,,,
FRAIL-078,28951766,dropout,,,,,,,,,,,,,,,,
FRAIL-078,28951766,adverse_events,,,,,,,,,,,,,,,,
FRAIL-079,28514618,frailty_status,,,,,,,,,,,,,,,,
FRAIL-079,28514618,frailty_score,,,,,,,,,,,,,,,,
FRAIL-079,28514618,gait_speed,,,,,,,,,,,,,,,,
FRAIL-079,28514618,sppb,,,,,,,,,,,,,,,,
FRAIL-079,28514618,grip_strength,,,,,,,,,,,,,,,,
FRAIL-079,28514618,adl_iadl,,,,,,,,,,,,,,,,
FRAIL-079,28514618,falls,,,,,,,,,,,,,,,,
FRAIL-079,28514618,quality_of_life,,,,,,,,,,,,,,,,
FRAIL-079,28514618,adherence,,,,,,,,,,,,,,,,
FRAIL-079,28514618,dropout,,,,,,,,,,,,,,,,
FRAIL-079,28514618,adverse_events,,,,,,,,,,,,,,,,
FRAIL-080,28085913,frailty_status,,,,,,,,,,,,,,,,
FRAIL-080,28085913,frailty_score,,,,,,,,,,,,,,,,
FRAIL-080,28085913,gait_speed,,,,,,,,,,,,,,,,
FRAIL-080,28085913,sppb,,,,,,,,,,,,,,,,
FRAIL-080,28085913,grip_strength,,,,,,,,,,,,,,,,
FRAIL-080,28085913,adl_iadl,,,,,,,,,,,,,,,,
FRAIL-080,28085913,falls,,,,,,,,,,,,,,,,
FRAIL-080,28085913,quality_of_life,,,,,,,,,,,,,,,,
FRAIL-080,28085913,adherence,,,,,,,,,,,,,,,,
FRAIL-080,28085913,dropout,,,,,,,,,,,,,,,,
FRAIL-080,28085913,adverse_events,,,,,,,,,,,,,,,,
FRAIL-081,27897406,frailty_status,,,,,,,,,,,,,,,,
FRAIL-081,27897406,frailty_score,,,,,,,,,,,,,,,,
FRAIL-081,27897406,gait_speed,,,,,,,,,,,,,,,,
FRAIL-081,27897406,sppb,,,,,,,,,,,,,,,,
FRAIL-081,27897406,grip_strength,,,,,,,,,,,,,,,,
FRAIL-081,27897406,adl_iadl,,,,,,,,,,,,,,,,
FRAIL-081,27897406,falls,,,,,,,,,,,,,,,,
FRAIL-081,27897406,quality_of_life,,,,,,,,,,,,,,,,
FRAIL-081,27897406,adherence,,,,,,,,,,,,,,,,
FRAIL-081,27897406,dropout,,,,,,,,,,,,,,,,
FRAIL-081,27897406,adverse_events,,,,,,,,,,,,,,,,
FRAIL-082,27695646,frailty_status,,,,,,,,,,,,,,,,
FRAIL-082,27695646,frailty_score,,,,,,,,,,,,,,,,
FRAIL-082,27695646,gait_speed,,,,,,,,,,,,,,,,
FRAIL-082,27695646,sppb,,,,,,,,,,,,,,,,
FRAIL-082,27695646,grip_strength,,,,,,,,,,,,,,,,
FRAIL-082,27695646,adl_iadl,,,,,,,,,,,,,,,,
FRAIL-082,27695646,falls,,,,,,,,,,,,,,,,
FRAIL-082,27695646,quality_of_life,,,,,,,,,,,,,,,,
FRAIL-082,27695646,adherence,,,,,,,,,,,,,,,,
FRAIL-082,27695646,dropout,,,,,,,,,,,,,,,,
FRAIL-082,27695646,adverse_events,,,,,,,,,,,,,,,,
FRAIL-083,27178766,frailty_status,,,,,,,,,,,,,,,,
FRAIL-083,27178766,frailty_score,,,,,,,,,,,,,,,,
FRAIL-083,27178766,gait_speed,,,,,,,,,,,,,,,,
FRAIL-083,27178766,sppb,,,,,,,,,,,,,,,,
FRAIL-083,27178766,grip_strength,,,,,,,,,,,,,,,,
FRAIL-083,27178766,adl_iadl,,,,,,,,,,,,,,,,
FRAIL-083,27178766,falls,,,,,,,,,,,,,,,,
FRAIL-083,27178766,quality_of_life,,,,,,,,,,,,,,,,
FRAIL-083,27178766,adherence,,,,,,,,,,,,,,,,
FRAIL-083,27178766,dropout,,,,,,,,,,,,,,,,
FRAIL-083,27178766,adverse_events,,,,,,,,,,,,,,,,
FRAIL-084,27175793,frailty_status,,,,,,,,,,,,,,,,
FRAIL-084,27175793,frailty_score,,,,,,,,,,,,,,,,
FRAIL-084,27175793,gait_speed,,,,,,,,,,,,,,,,
FRAIL-084,27175793,sppb,,,,,,,,,,,,,,,,
FRAIL-084,27175793,grip_strength,,,,,,,,,,,,,,,,
FRAIL-084,27175793,adl_iadl,,,,,,,,,,,,,,,,
FRAIL-084,27175793,falls,,,,,,,,,,,,,,,,
FRAIL-084,27175793,quality_of_life,,,,,,,,,,,,,,,,
FRAIL-084,27175793,adherence,,,,,,,,,,,,,,,,
FRAIL-084,27175793,dropout,,,,,,,,,,,,,,,,
FRAIL-084,27175793,adverse_events,,,,,,,,,,,,,,,,
FRAIL-085,26786203,frailty_status,,,,,,,,,,,,,,,,
FRAIL-085,26786203,frailty_score,,,,,,,,,,,,,,,,
FRAIL-085,26786203,gait_speed,,,,,,,,,,,,,,,,
FRAIL-085,26786203,sppb,,,,,,,,,,,,,,,,
FRAIL-085,26786203,grip_strength,,,,,,,,,,,,,,,,
FRAIL-085,26786203,adl_iadl,,,,,,,,,,,,,,,,
FRAIL-085,26786203,falls,,,,,,,,,,,,,,,,
FRAIL-085,26786203,quality_of_life,,,,,,,,,,,,,,,,
FRAIL-085,26786203,adherence,,,,,,,,,,,,,,,,
FRAIL-085,26786203,dropout,,,,,,,,,,,,,,,,
FRAIL-085,26786203,adverse_events,,,,,,,,,,,,,,,,
FRAIL-086,26201510,frailty_status,,,,,,,,,,,,,,,,
FRAIL-086,26201510,frailty_score,,,,,,,,,,,,,,,,
FRAIL-086,26201510,gait_speed,,,,,,,,,,,,,,,,
FRAIL-086,26201510,sppb,,,,,,,,,,,,,,,,
FRAIL-086,26201510,grip_strength,,,,,,,,,,,,,,,,
FRAIL-086,26201510,adl_iadl,,,,,,,,,,,,,,,,
FRAIL-086,26201510,falls,,,,,,,,,,,,,,,,
FRAIL-086,26201510,quality_of_life,,,,,,,,,,,,,,,,
FRAIL-086,26201510,adherence,,,,,,,,,,,,,,,,
FRAIL-086,26201510,dropout,,,,,,,,,,,,,,,,
FRAIL-086,26201510,adverse_events,,,,,,,,,,,,,,,,
FRAIL-087,25887235,frailty_status,,,,,,,,,,,,,,,,
FRAIL-087,25887235,frailty_score,,,,,,,,,,,,,,,,
FRAIL-087,25887235,gait_speed,,,,,,,,,,,,,,,,
FRAIL-087,25887235,sppb,,,,,,,,,,,,,,,,
FRAIL-087,25887235,grip_strength,,,,,,,,,,,,,,,,
FRAIL-087,25887235,adl_iadl,,,,,,,,,,,,,,,,
FRAIL-087,25887235,falls,,,,,,,,,,,,,,,,
FRAIL-087,25887235,quality_of_life,,,,,,,,,,,,,,,,
FRAIL-087,25887235,adherence,,,,,,,,,,,,,,,,
FRAIL-087,25887235,dropout,,,,,,,,,,,,,,,,
FRAIL-087,25887235,adverse_events,,,,,,,,,,,,,,,,
FRAIL-088,25659147,frailty_status,,,,,,,,,,,,,,,,
FRAIL-088,25659147,frailty_score,,,,,,,,,,,,,,,,
FRAIL-088,25659147,gait_speed,,,,,,,,,,,,,,,,
FRAIL-088,25659147,sppb,,,,,,,,,,,,,,,,
FRAIL-088,25659147,grip_strength,,,,,,,,,,,,,,,,
FRAIL-088,25659147,adl_iadl,,,,,,,,,,,,,,,,
FRAIL-088,25659147,falls,,,,,,,,,,,,,,,,
FRAIL-088,25659147,quality_of_life,,,,,,,,,,,,,,,,
FRAIL-088,25659147,adherence,,,,,,,,,,,,,,,,
FRAIL-088,25659147,dropout,,,,,,,,,,,,,,,,
FRAIL-088,25659147,adverse_events,,,,,,,,,,,,,,,,
FRAIL-089,25387728,frailty_status,,,,,,,,,,,,,,,,
FRAIL-089,25387728,frailty_score,,,,,,,,,,,,,,,,
FRAIL-089,25387728,gait_speed,,,,,,,,,,,,,,,,
FRAIL-089,25387728,sppb,,,,,,,,,,,,,,,,
FRAIL-089,25387728,grip_strength,,,,,,,,,,,,,,,,
FRAIL-089,25387728,adl_iadl,,,,,,,,,,,,,,,,
FRAIL-089,25387728,falls,,,,,,,,,,,,,,,,
FRAIL-089,25387728,quality_of_life,,,,,,,,,,,,,,,,
FRAIL-089,25387728,adherence,,,,,,,,,,,,,,,,
FRAIL-089,25387728,dropout,,,,,,,,,,,,,,,,
FRAIL-089,25387728,adverse_events,,,,,,,,,,,,,,,,
FRAIL-090,24951180,frailty_status,,,,,,,,,,,,,,,,
FRAIL-090,24951180,frailty_score,,,,,,,,,,,,,,,,
FRAIL-090,24951180,gait_speed,,,,,,,,,,,,,,,,
FRAIL-090,24951180,sppb,,,,,,,,,,,,,,,,
FRAIL-090,24951180,grip_strength,,,,,,,,,,,,,,,,
FRAIL-090,24951180,adl_iadl,,,,,,,,,,,,,,,,
FRAIL-090,24951180,falls,,,,,,,,,,,,,,,,
FRAIL-090,24951180,quality_of_life,,,,,,,,,,,,,,,,
FRAIL-090,24951180,adherence,,,,,,,,,,,,,,,,
FRAIL-090,24951180,dropout,,,,,,,,,,,,,,,,
FRAIL-090,24951180,adverse_events,,,,,,,,,,,,,,,,
FRAIL-091,24742587,frailty_status,,,,,,,,,,,,,,,,
FRAIL-091,24742587,frailty_score,,,,,,,,,,,,,,,,
FRAIL-091,24742587,gait_speed,,,,,,,,,,,,,,,,
FRAIL-091,24742587,sppb,,,,,,,,,,,,,,,,
FRAIL-091,24742587,grip_strength,,,,,,,,,,,,,,,,
FRAIL-091,24742587,adl_iadl,,,,,,,,,,,,,,,,
FRAIL-091,24742587,falls,,,,,,,,,,,,,,,,
FRAIL-091,24742587,quality_of_life,,,,,,,,,,,,,,,,
FRAIL-091,24742587,adherence,,,,,,,,,,,,,,,,
FRAIL-091,24742587,dropout,,,,,,,,,,,,,,,,
FRAIL-091,24742587,adverse_events,,,,,,,,,,,,,,,,
FRAIL-092,23009149,frailty_status,,,,,,,,,,,,,,,,
FRAIL-092,23009149,frailty_score,,,,,,,,,,,,,,,,
FRAIL-092,23009149,gait_speed,,,,,,,,,,,,,,,,
FRAIL-092,23009149,sppb,,,,,,,,,,,,,,,,
FRAIL-092,23009149,grip_strength,,,,,,,,,,,,,,,,
FRAIL-092,23009149,adl_iadl,,,,,,,,,,,,,,,,
FRAIL-092,23009149,falls,,,,,,,,,,,,,,,,
FRAIL-092,23009149,quality_of_life,,,,,,,,,,,,,,,,
FRAIL-092,23009149,adherence,,,,,,,,,,,,,,,,
FRAIL-092,23009149,dropout,,,,,,,,,,,,,,,,
FRAIL-092,23009149,adverse_events,,,,,,,,,,,,,,,,
FRAIL-093,22499461,frailty_status,,,,,,,,,,,,,,,,
FRAIL-093,22499461,frailty_score,,,,,,,,,,,,,,,,
FRAIL-093,22499461,gait_speed,,,,,,,,,,,,,,,,
FRAIL-093,22499461,sppb,,,,,,,,,,,,,,,,
FRAIL-093,22499461,grip_strength,,,,,,,,,,,,,,,,
FRAIL-093,22499461,adl_iadl,,,,,,,,,,,,,,,,
FRAIL-093,22499461,falls,,,,,,,,,,,,,,,,
FRAIL-093,22499461,quality_of_life,,,,,,,,,,,,,,,,
FRAIL-093,22499461,adherence,,,,,,,,,,,,,,,,
FRAIL-093,22499461,dropout,,,,,,,,,,,,,,,,
FRAIL-093,22499461,adverse_events,,,,,,,,,,,,,,,,
FRAIL-094,21449785,frailty_status,,,,,,,,,,,,,,,,
FRAIL-094,21449785,frailty_score,,,,,,,,,,,,,,,,
FRAIL-094,21449785,gait_speed,,,,,,,,,,,,,,,,
FRAIL-094,21449785,sppb,,,,,,,,,,,,,,,,
FRAIL-094,21449785,grip_strength,,,,,,,,,,,,,,,,
FRAIL-094,21449785,adl_iadl,,,,,,,,,,,,,,,,
FRAIL-094,21449785,falls,,,,,,,,,,,,,,,,
FRAIL-094,21449785,quality_of_life,,,,,,,,,,,,,,,,
FRAIL-094,21449785,adherence,,,,,,,,,,,,,,,,
FRAIL-094,21449785,dropout,,,,,,,,,,,,,,,,
FRAIL-094,21449785,adverse_events,,,,,,,,,,,,,,,,
FRAIL-095,18364384,frailty_status,,,,,,,,,,,,,,,,
FRAIL-095,18364384,frailty_score,,,,,,,,,,,,,,,,
FRAIL-095,18364384,gait_speed,,,,,,,,,,,,,,,,
FRAIL-095,18364384,sppb,,,,,,,,,,,,,,,,
FRAIL-095,18364384,grip_strength,,,,,,,,,,,,,,,,
FRAIL-095,18364384,adl_iadl,,,,,,,,,,,,,,,,
FRAIL-095,18364384,falls,,,,,,,,,,,,,,,,
FRAIL-095,18364384,quality_of_life,,,,,,,,,,,,,,,,
FRAIL-095,18364384,adherence,,,,,,,,,,,,,,,,
FRAIL-095,18364384,dropout,,,,,,,,,,,,,,,,
FRAIL-095,18364384,adverse_events,,,,,,,,,,,,,,,,
FRAIL-096,42066553,frailty_status,,,,,,,,,,,,,,,,
FRAIL-096,42066553,frailty_score,,,,,,,,,,,,,,,,
FRAIL-096,42066553,gait_speed,,,,,,,,,,,,,,,,
FRAIL-096,42066553,sppb,,,,,,,,,,,,,,,,
FRAIL-096,42066553,grip_strength,,,,,,,,,,,,,,,,
FRAIL-096,42066553,adl_iadl,,,,,,,,,,,,,,,,
FRAIL-096,42066553,falls,,,,,,,,,,,,,,,,
FRAIL-096,42066553,quality_of_life,,,,,,,,,,,,,,,,
FRAIL-096,42066553,adherence,,,,,,,,,,,,,,,,
FRAIL-096,42066553,dropout,,,,,,,,,,,,,,,,
FRAIL-096,42066553,adverse_events,,,,,,,,,,,,,,,,
FRAIL-097,41805014,frailty_status,,,,,,,,,,,,,,,,
FRAIL-097,41805014,frailty_score,,,,,,,,,,,,,,,,
FRAIL-097,41805014,gait_speed,,,,,,,,,,,,,,,,
FRAIL-097,41805014,sppb,,,,,,,,,,,,,,,,
FRAIL-097,41805014,grip_strength,,,,,,,,,,,,,,,,
FRAIL-097,41805014,adl_iadl,,,,,,,,,,,,,,,,
FRAIL-097,41805014,falls,,,,,,,,,,,,,,,,
FRAIL-097,41805014,quality_of_life,,,,,,,,,,,,,,,,
FRAIL-097,41805014,adherence,,,,,,,,,,,,,,,,
FRAIL-097,41805014,dropout,,,,,,,,,,,,,,,,
FRAIL-097,41805014,adverse_events,,,,,,,,,,,,,,,,
FRAIL-098,41397660,frailty_status,,,,,,,,,,,,,,,,
FRAIL-098,41397660,frailty_score,,,,,,,,,,,,,,,,
FRAIL-098,41397660,gait_speed,,,,,,,,,,,,,,,,
FRAIL-098,41397660,sppb,,,,,,,,,,,,,,,,
FRAIL-098,41397660,grip_strength,,,,,,,,,,,,,,,,
FRAIL-098,41397660,adl_iadl,,,,,,,,,,,,,,,,
FRAIL-098,41397660,falls,,,,,,,,,,,,,,,,
FRAIL-098,41397660,quality_of_life,,,,,,,,,,,,,,,,
FRAIL-098,41397660,adherence,,,,,,,,,,,,,,,,
FRAIL-098,41397660,dropout,,,,,,,,,,,,,,,,
FRAIL-098,41397660,adverse_events,,,,,,,,,,,,,,,,
FRAIL-099,41386386,frailty_status,,,,,,,,,,,,,,,,
FRAIL-099,41386386,frailty_score,,,,,,,,,,,,,,,,
FRAIL-099,41386386,gait_speed,,,,,,,,,,,,,,,,
FRAIL-099,41386386,sppb,,,,,,,,,,,,,,,,
FRAIL-099,41386386,grip_strength,,,,,,,,,,,,,,,,
FRAIL-099,41386386,adl_iadl,,,,,,,,,,,,,,,,
FRAIL-099,41386386,falls,,,,,,,,,,,,,,,,
FRAIL-099,41386386,quality_of_life,,,,,,,,,,,,,,,,
FRAIL-099,41386386,adherence,,,,,,,,,,,,,,,,
FRAIL-099,41386386,dropout,,,,,,,,,,,,,,,,
FRAIL-099,41386386,adverse_events,,,,,,,,,,,,,,,,
FRAIL-100,41190491,frailty_status,,,,,,,,,,,,,,,,
FRAIL-100,41190491,frailty_score,,,,,,,,,,,,,,,,
FRAIL-100,41190491,gait_speed,,,,,,,,,,,,,,,,
FRAIL-100,41190491,sppb,,,,,,,,,,,,,,,,
FRAIL-100,41190491,grip_strength,,,,,,,,,,,,,,,,
FRAIL-100,41190491,adl_iadl,,,,,,,,,,,,,,,,
FRAIL-100,41190491,falls,,,,,,,,,,,,,,,,
FRAIL-100,41190491,quality_of_life,,,,,,,,,,,,,,,,
FRAIL-100,41190491,adherence,,,,,,,,,,,,,,,,
FRAIL-100,41190491,dropout,,,,,,,,,,,,,,,,
FRAIL-100,41190491,adverse_events,,,,,,,,,,,,,,,,
FRAIL-101,39731555,frailty_status,,,,,,,,,,,,,,,,
FRAIL-101,39731555,frailty_score,,,,,,,,,,,,,,,,
FRAIL-101,39731555,gait_speed,,,,,,,,,,,,,,,,
FRAIL-101,39731555,sppb,,,,,,,,,,,,,,,,
FRAIL-101,39731555,grip_strength,,,,,,,,,,,,,,,,
FRAIL-101,39731555,adl_iadl,,,,,,,,,,,,,,,,
FRAIL-101,39731555,falls,,,,,,,,,,,,,,,,
FRAIL-101,39731555,quality_of_life,,,,,,,,,,,,,,,,
FRAIL-101,39731555,adherence,,,,,,,,,,,,,,,,
FRAIL-101,39731555,dropout,,,,,,,,,,,,,,,,
FRAIL-101,39731555,adverse_events,,,,,,,,,,,,,,,,
FRAIL-102,41103092,frailty_status,,,,,,,,,,,,,,,,
FRAIL-102,41103092,frailty_score,,,,,,,,,,,,,,,,
FRAIL-102,41103092,gait_speed,,,,,,,,,,,,,,,,
FRAIL-102,41103092,sppb,,,,,,,,,,,,,,,,
FRAIL-102,41103092,grip_strength,,,,,,,,,,,,,,,,
FRAIL-102,41103092,adl_iadl,,,,,,,,,,,,,,,,
FRAIL-102,41103092,falls,,,,,,,,,,,,,,,,
FRAIL-102,41103092,quality_of_life,,,,,,,,,,,,,,,,
FRAIL-102,41103092,adherence,,,,,,,,,,,,,,,,
FRAIL-102,41103092,dropout,,,,,,,,,,,,,,,,
FRAIL-102,41103092,adverse_events,,,,,,,,,,,,,,,,
FRAIL-103,40977239,frailty_status,,,,,,,,,,,,,,,,
FRAIL-103,40977239,frailty_score,,,,,,,,,,,,,,,,
FRAIL-103,40977239,gait_speed,,,,,,,,,,,,,,,,
FRAIL-103,40977239,sppb,,,,,,,,,,,,,,,,
FRAIL-103,40977239,grip_strength,,,,,,,,,,,,,,,,
FRAIL-103,40977239,adl_iadl,,,,,,,,,,,,,,,,
FRAIL-103,40977239,falls,,,,,,,,,,,,,,,,
FRAIL-103,40977239,quality_of_life,,,,,,,,,,,,,,,,
FRAIL-103,40977239,adherence,,,,,,,,,,,,,,,,
FRAIL-103,40977239,dropout,,,,,,,,,,,,,,,,
FRAIL-103,40977239,adverse_events,,,,,,,,,,,,,,,,
FRAIL-104,40616927,frailty_status,,,,,,,,,,,,,,,,
FRAIL-104,40616927,frailty_score,,,,,,,,,,,,,,,,
FRAIL-104,40616927,gait_speed,,,,,,,,,,,,,,,,
FRAIL-104,40616927,sppb,,,,,,,,,,,,,,,,
FRAIL-104,40616927,grip_strength,,,,,,,,,,,,,,,,
FRAIL-104,40616927,adl_iadl,,,,,,,,,,,,,,,,
FRAIL-104,40616927,falls,,,,,,,,,,,,,,,,
FRAIL-104,40616927,quality_of_life,,,,,,,,,,,,,,,,
FRAIL-104,40616927,adherence,,,,,,,,,,,,,,,,
FRAIL-104,40616927,dropout,,,,,,,,,,,,,,,,
FRAIL-104,40616927,adverse_events,,,,,,,,,,,,,,,,
FRAIL-105,40147475,frailty_status,,,,,,,,,,,,,,,,
FRAIL-105,40147475,frailty_score,,,,,,,,,,,,,,,,
FRAIL-105,40147475,gait_speed,,,,,,,,,,,,,,,,
FRAIL-105,40147475,sppb,,,,,,,,,,,,,,,,
FRAIL-105,40147475,grip_strength,,,,,,,,,,,,,,,,
FRAIL-105,40147475,adl_iadl,,,,,,,,,,,,,,,,
FRAIL-105,40147475,falls,,,,,,,,,,,,,,,,
FRAIL-105,40147475,quality_of_life,,,,,,,,,,,,,,,,
FRAIL-105,40147475,adherence,,,,,,,,,,,,,,,,
FRAIL-105,40147475,dropout,,,,,,,,,,,,,,,,
FRAIL-105,40147475,adverse_events,,,,,,,,,,,,,,,,
FRAIL-106,40121126,frailty_status,,,,,,,,,,,,,,,,
FRAIL-106,40121126,frailty_score,,,,,,,,,,,,,,,,
FRAIL-106,40121126,gait_speed,,,,,,,,,,,,,,,,
FRAIL-106,40121126,sppb,,,,,,,,,,,,,,,,
FRAIL-106,40121126,grip_strength,,,,,,,,,,,,,,,,
FRAIL-106,40121126,adl_iadl,,,,,,,,,,,,,,,,
FRAIL-106,40121126,falls,,,,,,,,,,,,,,,,
FRAIL-106,40121126,quality_of_life,,,,,,,,,,,,,,,,
FRAIL-106,40121126,adherence,,,,,,,,,,,,,,,,
FRAIL-106,40121126,dropout,,,,,,,,,,,,,,,,
FRAIL-106,40121126,adverse_events,,,,,,,,,,,,,,,,
FRAIL-107,40024357,frailty_status,,,,,,,,,,,,,,,,
FRAIL-107,40024357,frailty_score,,,,,,,,,,,,,,,,
FRAIL-107,40024357,gait_speed,,,,,,,,,,,,,,,,
FRAIL-107,40024357,sppb,,,,,,,,,,,,,,,,
FRAIL-107,40024357,grip_strength,,,,,,,,,,,,,,,,
FRAIL-107,40024357,adl_iadl,,,,,,,,,,,,,,,,
FRAIL-107,40024357,falls,,,,,,,,,,,,,,,,
FRAIL-107,40024357,quality_of_life,,,,,,,,,,,,,,,,
FRAIL-107,40024357,adherence,,,,,,,,,,,,,,,,
FRAIL-107,40024357,dropout,,,,,,,,,,,,,,,,
FRAIL-107,40024357,adverse_events,,,,,,,,,,,,,,,,
FRAIL-108,39798411,frailty_status,,,,,,,,,,,,,,,,
FRAIL-108,39798411,frailty_score,,,,,,,,,,,,,,,,
FRAIL-108,39798411,gait_speed,,,,,,,,,,,,,,,,
FRAIL-108,39798411,sppb,,,,,,,,,,,,,,,,
FRAIL-108,39798411,grip_strength,,,,,,,,,,,,,,,,
FRAIL-108,39798411,adl_iadl,,,,,,,,,,,,,,,,
FRAIL-108,39798411,falls,,,,,,,,,,,,,,,,
FRAIL-108,39798411,quality_of_life,,,,,,,,,,,,,,,,
FRAIL-108,39798411,adherence,,,,,,,,,,,,,,,,
FRAIL-108,39798411,dropout,,,,,,,,,,,,,,,,
FRAIL-108,39798411,adverse_events,,,,,,,,,,,,,,,,
FRAIL-109,39736420,frailty_status,,,,,,,,,,,,,,,,
FRAIL-109,39736420,frailty_score,,,,,,,,,,,,,,,,
FRAIL-109,39736420,gait_speed,,,,,,,,,,,,,,,,
FRAIL-109,39736420,sppb,,,,,,,,,,,,,,,,
FRAIL-109,39736420,grip_strength,,,,,,,,,,,,,,,,
FRAIL-109,39736420,adl_iadl,,,,,,,,,,,,,,,,
FRAIL-109,39736420,falls,,,,,,,,,,,,,,,,
FRAIL-109,39736420,quality_of_life,,,,,,,,,,,,,,,,
FRAIL-109,39736420,adherence,,,,,,,,,,,,,,,,
FRAIL-109,39736420,dropout,,,,,,,,,,,,,,,,
FRAIL-109,39736420,adverse_events,,,,,,,,,,,,,,,,
FRAIL-110,39626407,frailty_status,,,,,,,,,,,,,,,,
FRAIL-110,39626407,frailty_score,,,,,,,,,,,,,,,,
FRAIL-110,39626407,gait_speed,,,,,,,,,,,,,,,,
FRAIL-110,39626407,sppb,,,,,,,,,,,,,,,,
FRAIL-110,39626407,grip_strength,,,,,,,,,,,,,,,,
FRAIL-110,39626407,adl_iadl,,,,,,,,,,,,,,,,
FRAIL-110,39626407,falls,,,,,,,,,,,,,,,,
FRAIL-110,39626407,quality_of_life,,,,,,,,,,,,,,,,
FRAIL-110,39626407,adherence,,,,,,,,,,,,,,,,
FRAIL-110,39626407,dropout,,,,,,,,,,,,,,,,
FRAIL-110,39626407,adverse_events,,,,,,,,,,,,,,,,
FRAIL-111,39561465,frailty_status,,,,,,,,,,,,,,,,
FRAIL-111,39561465,frailty_score,,,,,,,,,,,,,,,,
FRAIL-111,39561465,gait_speed,,,,,,,,,,,,,,,,
FRAIL-111,39561465,sppb,,,,,,,,,,,,,,,,
FRAIL-111,39561465,grip_strength,,,,,,,,,,,,,,,,
FRAIL-111,39561465,adl_iadl,,,,,,,,,,,,,,,,
FRAIL-111,39561465,falls,,,,,,,,,,,,,,,,
FRAIL-111,39561465,quality_of_life,,,,,,,,,,,,,,,,
FRAIL-111,39561465,adherence,,,,,,,,,,,,,,,,
FRAIL-111,39561465,dropout,,,,,,,,,,,,,,,,
FRAIL-111,39561465,adverse_events,,,,,,,,,,,,,,,,
FRAIL-112,39500251,frailty_status,,,,,,,,,,,,,,,,
FRAIL-112,39500251,frailty_score,,,,,,,,,,,,,,,,
FRAIL-112,39500251,gait_speed,,,,,,,,,,,,,,,,
FRAIL-112,39500251,sppb,,,,,,,,,,,,,,,,
FRAIL-112,39500251,grip_strength,,,,,,,,,,,,,,,,
FRAIL-112,39500251,adl_iadl,,,,,,,,,,,,,,,,
FRAIL-112,39500251,falls,,,,,,,,,,,,,,,,
FRAIL-112,39500251,quality_of_life,,,,,,,,,,,,,,,,
FRAIL-112,39500251,adherence,,,,,,,,,,,,,,,,
FRAIL-112,39500251,dropout,,,,,,,,,,,,,,,,
FRAIL-112,39500251,adverse_events,,,,,,,,,,,,,,,,
FRAIL-113,39647881,frailty_status,,,,,,,,,,,,,,,,
FRAIL-113,39647881,frailty_score,,,,,,,,,,,,,,,,
FRAIL-113,39647881,gait_speed,,,,,,,,,,,,,,,,
FRAIL-113,39647881,sppb,,,,,,,,,,,,,,,,
FRAIL-113,39647881,grip_strength,,,,,,,,,,,,,,,,
FRAIL-113,39647881,adl_iadl,,,,,,,,,,,,,,,,
FRAIL-113,39647881,falls,,,,,,,,,,,,,,,,
FRAIL-113,39647881,quality_of_life,,,,,,,,,,,,,,,,
FRAIL-113,39647881,adherence,,,,,,,,,,,,,,,,
FRAIL-113,39647881,dropout,,,,,,,,,,,,,,,,
FRAIL-113,39647881,adverse_events,,,,,,,,,,,,,,,,
FRAIL-114,39182446,frailty_status,,,,,,,,,,,,,,,,
FRAIL-114,39182446,frailty_score,,,,,,,,,,,,,,,,
FRAIL-114,39182446,gait_speed,,,,,,,,,,,,,,,,
FRAIL-114,39182446,sppb,,,,,,,,,,,,,,,,
FRAIL-114,39182446,grip_strength,,,,,,,,,,,,,,,,
FRAIL-114,39182446,adl_iadl,,,,,,,,,,,,,,,,
FRAIL-114,39182446,falls,,,,,,,,,,,,,,,,
FRAIL-114,39182446,quality_of_life,,,,,,,,,,,,,,,,
FRAIL-114,39182446,adherence,,,,,,,,,,,,,,,,
FRAIL-114,39182446,dropout,,,,,,,,,,,,,,,,
FRAIL-114,39182446,adverse_events,,,,,,,,,,,,,,,,
FRAIL-115,39166366,frailty_status,,,,,,,,,,,,,,,,
FRAIL-115,39166366,frailty_score,,,,,,,,,,,,,,,,
FRAIL-115,39166366,gait_speed,,,,,,,,,,,,,,,,
FRAIL-115,39166366,sppb,,,,,,,,,,,,,,,,
FRAIL-115,39166366,grip_strength,,,,,,,,,,,,,,,,
FRAIL-115,39166366,adl_iadl,,,,,,,,,,,,,,,,
FRAIL-115,39166366,falls,,,,,,,,,,,,,,,,
FRAIL-115,39166366,quality_of_life,,,,,,,,,,,,,,,,
FRAIL-115,39166366,adherence,,,,,,,,,,,,,,,,
FRAIL-115,39166366,dropout,,,,,,,,,,,,,,,,
FRAIL-115,39166366,adverse_events,,,,,,,,,,,,,,,,
FRAIL-116,38727090,frailty_status,,,,,,,,,,,,,,,,
FRAIL-116,38727090,frailty_score,,,,,,,,,,,,,,,,
FRAIL-116,38727090,gait_speed,,,,,,,,,,,,,,,,
FRAIL-116,38727090,sppb,,,,,,,,,,,,,,,,
FRAIL-116,38727090,grip_strength,,,,,,,,,,,,,,,,
FRAIL-116,38727090,adl_iadl,,,,,,,,,,,,,,,,
FRAIL-116,38727090,falls,,,,,,,,,,,,,,,,
FRAIL-116,38727090,quality_of_life,,,,,,,,,,,,,,,,
FRAIL-116,38727090,adherence,,,,,,,,,,,,,,,,
FRAIL-116,38727090,dropout,,,,,,,,,,,,,,,,
FRAIL-116,38727090,adverse_events,,,,,,,,,,,,,,,,
FRAIL-117,38691121,frailty_status,,,,,,,,,,,,,,,,
FRAIL-117,38691121,frailty_score,,,,,,,,,,,,,,,,
FRAIL-117,38691121,gait_speed,,,,,,,,,,,,,,,,
FRAIL-117,38691121,sppb,,,,,,,,,,,,,,,,
FRAIL-117,38691121,grip_strength,,,,,,,,,,,,,,,,
FRAIL-117,38691121,adl_iadl,,,,,,,,,,,,,,,,
FRAIL-117,38691121,falls,,,,,,,,,,,,,,,,
FRAIL-117,38691121,quality_of_life,,,,,,,,,,,,,,,,
FRAIL-117,38691121,adherence,,,,,,,,,,,,,,,,
FRAIL-117,38691121,dropout,,,,,,,,,,,,,,,,
FRAIL-117,38691121,adverse_events,,,,,,,,,,,,,,,,
FRAIL-118,38479253,frailty_status,,,,,,,,,,,,,,,,
FRAIL-118,38479253,frailty_score,,,,,,,,,,,,,,,,
FRAIL-118,38479253,gait_speed,,,,,,,,,,,,,,,,
FRAIL-118,38479253,sppb,,,,,,,,,,,,,,,,
FRAIL-118,38479253,grip_strength,,,,,,,,,,,,,,,,
FRAIL-118,38479253,adl_iadl,,,,,,,,,,,,,,,,
FRAIL-118,38479253,falls,,,,,,,,,,,,,,,,
FRAIL-118,38479253,quality_of_life,,,,,,,,,,,,,,,,
FRAIL-118,38479253,adherence,,,,,,,,,,,,,,,,
FRAIL-118,38479253,dropout,,,,,,,,,,,,,,,,
FRAIL-118,38479253,adverse_events,,,,,,,,,,,,,,,,
FRAIL-119,38430497,frailty_status,,,,,,,,,,,,,,,,
FRAIL-119,38430497,frailty_score,,,,,,,,,,,,,,,,
FRAIL-119,38430497,gait_speed,,,,,,,,,,,,,,,,
FRAIL-119,38430497,sppb,,,,,,,,,,,,,,,,
FRAIL-119,38430497,grip_strength,,,,,,,,,,,,,,,,
FRAIL-119,38430497,adl_iadl,,,,,,,,,,,,,,,,
FRAIL-119,38430497,falls,,,,,,,,,,,,,,,,
FRAIL-119,38430497,quality_of_life,,,,,,,,,,,,,,,,
FRAIL-119,38430497,adherence,,,,,,,,,,,,,,,,
FRAIL-119,38430497,dropout,,,,,,,,,,,,,,,,
FRAIL-119,38430497,adverse_events,,,,,,,,,,,,,,,,
FRAIL-120,38251739,frailty_status,,,,,,,,,,,,,,,,
FRAIL-120,38251739,frailty_score,,,,,,,,,,,,,,,,
FRAIL-120,38251739,gait_speed,,,,,,,,,,,,,,,,
FRAIL-120,38251739,sppb,,,,,,,,,,,,,,,,
FRAIL-120,38251739,grip_strength,,,,,,,,,,,,,,,,
FRAIL-120,38251739,adl_iadl,,,,,,,,,,,,,,,,
FRAIL-120,38251739,falls,,,,,,,,,,,,,,,,
FRAIL-120,38251739,quality_of_life,,,,,,,,,,,,,,,,
FRAIL-120,38251739,adherence,,,,,,,,,,,,,,,,
FRAIL-120,38251739,dropout,,,,,,,,,,,,,,,,
FRAIL-120,38251739,adverse_events,,,,,,,,,,,,,,,,
FRAIL-121,37997084,frailty_status,,,,,,,,,,,,,,,,
FRAIL-121,37997084,frailty_score,,,,,,,,,,,,,,,,
FRAIL-121,37997084,gait_speed,,,,,,,,,,,,,,,,
FRAIL-121,37997084,sppb,,,,,,,,,,,,,,,,
FRAIL-121,37997084,grip_strength,,,,,,,,,,,,,,,,
FRAIL-121,37997084,adl_iadl,,,,,,,,,,,,,,,,
FRAIL-121,37997084,falls,,,,,,,,,,,,,,,,
FRAIL-121,37997084,quality_of_life,,,,,,,,,,,,,,,,
FRAIL-121,37997084,adherence,,,,,,,,,,,,,,,,
FRAIL-121,37997084,dropout,,,,,,,,,,,,,,,,
FRAIL-121,37997084,adverse_events,,,,,,,,,,,,,,,,
FRAIL-122,37026833,frailty_status,,,,,,,,,,,,,,,,
FRAIL-122,37026833,frailty_score,,,,,,,,,,,,,,,,
FRAIL-122,37026833,gait_speed,,,,,,,,,,,,,,,,
FRAIL-122,37026833,sppb,,,,,,,,,,,,,,,,
FRAIL-122,37026833,grip_strength,,,,,,,,,,,,,,,,
FRAIL-122,37026833,adl_iadl,,,,,,,,,,,,,,,,
FRAIL-122,37026833,falls,,,,,,,,,,,,,,,,
FRAIL-122,37026833,quality_of_life,,,,,,,,,,,,,,,,
FRAIL-122,37026833,adherence,,,,,,,,,,,,,,,,
FRAIL-122,37026833,dropout,,,,,,,,,,,,,,,,
FRAIL-122,37026833,adverse_events,,,,,,,,,,,,,,,,
FRAIL-123,36849160,frailty_status,,,,,,,,,,,,,,,,
FRAIL-123,36849160,frailty_score,,,,,,,,,,,,,,,,
FRAIL-123,36849160,gait_speed,,,,,,,,,,,,,,,,
FRAIL-123,36849160,sppb,,,,,,,,,,,,,,,,
FRAIL-123,36849160,grip_strength,,,,,,,,,,,,,,,,
FRAIL-123,36849160,adl_iadl,,,,,,,,,,,,,,,,
FRAIL-123,36849160,falls,,,,,,,,,,,,,,,,
FRAIL-123,36849160,quality_of_life,,,,,,,,,,,,,,,,
FRAIL-123,36849160,adherence,,,,,,,,,,,,,,,,
FRAIL-123,36849160,dropout,,,,,,,,,,,,,,,,
FRAIL-123,36849160,adverse_events,,,,,,,,,,,,,,,,
FRAIL-124,36629088,frailty_status,,,,,,,,,,,,,,,,
FRAIL-124,36629088,frailty_score,,,,,,,,,,,,,,,,
FRAIL-124,36629088,gait_speed,,,,,,,,,,,,,,,,
FRAIL-124,36629088,sppb,,,,,,,,,,,,,,,,
FRAIL-124,36629088,grip_strength,,,,,,,,,,,,,,,,
FRAIL-124,36629088,adl_iadl,,,,,,,,,,,,,,,,
FRAIL-124,36629088,falls,,,,,,,,,,,,,,,,
FRAIL-124,36629088,quality_of_life,,,,,,,,,,,,,,,,
FRAIL-124,36629088,adherence,,,,,,,,,,,,,,,,
FRAIL-124,36629088,dropout,,,,,,,,,,,,,,,,
FRAIL-124,36629088,adverse_events,,,,,,,,,,,,,,,,
FRAIL-125,34417416,frailty_status,,,,,,,,,,,,,,,,
FRAIL-125,34417416,frailty_score,,,,,,,,,,,,,,,,
FRAIL-125,34417416,gait_speed,,,,,,,,,,,,,,,,
FRAIL-125,34417416,sppb,,,,,,,,,,,,,,,,
FRAIL-125,34417416,grip_strength,,,,,,,,,,,,,,,,
FRAIL-125,34417416,adl_iadl,,,,,,,,,,,,,,,,
FRAIL-125,34417416,falls,,,,,,,,,,,,,,,,
FRAIL-125,34417416,quality_of_life,,,,,,,,,,,,,,,,
FRAIL-125,34417416,adherence,,,,,,,,,,,,,,,,
FRAIL-125,34417416,dropout,,,,,,,,,,,,,,,,
FRAIL-125,34417416,adverse_events,,,,,,,,,,,,,,,,
FRAIL-126,36037722,frailty_status,,,,,,,,,,,,,,,,
FRAIL-126,36037722,frailty_score,,,,,,,,,,,,,,,,
FRAIL-126,36037722,gait_speed,,,,,,,,,,,,,,,,
FRAIL-126,36037722,sppb,,,,,,,,,,,,,,,,
FRAIL-126,36037722,grip_strength,,,,,,,,,,,,,,,,
FRAIL-126,36037722,adl_iadl,,,,,,,,,,,,,,,,
FRAIL-126,36037722,falls,,,,,,,,,,,,,,,,
FRAIL-126,36037722,quality_of_life,,,,,,,,,,,,,,,,
FRAIL-126,36037722,adherence,,,,,,,,,,,,,,,,
FRAIL-126,36037722,dropout,,,,,,,,,,,,,,,,
FRAIL-126,36037722,adverse_events,,,,,,,,,,,,,,,,
FRAIL-127,34283997,frailty_status,,,,,,,,,,,,,,,,
FRAIL-127,34283997,frailty_score,,,,,,,,,,,,,,,,
FRAIL-127,34283997,gait_speed,,,,,,,,,,,,,,,,
FRAIL-127,34283997,sppb,,,,,,,,,,,,,,,,
FRAIL-127,34283997,grip_strength,,,,,,,,,,,,,,,,
FRAIL-127,34283997,adl_iadl,,,,,,,,,,,,,,,,
FRAIL-127,34283997,falls,,,,,,,,,,,,,,,,
FRAIL-127,34283997,quality_of_life,,,,,,,,,,,,,,,,
FRAIL-127,34283997,adherence,,,,,,,,,,,,,,,,
FRAIL-127,34283997,dropout,,,,,,,,,,,,,,,,
FRAIL-127,34283997,adverse_events,,,,,,,,,,,,,,,,
FRAIL-128,33975304,frailty_status,,,,,,,,,,,,,,,,
FRAIL-128,33975304,frailty_score,,,,,,,,,,,,,,,,
FRAIL-128,33975304,gait_speed,,,,,,,,,,,,,,,,
FRAIL-128,33975304,sppb,,,,,,,,,,,,,,,,
FRAIL-128,33975304,grip_strength,,,,,,,,,,,,,,,,
FRAIL-128,33975304,adl_iadl,,,,,,,,,,,,,,,,
FRAIL-128,33975304,falls,,,,,,,,,,,,,,,,
FRAIL-128,33975304,quality_of_life,,,,,,,,,,,,,,,,
FRAIL-128,33975304,adherence,,,,,,,,,,,,,,,,
FRAIL-128,33975304,dropout,,,,,,,,,,,,,,,,
FRAIL-128,33975304,adverse_events,,,,,,,,,,,,,,,,
FRAIL-129,33691612,frailty_status,,,,,,,,,,,,,,,,
FRAIL-129,33691612,frailty_score,,,,,,,,,,,,,,,,
FRAIL-129,33691612,gait_speed,,,,,,,,,,,,,,,,
FRAIL-129,33691612,sppb,,,,,,,,,,,,,,,,
FRAIL-129,33691612,grip_strength,,,,,,,,,,,,,,,,
FRAIL-129,33691612,adl_iadl,,,,,,,,,,,,,,,,
FRAIL-129,33691612,falls,,,,,,,,,,,,,,,,
FRAIL-129,33691612,quality_of_life,,,,,,,,,,,,,,,,
FRAIL-129,33691612,adherence,,,,,,,,,,,,,,,,
FRAIL-129,33691612,dropout,,,,,,,,,,,,,,,,
FRAIL-129,33691612,adverse_events,,,,,,,,,,,,,,,,
FRAIL-130,33128790,frailty_status,,,,,,,,,,,,,,,,
FRAIL-130,33128790,frailty_score,,,,,,,,,,,,,,,,
FRAIL-130,33128790,gait_speed,,,,,,,,,,,,,,,,
FRAIL-130,33128790,sppb,,,,,,,,,,,,,,,,
FRAIL-130,33128790,grip_strength,,,,,,,,,,,,,,,,
FRAIL-130,33128790,adl_iadl,,,,,,,,,,,,,,,,
FRAIL-130,33128790,falls,,,,,,,,,,,,,,,,
FRAIL-130,33128790,quality_of_life,,,,,,,,,,,,,,,,
FRAIL-130,33128790,adherence,,,,,,,,,,,,,,,,
FRAIL-130,33128790,dropout,,,,,,,,,,,,,,,,
FRAIL-130,33128790,adverse_events,,,,,,,,,,,,,,,,
FRAIL-131,32858228,frailty_status,,,,,,,,,,,,,,,,
FRAIL-131,32858228,frailty_score,,,,,,,,,,,,,,,,
FRAIL-131,32858228,gait_speed,,,,,,,,,,,,,,,,
FRAIL-131,32858228,sppb,,,,,,,,,,,,,,,,
FRAIL-131,32858228,grip_strength,,,,,,,,,,,,,,,,
FRAIL-131,32858228,adl_iadl,,,,,,,,,,,,,,,,
FRAIL-131,32858228,falls,,,,,,,,,,,,,,,,
FRAIL-131,32858228,quality_of_life,,,,,,,,,,,,,,,,
FRAIL-131,32858228,adherence,,,,,,,,,,,,,,,,
FRAIL-131,32858228,dropout,,,,,,,,,,,,,,,,
FRAIL-131,32858228,adverse_events,,,,,,,,,,,,,,,,
FRAIL-132,32443963,frailty_status,,,,,,,,,,,,,,,,
FRAIL-132,32443963,frailty_score,,,,,,,,,,,,,,,,
FRAIL-132,32443963,gait_speed,,,,,,,,,,,,,,,,
FRAIL-132,32443963,sppb,,,,,,,,,,,,,,,,
FRAIL-132,32443963,grip_strength,,,,,,,,,,,,,,,,
FRAIL-132,32443963,adl_iadl,,,,,,,,,,,,,,,,
FRAIL-132,32443963,falls,,,,,,,,,,,,,,,,
FRAIL-132,32443963,quality_of_life,,,,,,,,,,,,,,,,
FRAIL-132,32443963,adherence,,,,,,,,,,,,,,,,
FRAIL-132,32443963,dropout,,,,,,,,,,,,,,,,
FRAIL-132,32443963,adverse_events,,,,,,,,,,,,,,,,
FRAIL-133,31706917,frailty_status,,,,,,,,,,,,,,,,
FRAIL-133,31706917,frailty_score,,,,,,,,,,,,,,,,
FRAIL-133,31706917,gait_speed,,,,,,,,,,,,,,,,
FRAIL-133,31706917,sppb,,,,,,,,,,,,,,,,
FRAIL-133,31706917,grip_strength,,,,,,,,,,,,,,,,
FRAIL-133,31706917,adl_iadl,,,,,,,,,,,,,,,,
FRAIL-133,31706917,falls,,,,,,,,,,,,,,,,
FRAIL-133,31706917,quality_of_life,,,,,,,,,,,,,,,,
FRAIL-133,31706917,adherence,,,,,,,,,,,,,,,,
FRAIL-133,31706917,dropout,,,,,,,,,,,,,,,,
FRAIL-133,31706917,adverse_events,,,,,,,,,,,,,,,,
FRAIL-134,30528641,frailty_status,,,,,,,,,,,,,,,,
FRAIL-134,30528641,frailty_score,,,,,,,,,,,,,,,,
FRAIL-134,30528641,gait_speed,,,,,,,,,,,,,,,,
FRAIL-134,30528641,sppb,,,,,,,,,,,,,,,,
FRAIL-134,30528641,grip_strength,,,,,,,,,,,,,,,,
FRAIL-134,30528641,adl_iadl,,,,,,,,,,,,,,,,
FRAIL-134,30528641,falls,,,,,,,,,,,,,,,,
FRAIL-134,30528641,quality_of_life,,,,,,,,,,,,,,,,
FRAIL-134,30528641,adherence,,,,,,,,,,,,,,,,
FRAIL-134,30528641,dropout,,,,,,,,,,,,,,,,
FRAIL-134,30528641,adverse_events,,,,,,,,,,,,,,,,
FRAIL-135,29395372,frailty_status,,,,,,,,,,,,,,,,
FRAIL-135,29395372,frailty_score,,,,,,,,,,,,,,,,
FRAIL-135,29395372,gait_speed,,,,,,,,,,,,,,,,
FRAIL-135,29395372,sppb,,,,,,,,,,,,,,,,
FRAIL-135,29395372,grip_strength,,,,,,,,,,,,,,,,
FRAIL-135,29395372,adl_iadl,,,,,,,,,,,,,,,,
FRAIL-135,29395372,falls,,,,,,,,,,,,,,,,
FRAIL-135,29395372,quality_of_life,,,,,,,,,,,,,,,,
FRAIL-135,29395372,adherence,,,,,,,,,,,,,,,,
FRAIL-135,29395372,dropout,,,,,,,,,,,,,,,,
FRAIL-135,29395372,adverse_events,,,,,,,,,,,,,,,,
FRAIL-136,29381526,frailty_status,,,,,,,,,,,,,,,,
FRAIL-136,29381526,frailty_score,,,,,,,,,,,,,,,,
FRAIL-136,29381526,gait_speed,,,,,,,,,,,,,,,,
FRAIL-136,29381526,sppb,,,,,,,,,,,,,,,,
FRAIL-136,29381526,grip_strength,,,,,,,,,,,,,,,,
FRAIL-136,29381526,adl_iadl,,,,,,,,,,,,,,,,
FRAIL-136,29381526,falls,,,,,,,,,,,,,,,,
FRAIL-136,29381526,quality_of_life,,,,,,,,,,,,,,,,
FRAIL-136,29381526,adherence,,,,,,,,,,,,,,,,
FRAIL-136,29381526,dropout,,,,,,,,,,,,,,,,
FRAIL-136,29381526,adverse_events,,,,,,,,,,,,,,,,
FRAIL-137,30328470,frailty_status,,,,,,,,,,,,,,,,
FRAIL-137,30328470,frailty_score,,,,,,,,,,,,,,,,
FRAIL-137,30328470,gait_speed,,,,,,,,,,,,,,,,
FRAIL-137,30328470,sppb,,,,,,,,,,,,,,,,
FRAIL-137,30328470,grip_strength,,,,,,,,,,,,,,,,
FRAIL-137,30328470,adl_iadl,,,,,,,,,,,,,,,,
FRAIL-137,30328470,falls,,,,,,,,,,,,,,,,
FRAIL-137,30328470,quality_of_life,,,,,,,,,,,,,,,,
FRAIL-137,30328470,adherence,,,,,,,,,,,,,,,,
FRAIL-137,30328470,dropout,,,,,,,,,,,,,,,,
FRAIL-137,30328470,adverse_events,,,,,,,,,,,,,,,,
FRAIL-138,30053278,frailty_status,,,,,,,,,,,,,,,,
FRAIL-138,30053278,frailty_score,,,,,,,,,,,,,,,,
FRAIL-138,30053278,gait_speed,,,,,,,,,,,,,,,,
FRAIL-138,30053278,sppb,,,,,,,,,,,,,,,,
FRAIL-138,30053278,grip_strength,,,,,,,,,,,,,,,,
FRAIL-138,30053278,adl_iadl,,,,,,,,,,,,,,,,
FRAIL-138,30053278,falls,,,,,,,,,,,,,,,,
FRAIL-138,30053278,quality_of_life,,,,,,,,,,,,,,,,
FRAIL-138,30053278,adherence,,,,,,,,,,,,,,,,
FRAIL-138,30053278,dropout,,,,,,,,,,,,,,,,
FRAIL-138,30053278,adverse_events,,,,,,,,,,,,,,,,
FRAIL-139,29455058,frailty_status,,,,,,,,,,,,,,,,
FRAIL-139,29455058,frailty_score,,,,,,,,,,,,,,,,
FRAIL-139,29455058,gait_speed,,,,,,,,,,,,,,,,
FRAIL-139,29455058,sppb,,,,,,,,,,,,,,,,
FRAIL-139,29455058,grip_strength,,,,,,,,,,,,,,,,
FRAIL-139,29455058,adl_iadl,,,,,,,,,,,,,,,,
FRAIL-139,29455058,falls,,,,,,,,,,,,,,,,
FRAIL-139,29455058,quality_of_life,,,,,,,,,,,,,,,,
FRAIL-139,29455058,adherence,,,,,,,,,,,,,,,,
FRAIL-139,29455058,dropout,,,,,,,,,,,,,,,,
FRAIL-139,29455058,adverse_events,,,,,,,,,,,,,,,,
FRAIL-140,29183035,frailty_status,,,,,,,,,,,,,,,,
FRAIL-140,29183035,frailty_score,,,,,,,,,,,,,,,,
FRAIL-140,29183035,gait_speed,,,,,,,,,,,,,,,,
FRAIL-140,29183035,sppb,,,,,,,,,,,,,,,,
FRAIL-140,29183035,grip_strength,,,,,,,,,,,,,,,,
FRAIL-140,29183035,adl_iadl,,,,,,,,,,,,,,,,
FRAIL-140,29183035,falls,,,,,,,,,,,,,,,,
FRAIL-140,29183035,quality_of_life,,,,,,,,,,,,,,,,
FRAIL-140,29183035,adherence,,,,,,,,,,,,,,,,
FRAIL-140,29183035,dropout,,,,,,,,,,,,,,,,
FRAIL-140,29183035,adverse_events,,,,,,,,,,,,,,,,
FRAIL-141,28064172,frailty_status,,,,,,,,,,,,,,,,
FRAIL-141,28064172,frailty_score,,,,,,,,,,,,,,,,
FRAIL-141,28064172,gait_speed,,,,,,,,,,,,,,,,
FRAIL-141,28064172,sppb,,,,,,,,,,,,,,,,
FRAIL-141,28064172,grip_strength,,,,,,,,,,,,,,,,
FRAIL-141,28064172,adl_iadl,,,,,,,,,,,,,,,,
FRAIL-141,28064172,falls,,,,,,,,,,,,,,,,
FRAIL-141,28064172,quality_of_life,,,,,,,,,,,,,,,,
FRAIL-141,28064172,adherence,,,,,,,,,,,,,,,,
FRAIL-141,28064172,dropout,,,,,,,,,,,,,,,,
FRAIL-141,28064172,adverse_events,,,,,,,,,,,,,,,,
FRAIL-142,27993489,frailty_status,,,,,,,,,,,,,,,,
FRAIL-142,27993489,frailty_score,,,,,,,,,,,,,,,,
FRAIL-142,27993489,gait_speed,,,,,,,,,,,,,,,,
FRAIL-142,27993489,sppb,,,,,,,,,,,,,,,,
FRAIL-142,27993489,grip_strength,,,,,,,,,,,,,,,,
FRAIL-142,27993489,adl_iadl,,,,,,,,,,,,,,,,
FRAIL-142,27993489,falls,,,,,,,,,,,,,,,,
FRAIL-142,27993489,quality_of_life,,,,,,,,,,,,,,,,
FRAIL-142,27993489,adherence,,,,,,,,,,,,,,,,
FRAIL-142,27993489,dropout,,,,,,,,,,,,,,,,
FRAIL-142,27993489,adverse_events,,,,,,,,,,,,,,,,
FRAIL-143,27588891,frailty_status,,,,,,,,,,,,,,,,
FRAIL-143,27588891,frailty_score,,,,,,,,,,,,,,,,
FRAIL-143,27588891,gait_speed,,,,,,,,,,,,,,,,
FRAIL-143,27588891,sppb,,,,,,,,,,,,,,,,
FRAIL-143,27588891,grip_strength,,,,,,,,,,,,,,,,
FRAIL-143,27588891,adl_iadl,,,,,,,,,,,,,,,,
FRAIL-143,27588891,falls,,,,,,,,,,,,,,,,
FRAIL-143,27588891,quality_of_life,,,,,,,,,,,,,,,,
FRAIL-143,27588891,adherence,,,,,,,,,,,,,,,,
FRAIL-143,27588891,dropout,,,,,,,,,,,,,,,,
FRAIL-143,27588891,adverse_events,,,,,,,,,,,,,,,,
FRAIL-144,27138245,frailty_status,,,,,,,,,,,,,,,,
FRAIL-144,27138245,frailty_score,,,,,,,,,,,,,,,,
FRAIL-144,27138245,gait_speed,,,,,,,,,,,,,,,,
FRAIL-144,27138245,sppb,,,,,,,,,,,,,,,,
FRAIL-144,27138245,grip_strength,,,,,,,,,,,,,,,,
FRAIL-144,27138245,adl_iadl,,,,,,,,,,,,,,,,
FRAIL-144,27138245,falls,,,,,,,,,,,,,,,,
FRAIL-144,27138245,quality_of_life,,,,,,,,,,,,,,,,
FRAIL-144,27138245,adherence,,,,,,,,,,,,,,,,
FRAIL-144,27138245,dropout,,,,,,,,,,,,,,,,
FRAIL-144,27138245,adverse_events,,,,,,,,,,,,,,,,
FRAIL-145,26947059,frailty_status,,,,,,,,,,,,,,,,
FRAIL-145,26947059,frailty_score,,,,,,,,,,,,,,,,
FRAIL-145,26947059,gait_speed,,,,,,,,,,,,,,,,
FRAIL-145,26947059,sppb,,,,,,,,,,,,,,,,
FRAIL-145,26947059,grip_strength,,,,,,,,,,,,,,,,
FRAIL-145,26947059,adl_iadl,,,,,,,,,,,,,,,,
FRAIL-145,26947059,falls,,,,,,,,,,,,,,,,
FRAIL-145,26947059,quality_of_life,,,,,,,,,,,,,,,,
FRAIL-145,26947059,adherence,,,,,,,,,,,,,,,,
FRAIL-145,26947059,dropout,,,,,,,,,,,,,,,,
FRAIL-145,26947059,adverse_events,,,,,,,,,,,,,,,,
FRAIL-146,27032052,frailty_status,,,,,,,,,,,,,,,,
FRAIL-146,27032052,frailty_score,,,,,,,,,,,,,,,,
FRAIL-146,27032052,gait_speed,,,,,,,,,,,,,,,,
FRAIL-146,27032052,sppb,,,,,,,,,,,,,,,,
FRAIL-146,27032052,grip_strength,,,,,,,,,,,,,,,,
FRAIL-146,27032052,adl_iadl,,,,,,,,,,,,,,,,
FRAIL-146,27032052,falls,,,,,,,,,,,,,,,,
FRAIL-146,27032052,quality_of_life,,,,,,,,,,,,,,,,
FRAIL-146,27032052,adherence,,,,,,,,,,,,,,,,
FRAIL-146,27032052,dropout,,,,,,,,,,,,,,,,
FRAIL-146,27032052,adverse_events,,,,,,,,,,,,,,,,
FRAIL-147,26663424,frailty_status,,,,,,,,,,,,,,,,
FRAIL-147,26663424,frailty_score,,,,,,,,,,,,,,,,
FRAIL-147,26663424,gait_speed,,,,,,,,,,,,,,,,
FRAIL-147,26663424,sppb,,,,,,,,,,,,,,,,
FRAIL-147,26663424,grip_strength,,,,,,,,,,,,,,,,
FRAIL-147,26663424,adl_iadl,,,,,,,,,,,,,,,,
FRAIL-147,26663424,falls,,,,,,,,,,,,,,,,
FRAIL-147,26663424,quality_of_life,,,,,,,,,,,,,,,,
FRAIL-147,26663424,adherence,,,,,,,,,,,,,,,,
FRAIL-147,26663424,dropout,,,,,,,,,,,,,,,,
FRAIL-147,26663424,adverse_events,,,,,,,,,,,,,,,,
FRAIL-148,26159634,frailty_status,,,,,,,,,,,,,,,,
FRAIL-148,26159634,frailty_score,,,,,,,,,,,,,,,,
FRAIL-148,26159634,gait_speed,,,,,,,,,,,,,,,,
FRAIL-148,26159634,sppb,,,,,,,,,,,,,,,,
FRAIL-148,26159634,grip_strength,,,,,,,,,,,,,,,,
FRAIL-148,26159634,adl_iadl,,,,,,,,,,,,,,,,
FRAIL-148,26159634,falls,,,,,,,,,,,,,,,,
FRAIL-148,26159634,quality_of_life,,,,,,,,,,,,,,,,
FRAIL-148,26159634,adherence,,,,,,,,,,,,,,,,
FRAIL-148,26159634,dropout,,,,,,,,,,,,,,,,
FRAIL-148,26159634,adverse_events,,,,,,,,,,,,,,,,
FRAIL-149,25659620,frailty_status,,,,,,,,,,,,,,,,
FRAIL-149,25659620,frailty_score,,,,,,,,,,,,,,,,
FRAIL-149,25659620,gait_speed,,,,,,,,,,,,,,,,
FRAIL-149,25659620,sppb,,,,,,,,,,,,,,,,
FRAIL-149,25659620,grip_strength,,,,,,,,,,,,,,,,
FRAIL-149,25659620,adl_iadl,,,,,,,,,,,,,,,,
FRAIL-149,25659620,falls,,,,,,,,,,,,,,,,
FRAIL-149,25659620,quality_of_life,,,,,,,,,,,,,,,,
FRAIL-149,25659620,adherence,,,,,,,,,,,,,,,,
FRAIL-149,25659620,dropout,,,,,,,,,,,,,,,,
FRAIL-149,25659620,adverse_events,,,,,,,,,,,,,,,,
FRAIL-150,27049906,frailty_status,,,,,,,,,,,,,,,,
FRAIL-150,27049906,frailty_score,,,,,,,,,,,,,,,,
FRAIL-150,27049906,gait_speed,,,,,,,,,,,,,,,,
FRAIL-150,27049906,sppb,,,,,,,,,,,,,,,,
FRAIL-150,27049906,grip_strength,,,,,,,,,,,,,,,,
FRAIL-150,27049906,adl_iadl,,,,,,,,,,,,,,,,
FRAIL-150,27049906,falls,,,,,,,,,,,,,,,,
FRAIL-150,27049906,quality_of_life,,,,,,,,,,,,,,,,
FRAIL-150,27049906,adherence,,,,,,,,,,,,,,,,
FRAIL-150,27049906,dropout,,,,,,,,,,,,,,,,
FRAIL-150,27049906,adverse_events,,,,,,,,,,,,,,,,
FRAIL-151,24381025,frailty_status,,,,,,,,,,,,,,,,
FRAIL-151,24381025,frailty_score,,,,,,,,,,,,,,,,
FRAIL-151,24381025,gait_speed,,,,,,,,,,,,,,,,
FRAIL-151,24381025,sppb,,,,,,,,,,,,,,,,
FRAIL-151,24381025,grip_strength,,,,,,,,,,,,,,,,
FRAIL-151,24381025,adl_iadl,,,,,,,,,,,,,,,,
FRAIL-151,24381025,falls,,,,,,,,,,,,,,,,
FRAIL-151,24381025,quality_of_life,,,,,,,,,,,,,,,,
FRAIL-151,24381025,adherence,,,,,,,,,,,,,,,,
FRAIL-151,24381025,dropout,,,,,,,,,,,,,,,,
FRAIL-151,24381025,adverse_events,,,,,,,,,,,,,,,,
FRAIL-152,23906550,frailty_status,,,,,,,,,,,,,,,,
FRAIL-152,23906550,frailty_score,,,,,,,,,,,,,,,,
FRAIL-152,23906550,gait_speed,,,,,,,,,,,,,,,,
FRAIL-152,23906550,sppb,,,,,,,,,,,,,,,,
FRAIL-152,23906550,grip_strength,,,,,,,,,,,,,,,,
FRAIL-152,23906550,adl_iadl,,,,,,,,,,,,,,,,
FRAIL-152,23906550,falls,,,,,,,,,,,,,,,,
FRAIL-152,23906550,quality_of_life,,,,,,,,,,,,,,,,
FRAIL-152,23906550,adherence,,,,,,,,,,,,,,,,
FRAIL-152,23906550,dropout,,,,,,,,,,,,,,,,
FRAIL-152,23906550,adverse_events,,,,,,,,,,,,,,,,
FRAIL-153,23740589,frailty_status,,,,,,,,,,,,,,,,
FRAIL-153,23740589,frailty_score,,,,,,,,,,,,,,,,
FRAIL-153,23740589,gait_speed,,,,,,,,,,,,,,,,
FRAIL-153,23740589,sppb,,,,,,,,,,,,,,,,
FRAIL-153,23740589,grip_strength,,,,,,,,,,,,,,,,
FRAIL-153,23740589,adl_iadl,,,,,,,,,,,,,,,,
FRAIL-153,23740589,falls,,,,,,,,,,,,,,,,
FRAIL-153,23740589,quality_of_life,,,,,,,,,,,,,,,,
FRAIL-153,23740589,adherence,,,,,,,,,,,,,,,,
FRAIL-153,23740589,dropout,,,,,,,,,,,,,,,,
FRAIL-153,23740589,adverse_events,,,,,,,,,,,,,,,,
FRAIL-154,23429407,frailty_status,,,,,,,,,,,,,,,,
FRAIL-154,23429407,frailty_score,,,,,,,,,,,,,,,,
FRAIL-154,23429407,gait_speed,,,,,,,,,,,,,,,,
FRAIL-154,23429407,sppb,,,,,,,,,,,,,,,,
FRAIL-154,23429407,grip_strength,,,,,,,,,,,,,,,,
FRAIL-154,23429407,adl_iadl,,,,,,,,,,,,,,,,
FRAIL-154,23429407,falls,,,,,,,,,,,,,,,,
FRAIL-154,23429407,quality_of_life,,,,,,,,,,,,,,,,
FRAIL-154,23429407,adherence,,,,,,,,,,,,,,,,
FRAIL-154,23429407,dropout,,,,,,,,,,,,,,,,
FRAIL-154,23429407,adverse_events,,,,,,,,,,,,,,,,
FRAIL-155,22879453,frailty_status,,,,,,,,,,,,,,,,
FRAIL-155,22879453,frailty_score,,,,,,,,,,,,,,,,
FRAIL-155,22879453,gait_speed,,,,,,,,,,,,,,,,
FRAIL-155,22879453,sppb,,,,,,,,,,,,,,,,
FRAIL-155,22879453,grip_strength,,,,,,,,,,,,,,,,
FRAIL-155,22879453,adl_iadl,,,,,,,,,,,,,,,,
FRAIL-155,22879453,falls,,,,,,,,,,,,,,,,
FRAIL-155,22879453,quality_of_life,,,,,,,,,,,,,,,,
FRAIL-155,22879453,adherence,,,,,,,,,,,,,,,,
FRAIL-155,22879453,dropout,,,,,,,,,,,,,,,,
FRAIL-155,22879453,adverse_events,,,,,,,,,,,,,,,,
FRAIL-156,22744992,frailty_status,,,,,,,,,,,,,,,,
FRAIL-156,22744992,frailty_score,,,,,,,,,,,,,,,,
FRAIL-156,22744992,gait_speed,,,,,,,,,,,,,,,,
FRAIL-156,22744992,sppb,,,,,,,,,,,,,,,,
FRAIL-156,22744992,grip_strength,,,,,,,,,,,,,,,,
FRAIL-156,22744992,adl_iadl,,,,,,,,,,,,,,,,
FRAIL-156,22744992,falls,,,,,,,,,,,,,,,,
FRAIL-156,22744992,quality_of_life,,,,,,,,,,,,,,,,
FRAIL-156,22744992,adherence,,,,,,,,,,,,,,,,
FRAIL-156,22744992,dropout,,,,,,,,,,,,,,,,
FRAIL-156,22744992,adverse_events,,,,,,,,,,,,,,,,
FRAIL-157,20956842,frailty_status,,,,,,,,,,,,,,,,
FRAIL-157,20956842,frailty_score,,,,,,,,,,,,,,,,
FRAIL-157,20956842,gait_speed,,,,,,,,,,,,,,,,
FRAIL-157,20956842,sppb,,,,,,,,,,,,,,,,
FRAIL-157,20956842,grip_strength,,,,,,,,,,,,,,,,
FRAIL-157,20956842,adl_iadl,,,,,,,,,,,,,,,,
FRAIL-157,20956842,falls,,,,,,,,,,,,,,,,
FRAIL-157,20956842,quality_of_life,,,,,,,,,,,,,,,,
FRAIL-157,20956842,adherence,,,,,,,,,,,,,,,,
FRAIL-157,20956842,dropout,,,,,,,,,,,,,,,,
FRAIL-157,20956842,adverse_events,,,,,,,,,,,,,,,,
FRAIL-158,20171455,frailty_status,,,,,,,,,,,,,,,,
FRAIL-158,20171455,frailty_score,,,,,,,,,,,,,,,,
FRAIL-158,20171455,gait_speed,,,,,,,,,,,,,,,,
FRAIL-158,20171455,sppb,,,,,,,,,,,,,,,,
FRAIL-158,20171455,grip_strength,,,,,,,,,,,,,,,,
FRAIL-158,20171455,adl_iadl,,,,,,,,,,,,,,,,
FRAIL-158,20171455,falls,,,,,,,,,,,,,,,,
FRAIL-158,20171455,quality_of_life,,,,,,,,,,,,,,,,
FRAIL-158,20171455,adherence,,,,,,,,,,,,,,,,
FRAIL-158,20171455,dropout,,,,,,,,,,,,,,,,
FRAIL-158,20171455,adverse_events,,,,,,,,,,,,,,,,
FRAIL-159,20044155,frailty_status,,,,,,,,,,,,,,,,
FRAIL-159,20044155,frailty_score,,,,,,,,,,,,,,,,
FRAIL-159,20044155,gait_speed,,,,,,,,,,,,,,,,
FRAIL-159,20044155,sppb,,,,,,,,,,,,,,,,
FRAIL-159,20044155,grip_strength,,,,,,,,,,,,,,,,
FRAIL-159,20044155,adl_iadl,,,,,,,,,,,,,,,,
FRAIL-159,20044155,falls,,,,,,,,,,,,,,,,
FRAIL-159,20044155,quality_of_life,,,,,,,,,,,,,,,,
FRAIL-159,20044155,adherence,,,,,,,,,,,,,,,,
FRAIL-159,20044155,dropout,,,,,,,,,,,,,,,,
FRAIL-159,20044155,adverse_events,,,,,,,,,,,,,,,,
FRAIL-160,19394017,frailty_status,,,,,,,,,,,,,,,,
FRAIL-160,19394017,frailty_score,,,,,,,,,,,,,,,,
FRAIL-160,19394017,gait_speed,,,,,,,,,,,,,,,,
FRAIL-160,19394017,sppb,,,,,,,,,,,,,,,,
FRAIL-160,19394017,grip_strength,,,,,,,,,,,,,,,,
FRAIL-160,19394017,adl_iadl,,,,,,,,,,,,,,,,
FRAIL-160,19394017,falls,,,,,,,,,,,,,,,,
FRAIL-160,19394017,quality_of_life,,,,,,,,,,,,,,,,
FRAIL-160,19394017,adherence,,,,,,,,,,,,,,,,
FRAIL-160,19394017,dropout,,,,,,,,,,,,,,,,
FRAIL-160,19394017,adverse_events,,,,,,,,,,,,,,,,
FRAIL-161,18804874,frailty_status,,,,,,,,,,,,,,,,
FRAIL-161,18804874,frailty_score,,,,,,,,,,,,,,,,
FRAIL-161,18804874,gait_speed,,,,,,,,,,,,,,,,
FRAIL-161,18804874,sppb,,,,,,,,,,,,,,,,
FRAIL-161,18804874,grip_strength,,,,,,,,,,,,,,,,
FRAIL-161,18804874,adl_iadl,,,,,,,,,,,,,,,,
FRAIL-161,18804874,falls,,,,,,,,,,,,,,,,
FRAIL-161,18804874,quality_of_life,,,,,,,,,,,,,,,,
FRAIL-161,18804874,adherence,,,,,,,,,,,,,,,,
FRAIL-161,18804874,dropout,,,,,,,,,,,,,,,,
FRAIL-161,18804874,adverse_events,,,,,,,,,,,,,,,,
FRAIL-162,18608400,frailty_status,,,,,,,,,,,,,,,,
FRAIL-162,18608400,frailty_score,,,,,,,,,,,,,,,,
FRAIL-162,18608400,gait_speed,,,,,,,,,,,,,,,,
FRAIL-162,18608400,sppb,,,,,,,,,,,,,,,,
FRAIL-162,18608400,grip_strength,,,,,,,,,,,,,,,,
FRAIL-162,18608400,adl_iadl,,,,,,,,,,,,,,,,
FRAIL-162,18608400,falls,,,,,,,,,,,,,,,,
FRAIL-162,18608400,quality_of_life,,,,,,,,,,,,,,,,
FRAIL-162,18608400,adherence,,,,,,,,,,,,,,,,
FRAIL-162,18608400,dropout,,,,,,,,,,,,,,,,
FRAIL-162,18608400,adverse_events,,,,,,,,,,,,,,,,
FRAIL-163,18431084,frailty_status,,,,,,,,,,,,,,,,
FRAIL-163,18431084,frailty_score,,,,,,,,,,,,,,,,
FRAIL-163,18431084,gait_speed,,,,,,,,,,,,,,,,
FRAIL-163,18431084,sppb,,,,,,,,,,,,,,,,
FRAIL-163,18431084,grip_strength,,,,,,,,,,,,,,,,
FRAIL-163,18431084,adl_iadl,,,,,,,,,,,,,,,,
FRAIL-163,18431084,falls,,,,,,,,,,,,,,,,
FRAIL-163,18431084,quality_of_life,,,,,,,,,,,,,,,,
FRAIL-163,18431084,adherence,,,,,,,,,,,,,,,,
FRAIL-163,18431084,dropout,,,,,,,,,,,,,,,,
FRAIL-163,18431084,adverse_events,,,,,,,,,,,,,,,,
FRAIL-164,17624483,frailty_status,,,,,,,,,,,,,,,,
FRAIL-164,17624483,frailty_score,,,,,,,,,,,,,,,,
FRAIL-164,17624483,gait_speed,,,,,,,,,,,,,,,,
FRAIL-164,17624483,sppb,,,,,,,,,,,,,,,,
FRAIL-164,17624483,grip_strength,,,,,,,,,,,,,,,,
FRAIL-164,17624483,adl_iadl,,,,,,,,,,,,,,,,
FRAIL-164,17624483,falls,,,,,,,,,,,,,,,,
FRAIL-164,17624483,quality_of_life,,,,,,,,,,,,,,,,
FRAIL-164,17624483,adherence,,,,,,,,,,,,,,,,
FRAIL-164,17624483,dropout,,,,,,,,,,,,,,,,
FRAIL-164,17624483,adverse_events,,,,,,,,,,,,,,,,
FRAIL-165,16813773,frailty_status,,,,,,,,,,,,,,,,
FRAIL-165,16813773,frailty_score,,,,,,,,,,,,,,,,
FRAIL-165,16813773,gait_speed,,,,,,,,,,,,,,,,
FRAIL-165,16813773,sppb,,,,,,,,,,,,,,,,
FRAIL-165,16813773,grip_strength,,,,,,,,,,,,,,,,
FRAIL-165,16813773,adl_iadl,,,,,,,,,,,,,,,,
FRAIL-165,16813773,falls,,,,,,,,,,,,,,,,
FRAIL-165,16813773,quality_of_life,,,,,,,,,,,,,,,,
FRAIL-165,16813773,adherence,,,,,,,,,,,,,,,,
FRAIL-165,16813773,dropout,,,,,,,,,,,,,,,,
FRAIL-165,16813773,adverse_events,,,,,,,,,,,,,,,,
FRAIL-166,16636211,frailty_status,,,,,,,,,,,,,,,,
FRAIL-166,16636211,frailty_score,,,,,,,,,,,,,,,,
FRAIL-166,16636211,gait_speed,,,,,,,,,,,,,,,,
FRAIL-166,16636211,sppb,,,,,,,,,,,,,,,,
FRAIL-166,16636211,grip_strength,,,,,,,,,,,,,,,,
FRAIL-166,16636211,adl_iadl,,,,,,,,,,,,,,,,
FRAIL-166,16636211,falls,,,,,,,,,,,,,,,,
FRAIL-166,16636211,quality_of_life,,,,,,,,,,,,,,,,
FRAIL-166,16636211,adherence,,,,,,,,,,,,,,,,
FRAIL-166,16636211,dropout,,,,,,,,,,,,,,,,
FRAIL-166,16636211,adverse_events,,,,,,,,,,,,,,,,
FRAIL-167,16510864,frailty_status,,,,,,,,,,,,,,,,
FRAIL-167,16510864,frailty_score,,,,,,,,,,,,,,,,
FRAIL-167,16510864,gait_speed,,,,,,,,,,,,,,,,
FRAIL-167,16510864,sppb,,,,,,,,,,,,,,,,
FRAIL-167,16510864,grip_strength,,,,,,,,,,,,,,,,
FRAIL-167,16510864,adl_iadl,,,,,,,,,,,,,,,,
FRAIL-167,16510864,falls,,,,,,,,,,,,,,,,
FRAIL-167,16510864,quality_of_life,,,,,,,,,,,,,,,,
FRAIL-167,16510864,adherence,,,,,,,,,,,,,,,,
FRAIL-167,16510864,dropout,,,,,,,,,,,,,,,,
FRAIL-167,16510864,adverse_events,,,,,,,,,,,,,,,,
FRAIL-168,15241748,frailty_status,,,,,,,,,,,,,,,,
FRAIL-168,15241748,frailty_score,,,,,,,,,,,,,,,,
FRAIL-168,15241748,gait_speed,,,,,,,,,,,,,,,,
FRAIL-168,15241748,sppb,,,,,,,,,,,,,,,,
FRAIL-168,15241748,grip_strength,,,,,,,,,,,,,,,,
FRAIL-168,15241748,adl_iadl,,,,,,,,,,,,,,,,
FRAIL-168,15241748,falls,,,,,,,,,,,,,,,,
FRAIL-168,15241748,quality_of_life,,,,,,,,,,,,,,,,
FRAIL-168,15241748,adherence,,,,,,,,,,,,,,,,
FRAIL-168,15241748,dropout,,,,,,,,,,,,,,,,
FRAIL-168,15241748,adverse_events,,,,,,,,,,,,,,,,
FRAIL-169,14687360,frailty_status,,,,,,,,,,,,,,,,
FRAIL-169,14687360,frailty_score,,,,,,,,,,,,,,,,
FRAIL-169,14687360,gait_speed,,,,,,,,,,,,,,,,
FRAIL-169,14687360,sppb,,,,,,,,,,,,,,,,
FRAIL-169,14687360,grip_strength,,,,,,,,,,,,,,,,
FRAIL-169,14687360,adl_iadl,,,,,,,,,,,,,,,,
FRAIL-169,14687360,falls,,,,,,,,,,,,,,,,
FRAIL-169,14687360,quality_of_life,,,,,,,,,,,,,,,,
FRAIL-169,14687360,adherence,,,,,,,,,,,,,,,,
FRAIL-169,14687360,dropout,,,,,,,,,,,,,,,,
FRAIL-169,14687360,adverse_events,,,,,,,,,,,,,,,,
FRAIL-170,12588571,frailty_status,,,,,,,,,,,,,,,,
FRAIL-170,12588571,frailty_score,,,,,,,,,,,,,,,,
FRAIL-170,12588571,gait_speed,,,,,,,,,,,,,,,,
FRAIL-170,12588571,sppb,,,,,,,,,,,,,,,,
FRAIL-170,12588571,grip_strength,,,,,,,,,,,,,,,,
FRAIL-170,12588571,adl_iadl,,,,,,,,,,,,,,,,
FRAIL-170,12588571,falls,,,,,,,,,,,,,,,,
FRAIL-170,12588571,quality_of_life,,,,,,,,,,,,,,,,
FRAIL-170,12588571,adherence,,,,,,,,,,,,,,,,
FRAIL-170,12588571,dropout,,,,,,,,,,,,,,,,
FRAIL-170,12588571,adverse_events,,,,,,,,,,,,,,,,
FRAIL-171,12448161,frailty_status,,,,,,,,,,,,,,,,
FRAIL-171,12448161,frailty_score,,,,,,,,,,,,,,,,
FRAIL-171,12448161,gait_speed,,,,,,,,,,,,,,,,
FRAIL-171,12448161,sppb,,,,,,,,,,,,,,,,
FRAIL-171,12448161,grip_strength,,,,,,,,,,,,,,,,
FRAIL-171,12448161,adl_iadl,,,,,,,,,,,,,,,,
FRAIL-171,12448161,falls,,,,,,,,,,,,,,,,
FRAIL-171,12448161,quality_of_life,,,,,,,,,,,,,,,,
FRAIL-171,12448161,adherence,,,,,,,,,,,,,,,,
FRAIL-171,12448161,dropout,,,,,,,,,,,,,,,,
FRAIL-171,12448161,adverse_events,,,,,,,,,,,,,,,,
FRAIL-172,12171453,frailty_status,,,,,,,,,,,,,,,,
FRAIL-172,12171453,frailty_score,,,,,,,,,,,,,,,,
FRAIL-172,12171453,gait_speed,,,,,,,,,,,,,,,,
FRAIL-172,12171453,sppb,,,,,,,,,,,,,,,,
FRAIL-172,12171453,grip_strength,,,,,,,,,,,,,,,,
FRAIL-172,12171453,adl_iadl,,,,,,,,,,,,,,,,
FRAIL-172,12171453,falls,,,,,,,,,,,,,,,,
FRAIL-172,12171453,quality_of_life,,,,,,,,,,,,,,,,
FRAIL-172,12171453,adherence,,,,,,,,,,,,,,,,
FRAIL-172,12171453,dropout,,,,,,,,,,,,,,,,
FRAIL-172,12171453,adverse_events,,,,,,,,,,,,,,,,
FRAIL-173,11427784,frailty_status,,,,,,,,,,,,,,,,
FRAIL-173,11427784,frailty_score,,,,,,,,,,,,,,,,
FRAIL-173,11427784,gait_speed,,,,,,,,,,,,,,,,
FRAIL-173,11427784,sppb,,,,,,,,,,,,,,,,
FRAIL-173,11427784,grip_strength,,,,,,,,,,,,,,,,
FRAIL-173,11427784,adl_iadl,,,,,,,,,,,,,,,,
FRAIL-173,11427784,falls,,,,,,,,,,,,,,,,
FRAIL-173,11427784,quality_of_life,,,,,,,,,,,,,,,,
FRAIL-173,11427784,adherence,,,,,,,,,,,,,,,,
FRAIL-173,11427784,dropout,,,,,,,,,,,,,,,,
FRAIL-173,11427784,adverse_events,,,,,,,,,,,,,,,,
FRAIL-174,11387588,frailty_status,,,,,,,,,,,,,,,,
FRAIL-174,11387588,frailty_score,,,,,,,,,,,,,,,,
FRAIL-174,11387588,gait_speed,,,,,,,,,,,,,,,,
FRAIL-174,11387588,sppb,,,,,,,,,,,,,,,,
FRAIL-174,11387588,grip_strength,,,,,,,,,,,,,,,,
FRAIL-174,11387588,adl_iadl,,,,,,,,,,,,,,,,
FRAIL-174,11387588,falls,,,,,,,,,,,,,,,,
FRAIL-174,11387588,quality_of_life,,,,,,,,,,,,,,,,
FRAIL-174,11387588,adherence,,,,,,,,,,,,,,,,
FRAIL-174,11387588,dropout,,,,,,,,,,,,,,,,
FRAIL-174,11387588,adverse_events,,,,,,,,,,,,,,,,
FRAIL-175,10968301,frailty_status,,,,,,,,,,,,,,,,
FRAIL-175,10968301,frailty_score,,,,,,,,,,,,,,,,
FRAIL-175,10968301,gait_speed,,,,,,,,,,,,,,,,
FRAIL-175,10968301,sppb,,,,,,,,,,,,,,,,
FRAIL-175,10968301,grip_strength,,,,,,,,,,,,,,,,
FRAIL-175,10968301,adl_iadl,,,,,,,,,,,,,,,,
FRAIL-175,10968301,falls,,,,,,,,,,,,,,,,
FRAIL-175,10968301,quality_of_life,,,,,,,,,,,,,,,,
FRAIL-175,10968301,adherence,,,,,,,,,,,,,,,,
FRAIL-175,10968301,dropout,,,,,,,,,,,,,,,,
FRAIL-175,10968301,adverse_events,,,,,,,,,,,,,,,,
FRAIL-176,10896013,frailty_status,,,,,,,,,,,,,,,,
FRAIL-176,10896013,frailty_score,,,,,,,,,,,,,,,,
FRAIL-176,10896013,gait_speed,,,,,,,,,,,,,,,,
FRAIL-176,10896013,sppb,,,,,,,,,,,,,,,,
FRAIL-176,10896013,grip_strength,,,,,,,,,,,,,,,,
FRAIL-176,10896013,adl_iadl,,,,,,,,,,,,,,,,
FRAIL-176,10896013,falls,,,,,,,,,,,,,,,,
FRAIL-176,10896013,quality_of_life,,,,,,,,,,,,,,,,
FRAIL-176,10896013,adherence,,,,,,,,,,,,,,,,
FRAIL-176,10896013,dropout,,,,,,,,,,,,,,,,
FRAIL-176,10896013,adverse_events,,,,,,,,,,,,,,,,
FRAIL-177,10496549,frailty_status,,,,,,,,,,,,,,,,
FRAIL-177,10496549,frailty_score,,,,,,,,,,,,,,,,
FRAIL-177,10496549,gait_speed,,,,,,,,,,,,,,,,
FRAIL-177,10496549,sppb,,,,,,,,,,,,,,,,
FRAIL-177,10496549,grip_strength,,,,,,,,,,,,,,,,
FRAIL-177,10496549,adl_iadl,,,,,,,,,,,,,,,,
FRAIL-177,10496549,falls,,,,,,,,,,,,,,,,
FRAIL-177,10496549,quality_of_life,,,,,,,,,,,,,,,,
FRAIL-177,10496549,adherence,,,,,,,,,,,,,,,,
FRAIL-177,10496549,dropout,,,,,,,,,,,,,,,,
FRAIL-177,10496549,adverse_events,,,,,,,,,,,,,,,,
FRAIL-178,10462167,frailty_status,,,,,,,,,,,,,,,,
FRAIL-178,10462167,frailty_score,,,,,,,,,,,,,,,,
FRAIL-178,10462167,gait_speed,,,,,,,,,,,,,,,,
FRAIL-178,10462167,sppb,,,,,,,,,,,,,,,,
FRAIL-178,10462167,grip_strength,,,,,,,,,,,,,,,,
FRAIL-178,10462167,adl_iadl,,,,,,,,,,,,,,,,
FRAIL-178,10462167,falls,,,,,,,,,,,,,,,,
FRAIL-178,10462167,quality_of_life,,,,,,,,,,,,,,,,
FRAIL-178,10462167,adherence,,,,,,,,,,,,,,,,
FRAIL-178,10462167,dropout,,,,,,,,,,,,,,,,
FRAIL-178,10462167,adverse_events,,,,,,,,,,,,,,,,
FRAIL-179,8617895,frailty_status,,,,,,,,,,,,,,,,
FRAIL-179,8617895,frailty_score,,,,,,,,,,,,,,,,
FRAIL-179,8617895,gait_speed,,,,,,,,,,,,,,,,
FRAIL-179,8617895,sppb,,,,,,,,,,,,,,,,
FRAIL-179,8617895,grip_strength,,,,,,,,,,,,,,,,
FRAIL-179,8617895,adl_iadl,,,,,,,,,,,,,,,,
FRAIL-179,8617895,falls,,,,,,,,,,,,,,,,
FRAIL-179,8617895,quality_of_life,,,,,,,,,,,,,,,,
FRAIL-179,8617895,adherence,,,,,,,,,,,,,,,,
FRAIL-179,8617895,dropout,,,,,,,,,,,,,,,,
FRAIL-179,8617895,adverse_events,,,,,,,,,,,,,,,,
