study_id,pmid,domain,judgement,support_for_judgement,reviewer,second_author_checked,consensus_judgement
FRAIL-001,42131895,D1_randomization_process,,,Dr Siddalingaiah H S,,
FRAIL-001,42131895,D2_deviations_from_intended_interventions,,,Dr Siddalingaiah H S,,
FRAIL-001,42131895,D3_missing_outcome_data,,,Dr Siddalingaiah H S,,
FRAIL-001,42131895,D4_outcome_measurement,,,Dr Siddalingaiah H S,,
FRAIL-001,42131895,D5_selection_of_reported_result,,,Dr Siddalingaiah H S,,
FRAIL-001,42131895,overall,,,Dr Siddalingaiah H S,,
FRAIL-002,42004413,D1_randomization_process,,,Dr Chandrakala D,,
FRAIL-002,42004413,D2_deviations_from_intended_interventions,,,Dr Chandrakala D,,
FRAIL-002,42004413,D3_missing_outcome_data,,,Dr Chandrakala D,,
FRAIL-002,42004413,D4_outcome_measurement,,,Dr Chandrakala D,,
FRAIL-002,42004413,D5_selection_of_reported_result,,,Dr Chandrakala D,,
FRAIL-002,42004413,overall,,,Dr Chandrakala D,,
FRAIL-003,41796126,D1_randomization_process,,,Dr Siddalingaiah H S,,
FRAIL-003,41796126,D2_deviations_from_intended_interventions,,,Dr Siddalingaiah H S,,
FRAIL-003,41796126,D3_missing_outcome_data,,,Dr Siddalingaiah H S,,
FRAIL-003,41796126,D4_outcome_measurement,,,Dr Siddalingaiah H S,,
FRAIL-003,41796126,D5_selection_of_reported_result,,,Dr Siddalingaiah H S,,
FRAIL-003,41796126,overall,,,Dr Siddalingaiah H S,,
FRAIL-004,41677077,D1_randomization_process,,,Dr Chandrakala D,,
FRAIL-004,41677077,D2_deviations_from_intended_interventions,,,Dr Chandrakala D,,
FRAIL-004,41677077,D3_missing_outcome_data,,,Dr Chandrakala D,,
FRAIL-004,41677077,D4_outcome_measurement,,,Dr Chandrakala D,,
FRAIL-004,41677077,D5_selection_of_reported_result,,,Dr Chandrakala D,,
FRAIL-004,41677077,overall,,,Dr Chandrakala D,,
FRAIL-005,41658611,D1_randomization_process,,,Dr Siddalingaiah H S,,
FRAIL-005,41658611,D2_deviations_from_intended_interventions,,,Dr Siddalingaiah H S,,
FRAIL-005,41658611,D3_missing_outcome_data,,,Dr Siddalingaiah H S,,
FRAIL-005,41658611,D4_outcome_measurement,,,Dr Siddalingaiah H S,,
FRAIL-005,41658611,D5_selection_of_reported_result,,,Dr Siddalingaiah H S,,
FRAIL-005,41658611,overall,,,Dr Siddalingaiah H S,,
FRAIL-006,41354090,D1_randomization_process,,,Dr Chandrakala D,,
FRAIL-006,41354090,D2_deviations_from_intended_interventions,,,Dr Chandrakala D,,
FRAIL-006,41354090,D3_missing_outcome_data,,,Dr Chandrakala D,,
FRAIL-006,41354090,D4_outcome_measurement,,,Dr Chandrakala D,,
FRAIL-006,41354090,D5_selection_of_reported_result,,,Dr Chandrakala D,,
FRAIL-006,41354090,overall,,,Dr Chandrakala D,,
FRAIL-007,41120990,D1_randomization_process,,,Dr Siddalingaiah H S,,
FRAIL-007,41120990,D2_deviations_from_intended_interventions,,,Dr Siddalingaiah H S,,
FRAIL-007,41120990,D3_missing_outcome_data,,,Dr Siddalingaiah H S,,
FRAIL-007,41120990,D4_outcome_measurement,,,Dr Siddalingaiah H S,,
FRAIL-007,41120990,D5_selection_of_reported_result,,,Dr Siddalingaiah H S,,
FRAIL-007,41120990,overall,,,Dr Siddalingaiah H S,,
FRAIL-008,41095572,D1_randomization_process,,,Dr Chandrakala D,,
FRAIL-008,41095572,D2_deviations_from_intended_interventions,,,Dr Chandrakala D,,
FRAIL-008,41095572,D3_missing_outcome_data,,,Dr Chandrakala D,,
FRAIL-008,41095572,D4_outcome_measurement,,,Dr Chandrakala D,,
FRAIL-008,41095572,D5_selection_of_reported_result,,,Dr Chandrakala D,,
FRAIL-008,41095572,overall,,,Dr Chandrakala D,,
FRAIL-009,41035820,D1_randomization_process,,,Dr Siddalingaiah H S,,
FRAIL-009,41035820,D2_deviations_from_intended_interventions,,,Dr Siddalingaiah H S,,
FRAIL-009,41035820,D3_missing_outcome_data,,,Dr Siddalingaiah H S,,
FRAIL-009,41035820,D4_outcome_measurement,,,Dr Siddalingaiah H S,,
FRAIL-009,41035820,D5_selection_of_reported_result,,,Dr Siddalingaiah H S,,
FRAIL-009,41035820,overall,,,Dr Siddalingaiah H S,,
FRAIL-010,40969786,D1_randomization_process,,,Dr Chandrakala D,,
FRAIL-010,40969786,D2_deviations_from_intended_interventions,,,Dr Chandrakala D,,
FRAIL-010,40969786,D3_missing_outcome_data,,,Dr Chandrakala D,,
FRAIL-010,40969786,D4_outcome_measurement,,,Dr Chandrakala D,,
FRAIL-010,40969786,D5_selection_of_reported_result,,,Dr Chandrakala D,,
FRAIL-010,40969786,overall,,,Dr Chandrakala D,,
FRAIL-011,40938877,D1_randomization_process,,,Dr Siddalingaiah H S,,
FRAIL-011,40938877,D2_deviations_from_intended_interventions,,,Dr Siddalingaiah H S,,
FRAIL-011,40938877,D3_missing_outcome_data,,,Dr Siddalingaiah H S,,
FRAIL-011,40938877,D4_outcome_measurement,,,Dr Siddalingaiah H S,,
FRAIL-011,40938877,D5_selection_of_reported_result,,,Dr Siddalingaiah H S,,
FRAIL-011,40938877,overall,,,Dr Siddalingaiah H S,,
FRAIL-012,40749218,D1_randomization_process,,,Dr Chandrakala D,,
FRAIL-012,40749218,D2_deviations_from_intended_interventions,,,Dr Chandrakala D,,
FRAIL-012,40749218,D3_missing_outcome_data,,,Dr Chandrakala D,,
FRAIL-012,40749218,D4_outcome_measurement,,,Dr Chandrakala D,,
FRAIL-012,40749218,D5_selection_of_reported_result,,,Dr Chandrakala D,,
FRAIL-012,40749218,overall,,,Dr Chandrakala D,,
FRAIL-013,40695991,D1_randomization_process,,,Dr Siddalingaiah H S,,
FRAIL-013,40695991,D2_deviations_from_intended_interventions,,,Dr Siddalingaiah H S,,
FRAIL-013,40695991,D3_missing_outcome_data,,,Dr Siddalingaiah H S,,
FRAIL-013,40695991,D4_outcome_measurement,,,Dr Siddalingaiah H S,,
FRAIL-013,40695991,D5_selection_of_reported_result,,,Dr Siddalingaiah H S,,
FRAIL-013,40695991,overall,,,Dr Siddalingaiah H S,,
FRAIL-014,40514302,D1_randomization_process,,,Dr Chandrakala D,,
FRAIL-014,40514302,D2_deviations_from_intended_interventions,,,Dr Chandrakala D,,
FRAIL-014,40514302,D3_missing_outcome_data,,,Dr Chandrakala D,,
FRAIL-014,40514302,D4_outcome_measurement,,,Dr Chandrakala D,,
FRAIL-014,40514302,D5_selection_of_reported_result,,,Dr Chandrakala D,,
FRAIL-014,40514302,overall,,,Dr Chandrakala D,,
FRAIL-015,40471669,D1_randomization_process,,,Dr Siddalingaiah H S,,
FRAIL-015,40471669,D2_deviations_from_intended_interventions,,,Dr Siddalingaiah H S,,
FRAIL-015,40471669,D3_missing_outcome_data,,,Dr Siddalingaiah H S,,
FRAIL-015,40471669,D4_outcome_measurement,,,Dr Siddalingaiah H S,,
FRAIL-015,40471669,D5_selection_of_reported_result,,,Dr Siddalingaiah H S,,
FRAIL-015,40471669,overall,,,Dr Siddalingaiah H S,,
FRAIL-016,40367490,D1_randomization_process,,,Dr Chandrakala D,,
FRAIL-016,40367490,D2_deviations_from_intended_interventions,,,Dr Chandrakala D,,
FRAIL-016,40367490,D3_missing_outcome_data,,,Dr Chandrakala D,,
FRAIL-016,40367490,D4_outcome_measurement,,,Dr Chandrakala D,,
FRAIL-016,40367490,D5_selection_of_reported_result,,,Dr Chandrakala D,,
FRAIL-016,40367490,overall,,,Dr Chandrakala D,,
FRAIL-017,40121486,D1_randomization_process,,,Dr Siddalingaiah H S,,
FRAIL-017,40121486,D2_deviations_from_intended_interventions,,,Dr Siddalingaiah H S,,
FRAIL-017,40121486,D3_missing_outcome_data,,,Dr Siddalingaiah H S,,
FRAIL-017,40121486,D4_outcome_measurement,,,Dr Siddalingaiah H S,,
FRAIL-017,40121486,D5_selection_of_reported_result,,,Dr Siddalingaiah H S,,
FRAIL-017,40121486,overall,,,Dr Siddalingaiah H S,,
FRAIL-018,40005003,D1_randomization_process,,,Dr Chandrakala D,,
FRAIL-018,40005003,D2_deviations_from_intended_interventions,,,Dr Chandrakala D,,
FRAIL-018,40005003,D3_missing_outcome_data,,,Dr Chandrakala D,,
FRAIL-018,40005003,D4_outcome_measurement,,,Dr Chandrakala D,,
FRAIL-018,40005003,D5_selection_of_reported_result,,,Dr Chandrakala D,,
FRAIL-018,40005003,overall,,,Dr Chandrakala D,,
FRAIL-019,39997521,D1_randomization_process,,,Dr Siddalingaiah H S,,
FRAIL-019,39997521,D2_deviations_from_intended_interventions,,,Dr Siddalingaiah H S,,
FRAIL-019,39997521,D3_missing_outcome_data,,,Dr Siddalingaiah H S,,
FRAIL-019,39997521,D4_outcome_measurement,,,Dr Siddalingaiah H S,,
FRAIL-019,39997521,D5_selection_of_reported_result,,,Dr Siddalingaiah H S,,
FRAIL-019,39997521,overall,,,Dr Siddalingaiah H S,,
FRAIL-020,39954533,D1_randomization_process,,,Dr Chandrakala D,,
FRAIL-020,39954533,D2_deviations_from_intended_interventions,,,Dr Chandrakala D,,
FRAIL-020,39954533,D3_missing_outcome_data,,,Dr Chandrakala D,,
FRAIL-020,39954533,D4_outcome_measurement,,,Dr Chandrakala D,,
FRAIL-020,39954533,D5_selection_of_reported_result,,,Dr Chandrakala D,,
FRAIL-020,39954533,overall,,,Dr Chandrakala D,,
FRAIL-021,39871464,D1_randomization_process,,,Dr Siddalingaiah H S,,
FRAIL-021,39871464,D2_deviations_from_intended_interventions,,,Dr Siddalingaiah H S,,
FRAIL-021,39871464,D3_missing_outcome_data,,,Dr Siddalingaiah H S,,
FRAIL-021,39871464,D4_outcome_measurement,,,Dr Siddalingaiah H S,,
FRAIL-021,39871464,D5_selection_of_reported_result,,,Dr Siddalingaiah H S,,
FRAIL-021,39871464,overall,,,Dr Siddalingaiah H S,,
FRAIL-022,39652737,D1_randomization_process,,,Dr Chandrakala D,,
FRAIL-022,39652737,D2_deviations_from_intended_interventions,,,Dr Chandrakala D,,
FRAIL-022,39652737,D3_missing_outcome_data,,,Dr Chandrakala D,,
FRAIL-022,39652737,D4_outcome_measurement,,,Dr Chandrakala D,,
FRAIL-022,39652737,D5_selection_of_reported_result,,,Dr Chandrakala D,,
FRAIL-022,39652737,overall,,,Dr Chandrakala D,,
FRAIL-023,39580545,D1_randomization_process,,,Dr Siddalingaiah H S,,
FRAIL-023,39580545,D2_deviations_from_intended_interventions,,,Dr Siddalingaiah H S,,
FRAIL-023,39580545,D3_missing_outcome_data,,,Dr Siddalingaiah H S,,
FRAIL-023,39580545,D4_outcome_measurement,,,Dr Siddalingaiah H S,,
FRAIL-023,39580545,D5_selection_of_reported_result,,,Dr Siddalingaiah H S,,
FRAIL-023,39580545,overall,,,Dr Siddalingaiah H S,,
FRAIL-024,39478450,D1_randomization_process,,,Dr Chandrakala D,,
FRAIL-024,39478450,D2_deviations_from_intended_interventions,,,Dr Chandrakala D,,
FRAIL-024,39478450,D3_missing_outcome_data,,,Dr Chandrakala D,,
FRAIL-024,39478450,D4_outcome_measurement,,,Dr Chandrakala D,,
FRAIL-024,39478450,D5_selection_of_reported_result,,,Dr Chandrakala D,,
FRAIL-024,39478450,overall,,,Dr Chandrakala D,,
FRAIL-025,39390362,D1_randomization_process,,,Dr Siddalingaiah H S,,
FRAIL-025,39390362,D2_deviations_from_intended_interventions,,,Dr Siddalingaiah H S,,
FRAIL-025,39390362,D3_missing_outcome_data,,,Dr Siddalingaiah H S,,
FRAIL-025,39390362,D4_outcome_measurement,,,Dr Siddalingaiah H S,,
FRAIL-025,39390362,D5_selection_of_reported_result,,,Dr Siddalingaiah H S,,
FRAIL-025,39390362,overall,,,Dr Siddalingaiah H S,,
FRAIL-026,39354527,D1_randomization_process,,,Dr Chandrakala D,,
FRAIL-026,39354527,D2_deviations_from_intended_interventions,,,Dr Chandrakala D,,
FRAIL-026,39354527,D3_missing_outcome_data,,,Dr Chandrakala D,,
FRAIL-026,39354527,D4_outcome_measurement,,,Dr Chandrakala D,,
FRAIL-026,39354527,D5_selection_of_reported_result,,,Dr Chandrakala D,,
FRAIL-026,39354527,overall,,,Dr Chandrakala D,,
FRAIL-027,39211745,D1_randomization_process,,,Dr Siddalingaiah H S,,
FRAIL-027,39211745,D2_deviations_from_intended_interventions,,,Dr Siddalingaiah H S,,
FRAIL-027,39211745,D3_missing_outcome_data,,,Dr Siddalingaiah H S,,
FRAIL-027,39211745,D4_outcome_measurement,,,Dr Siddalingaiah H S,,
FRAIL-027,39211745,D5_selection_of_reported_result,,,Dr Siddalingaiah H S,,
FRAIL-027,39211745,overall,,,Dr Siddalingaiah H S,,
FRAIL-028,38111605,D1_randomization_process,,,Dr Chandrakala D,,
FRAIL-028,38111605,D2_deviations_from_intended_interventions,,,Dr Chandrakala D,,
FRAIL-028,38111605,D3_missing_outcome_data,,,Dr Chandrakala D,,
FRAIL-028,38111605,D4_outcome_measurement,,,Dr Chandrakala D,,
FRAIL-028,38111605,D5_selection_of_reported_result,,,Dr Chandrakala D,,
FRAIL-028,38111605,overall,,,Dr Chandrakala D,,
FRAIL-029,37960913,D1_randomization_process,,,Dr Siddalingaiah H S,,
FRAIL-029,37960913,D2_deviations_from_intended_interventions,,,Dr Siddalingaiah H S,,
FRAIL-029,37960913,D3_missing_outcome_data,,,Dr Siddalingaiah H S,,
FRAIL-029,37960913,D4_outcome_measurement,,,Dr Siddalingaiah H S,,
FRAIL-029,37960913,D5_selection_of_reported_result,,,Dr Siddalingaiah H S,,
FRAIL-029,37960913,overall,,,Dr Siddalingaiah H S,,
FRAIL-030,37875291,D1_randomization_process,,,Dr Chandrakala D,,
FRAIL-030,37875291,D2_deviations_from_intended_interventions,,,Dr Chandrakala D,,
FRAIL-030,37875291,D3_missing_outcome_data,,,Dr Chandrakala D,,
FRAIL-030,37875291,D4_outcome_measurement,,,Dr Chandrakala D,,
FRAIL-030,37875291,D5_selection_of_reported_result,,,Dr Chandrakala D,,
FRAIL-030,37875291,overall,,,Dr Chandrakala D,,
FRAIL-031,37357328,D1_randomization_process,,,Dr Siddalingaiah H S,,
FRAIL-031,37357328,D2_deviations_from_intended_interventions,,,Dr Siddalingaiah H S,,
FRAIL-031,37357328,D3_missing_outcome_data,,,Dr Siddalingaiah H S,,
FRAIL-031,37357328,D4_outcome_measurement,,,Dr Siddalingaiah H S,,
FRAIL-031,37357328,D5_selection_of_reported_result,,,Dr Siddalingaiah H S,,
FRAIL-031,37357328,overall,,,Dr Siddalingaiah H S,,
FRAIL-032,37328797,D1_randomization_process,,,Dr Chandrakala D,,
FRAIL-032,37328797,D2_deviations_from_intended_interventions,,,Dr Chandrakala D,,
FRAIL-032,37328797,D3_missing_outcome_data,,,Dr Chandrakala D,,
FRAIL-032,37328797,D4_outcome_measurement,,,Dr Chandrakala D,,
FRAIL-032,37328797,D5_selection_of_reported_result,,,Dr Chandrakala D,,
FRAIL-032,37328797,overall,,,Dr Chandrakala D,,
FRAIL-033,37049448,D1_randomization_process,,,Dr Siddalingaiah H S,,
FRAIL-033,37049448,D2_deviations_from_intended_interventions,,,Dr Siddalingaiah H S,,
FRAIL-033,37049448,D3_missing_outcome_data,,,Dr Siddalingaiah H S,,
FRAIL-033,37049448,D4_outcome_measurement,,,Dr Siddalingaiah H S,,
FRAIL-033,37049448,D5_selection_of_reported_result,,,Dr Siddalingaiah H S,,
FRAIL-033,37049448,overall,,,Dr Siddalingaiah H S,,
FRAIL-034,36673644,D1_randomization_process,,,Dr Chandrakala D,,
FRAIL-034,36673644,D2_deviations_from_intended_interventions,,,Dr Chandrakala D,,
FRAIL-034,36673644,D3_missing_outcome_data,,,Dr Chandrakala D,,
FRAIL-034,36673644,D4_outcome_measurement,,,Dr Chandrakala D,,
FRAIL-034,36673644,D5_selection_of_reported_result,,,Dr Chandrakala D,,
FRAIL-034,36673644,overall,,,Dr Chandrakala D,,
FRAIL-035,36636457,D1_randomization_process,,,Dr Siddalingaiah H S,,
FRAIL-035,36636457,D2_deviations_from_intended_interventions,,,Dr Siddalingaiah H S,,
FRAIL-035,36636457,D3_missing_outcome_data,,,Dr Siddalingaiah H S,,
FRAIL-035,36636457,D4_outcome_measurement,,,Dr Siddalingaiah H S,,
FRAIL-035,36636457,D5_selection_of_reported_result,,,Dr Siddalingaiah H S,,
FRAIL-035,36636457,overall,,,Dr Siddalingaiah H S,,
FRAIL-036,36528997,D1_randomization_process,,,Dr Chandrakala D,,
FRAIL-036,36528997,D2_deviations_from_intended_interventions,,,Dr Chandrakala D,,
FRAIL-036,36528997,D3_missing_outcome_data,,,Dr Chandrakala D,,
FRAIL-036,36528997,D4_outcome_measurement,,,Dr Chandrakala D,,
FRAIL-036,36528997,D5_selection_of_reported_result,,,Dr Chandrakala D,,
FRAIL-036,36528997,overall,,,Dr Chandrakala D,,
FRAIL-037,36426763,D1_randomization_process,,,Dr Siddalingaiah H S,,
FRAIL-037,36426763,D2_deviations_from_intended_interventions,,,Dr Siddalingaiah H S,,
FRAIL-037,36426763,D3_missing_outcome_data,,,Dr Siddalingaiah H S,,
FRAIL-037,36426763,D4_outcome_measurement,,,Dr Siddalingaiah H S,,
FRAIL-037,36426763,D5_selection_of_reported_result,,,Dr Siddalingaiah H S,,
FRAIL-037,36426763,overall,,,Dr Siddalingaiah H S,,
FRAIL-038,36341237,D1_randomization_process,,,Dr Chandrakala D,,
FRAIL-038,36341237,D2_deviations_from_intended_interventions,,,Dr Chandrakala D,,
FRAIL-038,36341237,D3_missing_outcome_data,,,Dr Chandrakala D,,
FRAIL-038,36341237,D4_outcome_measurement,,,Dr Chandrakala D,,
FRAIL-038,36341237,D5_selection_of_reported_result,,,Dr Chandrakala D,,
FRAIL-038,36341237,overall,,,Dr Chandrakala D,,
FRAIL-039,35887850,D1_randomization_process,,,Dr Siddalingaiah H S,,
FRAIL-039,35887850,D2_deviations_from_intended_interventions,,,Dr Siddalingaiah H S,,
FRAIL-039,35887850,D3_missing_outcome_data,,,Dr Siddalingaiah H S,,
FRAIL-039,35887850,D4_outcome_measurement,,,Dr Siddalingaiah H S,,
FRAIL-039,35887850,D5_selection_of_reported_result,,,Dr Siddalingaiah H S,,
FRAIL-039,35887850,overall,,,Dr Siddalingaiah H S,,
FRAIL-040,35766913,D1_randomization_process,,,Dr Chandrakala D,,
FRAIL-040,35766913,D2_deviations_from_intended_interventions,,,Dr Chandrakala D,,
FRAIL-040,35766913,D3_missing_outcome_data,,,Dr Chandrakala D,,
FRAIL-040,35766913,D4_outcome_measurement,,,Dr Chandrakala D,,
FRAIL-040,35766913,D5_selection_of_reported_result,,,Dr Chandrakala D,,
FRAIL-040,35766913,overall,,,Dr Chandrakala D,,
FRAIL-041,35399053,D1_randomization_process,,,Dr Siddalingaiah H S,,
FRAIL-041,35399053,D2_deviations_from_intended_interventions,,,Dr Siddalingaiah H S,,
FRAIL-041,35399053,D3_missing_outcome_data,,,Dr Siddalingaiah H S,,
FRAIL-041,35399053,D4_outcome_measurement,,,Dr Siddalingaiah H S,,
FRAIL-041,35399053,D5_selection_of_reported_result,,,Dr Siddalingaiah H S,,
FRAIL-041,35399053,overall,,,Dr Siddalingaiah H S,,
FRAIL-042,34725661,D1_randomization_process,,,Dr Chandrakala D,,
FRAIL-042,34725661,D2_deviations_from_intended_interventions,,,Dr Chandrakala D,,
FRAIL-042,34725661,D3_missing_outcome_data,,,Dr Chandrakala D,,
FRAIL-042,34725661,D4_outcome_measurement,,,Dr Chandrakala D,,
FRAIL-042,34725661,D5_selection_of_reported_result,,,Dr Chandrakala D,,
FRAIL-042,34725661,overall,,,Dr Chandrakala D,,
FRAIL-043,34620081,D1_randomization_process,,,Dr Siddalingaiah H S,,
FRAIL-043,34620081,D2_deviations_from_intended_interventions,,,Dr Siddalingaiah H S,,
FRAIL-043,34620081,D3_missing_outcome_data,,,Dr Siddalingaiah H S,,
FRAIL-043,34620081,D4_outcome_measurement,,,Dr Siddalingaiah H S,,
FRAIL-043,34620081,D5_selection_of_reported_result,,,Dr Siddalingaiah H S,,
FRAIL-043,34620081,overall,,,Dr Siddalingaiah H S,,
FRAIL-044,34449605,D1_randomization_process,,,Dr Chandrakala D,,
FRAIL-044,34449605,D2_deviations_from_intended_interventions,,,Dr Chandrakala D,,
FRAIL-044,34449605,D3_missing_outcome_data,,,Dr Chandrakala D,,
FRAIL-044,34449605,D4_outcome_measurement,,,Dr Chandrakala D,,
FRAIL-044,34449605,D5_selection_of_reported_result,,,Dr Chandrakala D,,
FRAIL-044,34449605,overall,,,Dr Chandrakala D,,
FRAIL-045,34351363,D1_randomization_process,,,Dr Siddalingaiah H S,,
FRAIL-045,34351363,D2_deviations_from_intended_interventions,,,Dr Siddalingaiah H S,,
FRAIL-045,34351363,D3_missing_outcome_data,,,Dr Siddalingaiah H S,,
FRAIL-045,34351363,D4_outcome_measurement,,,Dr Siddalingaiah H S,,
FRAIL-045,34351363,D5_selection_of_reported_result,,,Dr Siddalingaiah H S,,
FRAIL-045,34351363,overall,,,Dr Siddalingaiah H S,,
FRAIL-046,33968874,D1_randomization_process,,,Dr Chandrakala D,,
FRAIL-046,33968874,D2_deviations_from_intended_interventions,,,Dr Chandrakala D,,
FRAIL-046,33968874,D3_missing_outcome_data,,,Dr Chandrakala D,,
FRAIL-046,33968874,D4_outcome_measurement,,,Dr Chandrakala D,,
FRAIL-046,33968874,D5_selection_of_reported_result,,,Dr Chandrakala D,,
FRAIL-046,33968874,overall,,,Dr Chandrakala D,,
FRAIL-047,33937294,D1_randomization_process,,,Dr Siddalingaiah H S,,
FRAIL-047,33937294,D2_deviations_from_intended_interventions,,,Dr Siddalingaiah H S,,
FRAIL-047,33937294,D3_missing_outcome_data,,,Dr Siddalingaiah H S,,
FRAIL-047,33937294,D4_outcome_measurement,,,Dr Siddalingaiah H S,,
FRAIL-047,33937294,D5_selection_of_reported_result,,,Dr Siddalingaiah H S,,
FRAIL-047,33937294,overall,,,Dr Siddalingaiah H S,,
FRAIL-048,33742266,D1_randomization_process,,,Dr Chandrakala D,,
FRAIL-048,33742266,D2_deviations_from_intended_interventions,,,Dr Chandrakala D,,
FRAIL-048,33742266,D3_missing_outcome_data,,,Dr Chandrakala D,,
FRAIL-048,33742266,D4_outcome_measurement,,,Dr Chandrakala D,,
FRAIL-048,33742266,D5_selection_of_reported_result,,,Dr Chandrakala D,,
FRAIL-048,33742266,overall,,,Dr Chandrakala D,,
FRAIL-049,33583000,D1_randomization_process,,,Dr Siddalingaiah H S,,
FRAIL-049,33583000,D2_deviations_from_intended_interventions,,,Dr Siddalingaiah H S,,
FRAIL-049,33583000,D3_missing_outcome_data,,,Dr Siddalingaiah H S,,
FRAIL-049,33583000,D4_outcome_measurement,,,Dr Siddalingaiah H S,,
FRAIL-049,33583000,D5_selection_of_reported_result,,,Dr Siddalingaiah H S,,
FRAIL-049,33583000,overall,,,Dr Siddalingaiah H S,,
FRAIL-050,33546255,D1_randomization_process,,,Dr Chandrakala D,,
FRAIL-050,33546255,D2_deviations_from_intended_interventions,,,Dr Chandrakala D,,
FRAIL-050,33546255,D3_missing_outcome_data,,,Dr Chandrakala D,,
FRAIL-050,33546255,D4_outcome_measurement,,,Dr Chandrakala D,,
FRAIL-050,33546255,D5_selection_of_reported_result,,,Dr Chandrakala D,,
FRAIL-050,33546255,overall,,,Dr Chandrakala D,,
FRAIL-051,33513714,D1_randomization_process,,,Dr Siddalingaiah H S,,
FRAIL-051,33513714,D2_deviations_from_intended_interventions,,,Dr Siddalingaiah H S,,
FRAIL-051,33513714,D3_missing_outcome_data,,,Dr Siddalingaiah H S,,
FRAIL-051,33513714,D4_outcome_measurement,,,Dr Siddalingaiah H S,,
FRAIL-051,33513714,D5_selection_of_reported_result,,,Dr Siddalingaiah H S,,
FRAIL-051,33513714,overall,,,Dr Siddalingaiah H S,,
FRAIL-052,32114877,D1_randomization_process,,,Dr Chandrakala D,,
FRAIL-052,32114877,D2_deviations_from_intended_interventions,,,Dr Chandrakala D,,
FRAIL-052,32114877,D3_missing_outcome_data,,,Dr Chandrakala D,,
FRAIL-052,32114877,D4_outcome_measurement,,,Dr Chandrakala D,,
FRAIL-052,32114877,D5_selection_of_reported_result,,,Dr Chandrakala D,,
FRAIL-052,32114877,overall,,,Dr Chandrakala D,,
FRAIL-053,33032532,D1_randomization_process,,,Dr Siddalingaiah H S,,
FRAIL-053,33032532,D2_deviations_from_intended_interventions,,,Dr Siddalingaiah H S,,
FRAIL-053,33032532,D3_missing_outcome_data,,,Dr Siddalingaiah H S,,
FRAIL-053,33032532,D4_outcome_measurement,,,Dr Siddalingaiah H S,,
FRAIL-053,33032532,D5_selection_of_reported_result,,,Dr Siddalingaiah H S,,
FRAIL-053,33032532,overall,,,Dr Siddalingaiah H S,,
FRAIL-054,32762725,D1_randomization_process,,,Dr Chandrakala D,,
FRAIL-054,32762725,D2_deviations_from_intended_interventions,,,Dr Chandrakala D,,
FRAIL-054,32762725,D3_missing_outcome_data,,,Dr Chandrakala D,,
FRAIL-054,32762725,D4_outcome_measurement,,,Dr Chandrakala D,,
FRAIL-054,32762725,D5_selection_of_reported_result,,,Dr Chandrakala D,,
FRAIL-054,32762725,overall,,,Dr Chandrakala D,,
FRAIL-055,32702879,D1_randomization_process,,,Dr Siddalingaiah H S,,
FRAIL-055,32702879,D2_deviations_from_intended_interventions,,,Dr Siddalingaiah H S,,
FRAIL-055,32702879,D3_missing_outcome_data,,,Dr Siddalingaiah H S,,
FRAIL-055,32702879,D4_outcome_measurement,,,Dr Siddalingaiah H S,,
FRAIL-055,32702879,D5_selection_of_reported_result,,,Dr Siddalingaiah H S,,
FRAIL-055,32702879,overall,,,Dr Siddalingaiah H S,,
FRAIL-056,32545408,D1_randomization_process,,,Dr Chandrakala D,,
FRAIL-056,32545408,D2_deviations_from_intended_interventions,,,Dr Chandrakala D,,
FRAIL-056,32545408,D3_missing_outcome_data,,,Dr Chandrakala D,,
FRAIL-056,32545408,D4_outcome_measurement,,,Dr Chandrakala D,,
FRAIL-056,32545408,D5_selection_of_reported_result,,,Dr Chandrakala D,,
FRAIL-056,32545408,overall,,,Dr Chandrakala D,,
FRAIL-057,32466446,D1_randomization_process,,,Dr Siddalingaiah H S,,
FRAIL-057,32466446,D2_deviations_from_intended_interventions,,,Dr Siddalingaiah H S,,
FRAIL-057,32466446,D3_missing_outcome_data,,,Dr Siddalingaiah H S,,
FRAIL-057,32466446,D4_outcome_measurement,,,Dr Siddalingaiah H S,,
FRAIL-057,32466446,D5_selection_of_reported_result,,,Dr Siddalingaiah H S,,
FRAIL-057,32466446,overall,,,Dr Siddalingaiah H S,,
FRAIL-058,32375700,D1_randomization_process,,,Dr Chandrakala D,,
FRAIL-058,32375700,D2_deviations_from_intended_interventions,,,Dr Chandrakala D,,
FRAIL-058,32375700,D3_missing_outcome_data,,,Dr Chandrakala D,,
FRAIL-058,32375700,D4_outcome_measurement,,,Dr Chandrakala D,,
FRAIL-058,32375700,D5_selection_of_reported_result,,,Dr Chandrakala D,,
FRAIL-058,32375700,overall,,,Dr Chandrakala D,,
FRAIL-059,32375239,D1_randomization_process,,,Dr Siddalingaiah H S,,
FRAIL-059,32375239,D2_deviations_from_intended_interventions,,,Dr Siddalingaiah H S,,
FRAIL-059,32375239,D3_missing_outcome_data,,,Dr Siddalingaiah H S,,
FRAIL-059,32375239,D4_outcome_measurement,,,Dr Siddalingaiah H S,,
FRAIL-059,32375239,D5_selection_of_reported_result,,,Dr Siddalingaiah H S,,
FRAIL-059,32375239,overall,,,Dr Siddalingaiah H S,,
FRAIL-060,32259186,D1_randomization_process,,,Dr Chandrakala D,,
FRAIL-060,32259186,D2_deviations_from_intended_interventions,,,Dr Chandrakala D,,
FRAIL-060,32259186,D3_missing_outcome_data,,,Dr Chandrakala D,,
FRAIL-060,32259186,D4_outcome_measurement,,,Dr Chandrakala D,,
FRAIL-060,32259186,D5_selection_of_reported_result,,,Dr Chandrakala D,,
FRAIL-060,32259186,overall,,,Dr Chandrakala D,,
FRAIL-061,32134208,D1_randomization_process,,,Dr Siddalingaiah H S,,
FRAIL-061,32134208,D2_deviations_from_intended_interventions,,,Dr Siddalingaiah H S,,
FRAIL-061,32134208,D3_missing_outcome_data,,,Dr Siddalingaiah H S,,
FRAIL-061,32134208,D4_outcome_measurement,,,Dr Siddalingaiah H S,,
FRAIL-061,32134208,D5_selection_of_reported_result,,,Dr Siddalingaiah H S,,
FRAIL-061,32134208,overall,,,Dr Siddalingaiah H S,,
FRAIL-062,31997543,D1_randomization_process,,,Dr Chandrakala D,,
FRAIL-062,31997543,D2_deviations_from_intended_interventions,,,Dr Chandrakala D,,
FRAIL-062,31997543,D3_missing_outcome_data,,,Dr Chandrakala D,,
FRAIL-062,31997543,D4_outcome_measurement,,,Dr Chandrakala D,,
FRAIL-062,31997543,D5_selection_of_reported_result,,,Dr Chandrakala D,,
FRAIL-062,31997543,overall,,,Dr Chandrakala D,,
FRAIL-063,31791364,D1_randomization_process,,,Dr Siddalingaiah H S,,
FRAIL-063,31791364,D2_deviations_from_intended_interventions,,,Dr Siddalingaiah H S,,
FRAIL-063,31791364,D3_missing_outcome_data,,,Dr Siddalingaiah H S,,
FRAIL-063,31791364,D4_outcome_measurement,,,Dr Siddalingaiah H S,,
FRAIL-063,31791364,D5_selection_of_reported_result,,,Dr Siddalingaiah H S,,
FRAIL-063,31791364,overall,,,Dr Siddalingaiah H S,,
FRAIL-064,31466229,D1_randomization_process,,,Dr Chandrakala D,,
FRAIL-064,31466229,D2_deviations_from_intended_interventions,,,Dr Chandrakala D,,
FRAIL-064,31466229,D3_missing_outcome_data,,,Dr Chandrakala D,,
FRAIL-064,31466229,D4_outcome_measurement,,,Dr Chandrakala D,,
FRAIL-064,31466229,D5_selection_of_reported_result,,,Dr Chandrakala D,,
FRAIL-064,31466229,overall,,,Dr Chandrakala D,,
FRAIL-065,31367733,D1_randomization_process,,,Dr Siddalingaiah H S,,
FRAIL-065,31367733,D2_deviations_from_intended_interventions,,,Dr Siddalingaiah H S,,
FRAIL-065,31367733,D3_missing_outcome_data,,,Dr Siddalingaiah H S,,
FRAIL-065,31367733,D4_outcome_measurement,,,Dr Siddalingaiah H S,,
FRAIL-065,31367733,D5_selection_of_reported_result,,,Dr Siddalingaiah H S,,
FRAIL-065,31367733,overall,,,Dr Siddalingaiah H S,,
FRAIL-066,31360662,D1_randomization_process,,,Dr Chandrakala D,,
FRAIL-066,31360662,D2_deviations_from_intended_interventions,,,Dr Chandrakala D,,
FRAIL-066,31360662,D3_missing_outcome_data,,,Dr Chandrakala D,,
FRAIL-066,31360662,D4_outcome_measurement,,,Dr Chandrakala D,,
FRAIL-066,31360662,D5_selection_of_reported_result,,,Dr Chandrakala D,,
FRAIL-066,31360662,overall,,,Dr Chandrakala D,,
FRAIL-067,31249332,D1_randomization_process,,,Dr Siddalingaiah H S,,
FRAIL-067,31249332,D2_deviations_from_intended_interventions,,,Dr Siddalingaiah H S,,
FRAIL-067,31249332,D3_missing_outcome_data,,,Dr Siddalingaiah H S,,
FRAIL-067,31249332,D4_outcome_measurement,,,Dr Siddalingaiah H S,,
FRAIL-067,31249332,D5_selection_of_reported_result,,,Dr Siddalingaiah H S,,
FRAIL-067,31249332,overall,,,Dr Siddalingaiah H S,,
FRAIL-068,31133863,D1_randomization_process,,,Dr Chandrakala D,,
FRAIL-068,31133863,D2_deviations_from_intended_interventions,,,Dr Chandrakala D,,
FRAIL-068,31133863,D3_missing_outcome_data,,,Dr Chandrakala D,,
FRAIL-068,31133863,D4_outcome_measurement,,,Dr Chandrakala D,,
FRAIL-068,31133863,D5_selection_of_reported_result,,,Dr Chandrakala D,,
FRAIL-068,31133863,overall,,,Dr Chandrakala D,,
FRAIL-069,31016897,D1_randomization_process,,,Dr Siddalingaiah H S,,
FRAIL-069,31016897,D2_deviations_from_intended_interventions,,,Dr Siddalingaiah H S,,
FRAIL-069,31016897,D3_missing_outcome_data,,,Dr Siddalingaiah H S,,
FRAIL-069,31016897,D4_outcome_measurement,,,Dr Siddalingaiah H S,,
FRAIL-069,31016897,D5_selection_of_reported_result,,,Dr Siddalingaiah H S,,
FRAIL-069,31016897,overall,,,Dr Siddalingaiah H S,,
FRAIL-070,32300691,D1_randomization_process,,,Dr Chandrakala D,,
FRAIL-070,32300691,D2_deviations_from_intended_interventions,,,Dr Chandrakala D,,
FRAIL-070,32300691,D3_missing_outcome_data,,,Dr Chandrakala D,,
FRAIL-070,32300691,D4_outcome_measurement,,,Dr Chandrakala D,,
FRAIL-070,32300691,D5_selection_of_reported_result,,,Dr Chandrakala D,,
FRAIL-070,32300691,overall,,,Dr Chandrakala D,,
FRAIL-071,30498835,D1_randomization_process,,,Dr Siddalingaiah H S,,
FRAIL-071,30498835,D2_deviations_from_intended_interventions,,,Dr Siddalingaiah H S,,
FRAIL-071,30498835,D3_missing_outcome_data,,,Dr Siddalingaiah H S,,
FRAIL-071,30498835,D4_outcome_measurement,,,Dr Siddalingaiah H S,,
FRAIL-071,30498835,D5_selection_of_reported_result,,,Dr Siddalingaiah H S,,
FRAIL-071,30498835,overall,,,Dr Siddalingaiah H S,,
FRAIL-072,30138718,D1_randomization_process,,,Dr Chandrakala D,,
FRAIL-072,30138718,D2_deviations_from_intended_interventions,,,Dr Chandrakala D,,
FRAIL-072,30138718,D3_missing_outcome_data,,,Dr Chandrakala D,,
FRAIL-072,30138718,D4_outcome_measurement,,,Dr Chandrakala D,,
FRAIL-072,30138718,D5_selection_of_reported_result,,,Dr Chandrakala D,,
FRAIL-072,30138718,overall,,,Dr Chandrakala D,,
FRAIL-073,29988285,D1_randomization_process,,,Dr Siddalingaiah H S,,
FRAIL-073,29988285,D2_deviations_from_intended_interventions,,,Dr Siddalingaiah H S,,
FRAIL-073,29988285,D3_missing_outcome_data,,,Dr Siddalingaiah H S,,
FRAIL-073,29988285,D4_outcome_measurement,,,Dr Siddalingaiah H S,,
FRAIL-073,29988285,D5_selection_of_reported_result,,,Dr Siddalingaiah H S,,
FRAIL-073,29988285,overall,,,Dr Siddalingaiah H S,,
FRAIL-074,29783928,D1_randomization_process,,,Dr Chandrakala D,,
FRAIL-074,29783928,D2_deviations_from_intended_interventions,,,Dr Chandrakala D,,
FRAIL-074,29783928,D3_missing_outcome_data,,,Dr Chandrakala D,,
FRAIL-074,29783928,D4_outcome_measurement,,,Dr Chandrakala D,,
FRAIL-074,29783928,D5_selection_of_reported_result,,,Dr Chandrakala D,,
FRAIL-074,29783928,overall,,,Dr Chandrakala D,,
FRAIL-075,29346524,D1_randomization_process,,,Dr Siddalingaiah H S,,
FRAIL-075,29346524,D2_deviations_from_intended_interventions,,,Dr Siddalingaiah H S,,
FRAIL-075,29346524,D3_missing_outcome_data,,,Dr Siddalingaiah H S,,
FRAIL-075,29346524,D4_outcome_measurement,,,Dr Siddalingaiah H S,,
FRAIL-075,29346524,D5_selection_of_reported_result,,,Dr Siddalingaiah H S,,
FRAIL-075,29346524,overall,,,Dr Siddalingaiah H S,,
FRAIL-076,29310138,D1_randomization_process,,,Dr Chandrakala D,,
FRAIL-076,29310138,D2_deviations_from_intended_interventions,,,Dr Chandrakala D,,
FRAIL-076,29310138,D3_missing_outcome_data,,,Dr Chandrakala D,,
FRAIL-076,29310138,D4_outcome_measurement,,,Dr Chandrakala D,,
FRAIL-076,29310138,D5_selection_of_reported_result,,,Dr Chandrakala D,,
FRAIL-076,29310138,overall,,,Dr Chandrakala D,,
FRAIL-077,28972245,D1_randomization_process,,,Dr Siddalingaiah H S,,
FRAIL-077,28972245,D2_deviations_from_intended_interventions,,,Dr Siddalingaiah H S,,
FRAIL-077,28972245,D3_missing_outcome_data,,,Dr Siddalingaiah H S,,
FRAIL-077,28972245,D4_outcome_measurement,,,Dr Siddalingaiah H S,,
FRAIL-077,28972245,D5_selection_of_reported_result,,,Dr Siddalingaiah H S,,
FRAIL-077,28972245,overall,,,Dr Siddalingaiah H S,,
FRAIL-078,28951766,D1_randomization_process,,,Dr Chandrakala D,,
FRAIL-078,28951766,D2_deviations_from_intended_interventions,,,Dr Chandrakala D,,
FRAIL-078,28951766,D3_missing_outcome_data,,,Dr Chandrakala D,,
FRAIL-078,28951766,D4_outcome_measurement,,,Dr Chandrakala D,,
FRAIL-078,28951766,D5_selection_of_reported_result,,,Dr Chandrakala D,,
FRAIL-078,28951766,overall,,,Dr Chandrakala D,,
FRAIL-079,28514618,D1_randomization_process,,,Dr Siddalingaiah H S,,
FRAIL-079,28514618,D2_deviations_from_intended_interventions,,,Dr Siddalingaiah H S,,
FRAIL-079,28514618,D3_missing_outcome_data,,,Dr Siddalingaiah H S,,
FRAIL-079,28514618,D4_outcome_measurement,,,Dr Siddalingaiah H S,,
FRAIL-079,28514618,D5_selection_of_reported_result,,,Dr Siddalingaiah H S,,
FRAIL-079,28514618,overall,,,Dr Siddalingaiah H S,,
FRAIL-080,28085913,D1_randomization_process,,,Dr Chandrakala D,,
FRAIL-080,28085913,D2_deviations_from_intended_interventions,,,Dr Chandrakala D,,
FRAIL-080,28085913,D3_missing_outcome_data,,,Dr Chandrakala D,,
FRAIL-080,28085913,D4_outcome_measurement,,,Dr Chandrakala D,,
FRAIL-080,28085913,D5_selection_of_reported_result,,,Dr Chandrakala D,,
FRAIL-080,28085913,overall,,,Dr Chandrakala D,,
FRAIL-081,27897406,D1_randomization_process,,,Dr Siddalingaiah H S,,
FRAIL-081,27897406,D2_deviations_from_intended_interventions,,,Dr Siddalingaiah H S,,
FRAIL-081,27897406,D3_missing_outcome_data,,,Dr Siddalingaiah H S,,
FRAIL-081,27897406,D4_outcome_measurement,,,Dr Siddalingaiah H S,,
FRAIL-081,27897406,D5_selection_of_reported_result,,,Dr Siddalingaiah H S,,
FRAIL-081,27897406,overall,,,Dr Siddalingaiah H S,,
FRAIL-082,27695646,D1_randomization_process,,,Dr Chandrakala D,,
FRAIL-082,27695646,D2_deviations_from_intended_interventions,,,Dr Chandrakala D,,
FRAIL-082,27695646,D3_missing_outcome_data,,,Dr Chandrakala D,,
FRAIL-082,27695646,D4_outcome_measurement,,,Dr Chandrakala D,,
FRAIL-082,27695646,D5_selection_of_reported_result,,,Dr Chandrakala D,,
FRAIL-082,27695646,overall,,,Dr Chandrakala D,,
FRAIL-083,27178766,D1_randomization_process,,,Dr Siddalingaiah H S,,
FRAIL-083,27178766,D2_deviations_from_intended_interventions,,,Dr Siddalingaiah H S,,
FRAIL-083,27178766,D3_missing_outcome_data,,,Dr Siddalingaiah H S,,
FRAIL-083,27178766,D4_outcome_measurement,,,Dr Siddalingaiah H S,,
FRAIL-083,27178766,D5_selection_of_reported_result,,,Dr Siddalingaiah H S,,
FRAIL-083,27178766,overall,,,Dr Siddalingaiah H S,,
FRAIL-084,27175793,D1_randomization_process,,,Dr Chandrakala D,,
FRAIL-084,27175793,D2_deviations_from_intended_interventions,,,Dr Chandrakala D,,
FRAIL-084,27175793,D3_missing_outcome_data,,,Dr Chandrakala D,,
FRAIL-084,27175793,D4_outcome_measurement,,,Dr Chandrakala D,,
FRAIL-084,27175793,D5_selection_of_reported_result,,,Dr Chandrakala D,,
FRAIL-084,27175793,overall,,,Dr Chandrakala D,,
FRAIL-085,26786203,D1_randomization_process,,,Dr Siddalingaiah H S,,
FRAIL-085,26786203,D2_deviations_from_intended_interventions,,,Dr Siddalingaiah H S,,
FRAIL-085,26786203,D3_missing_outcome_data,,,Dr Siddalingaiah H S,,
FRAIL-085,26786203,D4_outcome_measurement,,,Dr Siddalingaiah H S,,
FRAIL-085,26786203,D5_selection_of_reported_result,,,Dr Siddalingaiah H S,,
FRAIL-085,26786203,overall,,,Dr Siddalingaiah H S,,
FRAIL-086,26201510,D1_randomization_process,,,Dr Chandrakala D,,
FRAIL-086,26201510,D2_deviations_from_intended_interventions,,,Dr Chandrakala D,,
FRAIL-086,26201510,D3_missing_outcome_data,,,Dr Chandrakala D,,
FRAIL-086,26201510,D4_outcome_measurement,,,Dr Chandrakala D,,
FRAIL-086,26201510,D5_selection_of_reported_result,,,Dr Chandrakala D,,
FRAIL-086,26201510,overall,,,Dr Chandrakala D,,
FRAIL-087,25887235,D1_randomization_process,,,Dr Siddalingaiah H S,,
FRAIL-087,25887235,D2_deviations_from_intended_interventions,,,Dr Siddalingaiah H S,,
FRAIL-087,25887235,D3_missing_outcome_data,,,Dr Siddalingaiah H S,,
FRAIL-087,25887235,D4_outcome_measurement,,,Dr Siddalingaiah H S,,
FRAIL-087,25887235,D5_selection_of_reported_result,,,Dr Siddalingaiah H S,,
FRAIL-087,25887235,overall,,,Dr Siddalingaiah H S,,
FRAIL-088,25659147,D1_randomization_process,,,Dr Chandrakala D,,
FRAIL-088,25659147,D2_deviations_from_intended_interventions,,,Dr Chandrakala D,,
FRAIL-088,25659147,D3_missing_outcome_data,,,Dr Chandrakala D,,
FRAIL-088,25659147,D4_outcome_measurement,,,Dr Chandrakala D,,
FRAIL-088,25659147,D5_selection_of_reported_result,,,Dr Chandrakala D,,
FRAIL-088,25659147,overall,,,Dr Chandrakala D,,
FRAIL-089,25387728,D1_randomization_process,,,Dr Siddalingaiah H S,,
FRAIL-089,25387728,D2_deviations_from_intended_interventions,,,Dr Siddalingaiah H S,,
FRAIL-089,25387728,D3_missing_outcome_data,,,Dr Siddalingaiah H S,,
FRAIL-089,25387728,D4_outcome_measurement,,,Dr Siddalingaiah H S,,
FRAIL-089,25387728,D5_selection_of_reported_result,,,Dr Siddalingaiah H S,,
FRAIL-089,25387728,overall,,,Dr Siddalingaiah H S,,
FRAIL-090,24951180,D1_randomization_process,,,Dr Chandrakala D,,
FRAIL-090,24951180,D2_deviations_from_intended_interventions,,,Dr Chandrakala D,,
FRAIL-090,24951180,D3_missing_outcome_data,,,Dr Chandrakala D,,
FRAIL-090,24951180,D4_outcome_measurement,,,Dr Chandrakala D,,
FRAIL-090,24951180,D5_selection_of_reported_result,,,Dr Chandrakala D,,
FRAIL-090,24951180,overall,,,Dr Chandrakala D,,
FRAIL-091,24742587,D1_randomization_process,,,Dr Siddalingaiah H S,,
FRAIL-091,24742587,D2_deviations_from_intended_interventions,,,Dr Siddalingaiah H S,,
FRAIL-091,24742587,D3_missing_outcome_data,,,Dr Siddalingaiah H S,,
FRAIL-091,24742587,D4_outcome_measurement,,,Dr Siddalingaiah H S,,
FRAIL-091,24742587,D5_selection_of_reported_result,,,Dr Siddalingaiah H S,,
FRAIL-091,24742587,overall,,,Dr Siddalingaiah H S,,
FRAIL-092,23009149,D1_randomization_process,,,Dr Chandrakala D,,
FRAIL-092,23009149,D2_deviations_from_intended_interventions,,,Dr Chandrakala D,,
FRAIL-092,23009149,D3_missing_outcome_data,,,Dr Chandrakala D,,
FRAIL-092,23009149,D4_outcome_measurement,,,Dr Chandrakala D,,
FRAIL-092,23009149,D5_selection_of_reported_result,,,Dr Chandrakala D,,
FRAIL-092,23009149,overall,,,Dr Chandrakala D,,
FRAIL-093,22499461,D1_randomization_process,,,Dr Siddalingaiah H S,,
FRAIL-093,22499461,D2_deviations_from_intended_interventions,,,Dr Siddalingaiah H S,,
FRAIL-093,22499461,D3_missing_outcome_data,,,Dr Siddalingaiah H S,,
FRAIL-093,22499461,D4_outcome_measurement,,,Dr Siddalingaiah H S,,
FRAIL-093,22499461,D5_selection_of_reported_result,,,Dr Siddalingaiah H S,,
FRAIL-093,22499461,overall,,,Dr Siddalingaiah H S,,
FRAIL-094,21449785,D1_randomization_process,,,Dr Chandrakala D,,
FRAIL-094,21449785,D2_deviations_from_intended_interventions,,,Dr Chandrakala D,,
FRAIL-094,21449785,D3_missing_outcome_data,,,Dr Chandrakala D,,
FRAIL-094,21449785,D4_outcome_measurement,,,Dr Chandrakala D,,
FRAIL-094,21449785,D5_selection_of_reported_result,,,Dr Chandrakala D,,
FRAIL-094,21449785,overall,,,Dr Chandrakala D,,
FRAIL-095,18364384,D1_randomization_process,,,Dr Siddalingaiah H S,,
FRAIL-095,18364384,D2_deviations_from_intended_interventions,,,Dr Siddalingaiah H S,,
FRAIL-095,18364384,D3_missing_outcome_data,,,Dr Siddalingaiah H S,,
FRAIL-095,18364384,D4_outcome_measurement,,,Dr Siddalingaiah H S,,
FRAIL-095,18364384,D5_selection_of_reported_result,,,Dr Siddalingaiah H S,,
FRAIL-095,18364384,overall,,,Dr Siddalingaiah H S,,
FRAIL-096,42066553,D1_randomization_process,,,Dr Chandrakala D,,
FRAIL-096,42066553,D2_deviations_from_intended_interventions,,,Dr Chandrakala D,,
FRAIL-096,42066553,D3_missing_outcome_data,,,Dr Chandrakala D,,
FRAIL-096,42066553,D4_outcome_measurement,,,Dr Chandrakala D,,
FRAIL-096,42066553,D5_selection_of_reported_result,,,Dr Chandrakala D,,
FRAIL-096,42066553,overall,,,Dr Chandrakala D,,
FRAIL-097,41805014,D1_randomization_process,,,Dr Siddalingaiah H S,,
FRAIL-097,41805014,D2_deviations_from_intended_interventions,,,Dr Siddalingaiah H S,,
FRAIL-097,41805014,D3_missing_outcome_data,,,Dr Siddalingaiah H S,,
FRAIL-097,41805014,D4_outcome_measurement,,,Dr Siddalingaiah H S,,
FRAIL-097,41805014,D5_selection_of_reported_result,,,Dr Siddalingaiah H S,,
FRAIL-097,41805014,overall,,,Dr Siddalingaiah H S,,
FRAIL-098,41397660,D1_randomization_process,,,Dr Chandrakala D,,
FRAIL-098,41397660,D2_deviations_from_intended_interventions,,,Dr Chandrakala D,,
FRAIL-098,41397660,D3_missing_outcome_data,,,Dr Chandrakala D,,
FRAIL-098,41397660,D4_outcome_measurement,,,Dr Chandrakala D,,
FRAIL-098,41397660,D5_selection_of_reported_result,,,Dr Chandrakala D,,
FRAIL-098,41397660,overall,,,Dr Chandrakala D,,
FRAIL-099,41386386,D1_randomization_process,,,Dr Siddalingaiah H S,,
FRAIL-099,41386386,D2_deviations_from_intended_interventions,,,Dr Siddalingaiah H S,,
FRAIL-099,41386386,D3_missing_outcome_data,,,Dr Siddalingaiah H S,,
FRAIL-099,41386386,D4_outcome_measurement,,,Dr Siddalingaiah H S,,
FRAIL-099,41386386,D5_selection_of_reported_result,,,Dr Siddalingaiah H S,,
FRAIL-099,41386386,overall,,,Dr Siddalingaiah H S,,
FRAIL-100,41190491,D1_randomization_process,,,Dr Chandrakala D,,
FRAIL-100,41190491,D2_deviations_from_intended_interventions,,,Dr Chandrakala D,,
FRAIL-100,41190491,D3_missing_outcome_data,,,Dr Chandrakala D,,
FRAIL-100,41190491,D4_outcome_measurement,,,Dr Chandrakala D,,
FRAIL-100,41190491,D5_selection_of_reported_result,,,Dr Chandrakala D,,
FRAIL-100,41190491,overall,,,Dr Chandrakala D,,
FRAIL-101,39731555,D1_randomization_process,,,Dr Siddalingaiah H S,,
FRAIL-101,39731555,D2_deviations_from_intended_interventions,,,Dr Siddalingaiah H S,,
FRAIL-101,39731555,D3_missing_outcome_data,,,Dr Siddalingaiah H S,,
FRAIL-101,39731555,D4_outcome_measurement,,,Dr Siddalingaiah H S,,
FRAIL-101,39731555,D5_selection_of_reported_result,,,Dr Siddalingaiah H S,,
FRAIL-101,39731555,overall,,,Dr Siddalingaiah H S,,
FRAIL-102,41103092,D1_randomization_process,,,Dr Chandrakala D,,
FRAIL-102,41103092,D2_deviations_from_intended_interventions,,,Dr Chandrakala D,,
FRAIL-102,41103092,D3_missing_outcome_data,,,Dr Chandrakala D,,
FRAIL-102,41103092,D4_outcome_measurement,,,Dr Chandrakala D,,
FRAIL-102,41103092,D5_selection_of_reported_result,,,Dr Chandrakala D,,
FRAIL-102,41103092,overall,,,Dr Chandrakala D,,
FRAIL-103,40977239,D1_randomization_process,,,Dr Siddalingaiah H S,,
FRAIL-103,40977239,D2_deviations_from_intended_interventions,,,Dr Siddalingaiah H S,,
FRAIL-103,40977239,D3_missing_outcome_data,,,Dr Siddalingaiah H S,,
FRAIL-103,40977239,D4_outcome_measurement,,,Dr Siddalingaiah H S,,
FRAIL-103,40977239,D5_selection_of_reported_result,,,Dr Siddalingaiah H S,,
FRAIL-103,40977239,overall,,,Dr Siddalingaiah H S,,
FRAIL-104,40616927,D1_randomization_process,,,Dr Chandrakala D,,
FRAIL-104,40616927,D2_deviations_from_intended_interventions,,,Dr Chandrakala D,,
FRAIL-104,40616927,D3_missing_outcome_data,,,Dr Chandrakala D,,
FRAIL-104,40616927,D4_outcome_measurement,,,Dr Chandrakala D,,
FRAIL-104,40616927,D5_selection_of_reported_result,,,Dr Chandrakala D,,
FRAIL-104,40616927,overall,,,Dr Chandrakala D,,
FRAIL-105,40147475,D1_randomization_process,,,Dr Siddalingaiah H S,,
FRAIL-105,40147475,D2_deviations_from_intended_interventions,,,Dr Siddalingaiah H S,,
FRAIL-105,40147475,D3_missing_outcome_data,,,Dr Siddalingaiah H S,,
FRAIL-105,40147475,D4_outcome_measurement,,,Dr Siddalingaiah H S,,
FRAIL-105,40147475,D5_selection_of_reported_result,,,Dr Siddalingaiah H S,,
FRAIL-105,40147475,overall,,,Dr Siddalingaiah H S,,
FRAIL-106,40121126,D1_randomization_process,,,Dr Chandrakala D,,
FRAIL-106,40121126,D2_deviations_from_intended_interventions,,,Dr Chandrakala D,,
FRAIL-106,40121126,D3_missing_outcome_data,,,Dr Chandrakala D,,
FRAIL-106,40121126,D4_outcome_measurement,,,Dr Chandrakala D,,
FRAIL-106,40121126,D5_selection_of_reported_result,,,Dr Chandrakala D,,
FRAIL-106,40121126,overall,,,Dr Chandrakala D,,
FRAIL-107,40024357,D1_randomization_process,,,Dr Siddalingaiah H S,,
FRAIL-107,40024357,D2_deviations_from_intended_interventions,,,Dr Siddalingaiah H S,,
FRAIL-107,40024357,D3_missing_outcome_data,,,Dr Siddalingaiah H S,,
FRAIL-107,40024357,D4_outcome_measurement,,,Dr Siddalingaiah H S,,
FRAIL-107,40024357,D5_selection_of_reported_result,,,Dr Siddalingaiah H S,,
FRAIL-107,40024357,overall,,,Dr Siddalingaiah H S,,
FRAIL-108,39798411,D1_randomization_process,,,Dr Chandrakala D,,
FRAIL-108,39798411,D2_deviations_from_intended_interventions,,,Dr Chandrakala D,,
FRAIL-108,39798411,D3_missing_outcome_data,,,Dr Chandrakala D,,
FRAIL-108,39798411,D4_outcome_measurement,,,Dr Chandrakala D,,
FRAIL-108,39798411,D5_selection_of_reported_result,,,Dr Chandrakala D,,
FRAIL-108,39798411,overall,,,Dr Chandrakala D,,
FRAIL-109,39736420,D1_randomization_process,,,Dr Siddalingaiah H S,,
FRAIL-109,39736420,D2_deviations_from_intended_interventions,,,Dr Siddalingaiah H S,,
FRAIL-109,39736420,D3_missing_outcome_data,,,Dr Siddalingaiah H S,,
FRAIL-109,39736420,D4_outcome_measurement,,,Dr Siddalingaiah H S,,
FRAIL-109,39736420,D5_selection_of_reported_result,,,Dr Siddalingaiah H S,,
FRAIL-109,39736420,overall,,,Dr Siddalingaiah H S,,
FRAIL-110,39626407,D1_randomization_process,,,Dr Chandrakala D,,
FRAIL-110,39626407,D2_deviations_from_intended_interventions,,,Dr Chandrakala D,,
FRAIL-110,39626407,D3_missing_outcome_data,,,Dr Chandrakala D,,
FRAIL-110,39626407,D4_outcome_measurement,,,Dr Chandrakala D,,
FRAIL-110,39626407,D5_selection_of_reported_result,,,Dr Chandrakala D,,
FRAIL-110,39626407,overall,,,Dr Chandrakala D,,
FRAIL-111,39561465,D1_randomization_process,,,Dr Siddalingaiah H S,,
FRAIL-111,39561465,D2_deviations_from_intended_interventions,,,Dr Siddalingaiah H S,,
FRAIL-111,39561465,D3_missing_outcome_data,,,Dr Siddalingaiah H S,,
FRAIL-111,39561465,D4_outcome_measurement,,,Dr Siddalingaiah H S,,
FRAIL-111,39561465,D5_selection_of_reported_result,,,Dr Siddalingaiah H S,,
FRAIL-111,39561465,overall,,,Dr Siddalingaiah H S,,
FRAIL-112,39500251,D1_randomization_process,,,Dr Chandrakala D,,
FRAIL-112,39500251,D2_deviations_from_intended_interventions,,,Dr Chandrakala D,,
FRAIL-112,39500251,D3_missing_outcome_data,,,Dr Chandrakala D,,
FRAIL-112,39500251,D4_outcome_measurement,,,Dr Chandrakala D,,
FRAIL-112,39500251,D5_selection_of_reported_result,,,Dr Chandrakala D,,
FRAIL-112,39500251,overall,,,Dr Chandrakala D,,
FRAIL-113,39647881,D1_randomization_process,,,Dr Siddalingaiah H S,,
FRAIL-113,39647881,D2_deviations_from_intended_interventions,,,Dr Siddalingaiah H S,,
FRAIL-113,39647881,D3_missing_outcome_data,,,Dr Siddalingaiah H S,,
FRAIL-113,39647881,D4_outcome_measurement,,,Dr Siddalingaiah H S,,
FRAIL-113,39647881,D5_selection_of_reported_result,,,Dr Siddalingaiah H S,,
FRAIL-113,39647881,overall,,,Dr Siddalingaiah H S,,
FRAIL-114,39182446,D1_randomization_process,,,Dr Chandrakala D,,
FRAIL-114,39182446,D2_deviations_from_intended_interventions,,,Dr Chandrakala D,,
FRAIL-114,39182446,D3_missing_outcome_data,,,Dr Chandrakala D,,
FRAIL-114,39182446,D4_outcome_measurement,,,Dr Chandrakala D,,
FRAIL-114,39182446,D5_selection_of_reported_result,,,Dr Chandrakala D,,
FRAIL-114,39182446,overall,,,Dr Chandrakala D,,
FRAIL-115,39166366,D1_randomization_process,,,Dr Siddalingaiah H S,,
FRAIL-115,39166366,D2_deviations_from_intended_interventions,,,Dr Siddalingaiah H S,,
FRAIL-115,39166366,D3_missing_outcome_data,,,Dr Siddalingaiah H S,,
FRAIL-115,39166366,D4_outcome_measurement,,,Dr Siddalingaiah H S,,
FRAIL-115,39166366,D5_selection_of_reported_result,,,Dr Siddalingaiah H S,,
FRAIL-115,39166366,overall,,,Dr Siddalingaiah H S,,
FRAIL-116,38727090,D1_randomization_process,,,Dr Chandrakala D,,
FRAIL-116,38727090,D2_deviations_from_intended_interventions,,,Dr Chandrakala D,,
FRAIL-116,38727090,D3_missing_outcome_data,,,Dr Chandrakala D,,
FRAIL-116,38727090,D4_outcome_measurement,,,Dr Chandrakala D,,
FRAIL-116,38727090,D5_selection_of_reported_result,,,Dr Chandrakala D,,
FRAIL-116,38727090,overall,,,Dr Chandrakala D,,
FRAIL-117,38691121,D1_randomization_process,,,Dr Siddalingaiah H S,,
FRAIL-117,38691121,D2_deviations_from_intended_interventions,,,Dr Siddalingaiah H S,,
FRAIL-117,38691121,D3_missing_outcome_data,,,Dr Siddalingaiah H S,,
FRAIL-117,38691121,D4_outcome_measurement,,,Dr Siddalingaiah H S,,
FRAIL-117,38691121,D5_selection_of_reported_result,,,Dr Siddalingaiah H S,,
FRAIL-117,38691121,overall,,,Dr Siddalingaiah H S,,
FRAIL-118,38479253,D1_randomization_process,,,Dr Chandrakala D,,
FRAIL-118,38479253,D2_deviations_from_intended_interventions,,,Dr Chandrakala D,,
FRAIL-118,38479253,D3_missing_outcome_data,,,Dr Chandrakala D,,
FRAIL-118,38479253,D4_outcome_measurement,,,Dr Chandrakala D,,
FRAIL-118,38479253,D5_selection_of_reported_result,,,Dr Chandrakala D,,
FRAIL-118,38479253,overall,,,Dr Chandrakala D,,
FRAIL-119,38430497,D1_randomization_process,,,Dr Siddalingaiah H S,,
FRAIL-119,38430497,D2_deviations_from_intended_interventions,,,Dr Siddalingaiah H S,,
FRAIL-119,38430497,D3_missing_outcome_data,,,Dr Siddalingaiah H S,,
FRAIL-119,38430497,D4_outcome_measurement,,,Dr Siddalingaiah H S,,
FRAIL-119,38430497,D5_selection_of_reported_result,,,Dr Siddalingaiah H S,,
FRAIL-119,38430497,overall,,,Dr Siddalingaiah H S,,
FRAIL-120,38251739,D1_randomization_process,,,Dr Chandrakala D,,
FRAIL-120,38251739,D2_deviations_from_intended_interventions,,,Dr Chandrakala D,,
FRAIL-120,38251739,D3_missing_outcome_data,,,Dr Chandrakala D,,
FRAIL-120,38251739,D4_outcome_measurement,,,Dr Chandrakala D,,
FRAIL-120,38251739,D5_selection_of_reported_result,,,Dr Chandrakala D,,
FRAIL-120,38251739,overall,,,Dr Chandrakala D,,
FRAIL-121,37997084,D1_randomization_process,,,Dr Siddalingaiah H S,,
FRAIL-121,37997084,D2_deviations_from_intended_interventions,,,Dr Siddalingaiah H S,,
FRAIL-121,37997084,D3_missing_outcome_data,,,Dr Siddalingaiah H S,,
FRAIL-121,37997084,D4_outcome_measurement,,,Dr Siddalingaiah H S,,
FRAIL-121,37997084,D5_selection_of_reported_result,,,Dr Siddalingaiah H S,,
FRAIL-121,37997084,overall,,,Dr Siddalingaiah H S,,
FRAIL-122,37026833,D1_randomization_process,,,Dr Chandrakala D,,
FRAIL-122,37026833,D2_deviations_from_intended_interventions,,,Dr Chandrakala D,,
FRAIL-122,37026833,D3_missing_outcome_data,,,Dr Chandrakala D,,
FRAIL-122,37026833,D4_outcome_measurement,,,Dr Chandrakala D,,
FRAIL-122,37026833,D5_selection_of_reported_result,,,Dr Chandrakala D,,
FRAIL-122,37026833,overall,,,Dr Chandrakala D,,
FRAIL-123,36849160,D1_randomization_process,,,Dr Siddalingaiah H S,,
FRAIL-123,36849160,D2_deviations_from_intended_interventions,,,Dr Siddalingaiah H S,,
FRAIL-123,36849160,D3_missing_outcome_data,,,Dr Siddalingaiah H S,,
FRAIL-123,36849160,D4_outcome_measurement,,,Dr Siddalingaiah H S,,
FRAIL-123,36849160,D5_selection_of_reported_result,,,Dr Siddalingaiah H S,,
FRAIL-123,36849160,overall,,,Dr Siddalingaiah H S,,
FRAIL-124,36629088,D1_randomization_process,,,Dr Chandrakala D,,
FRAIL-124,36629088,D2_deviations_from_intended_interventions,,,Dr Chandrakala D,,
FRAIL-124,36629088,D3_missing_outcome_data,,,Dr Chandrakala D,,
FRAIL-124,36629088,D4_outcome_measurement,,,Dr Chandrakala D,,
FRAIL-124,36629088,D5_selection_of_reported_result,,,Dr Chandrakala D,,
FRAIL-124,36629088,overall,,,Dr Chandrakala D,,
FRAIL-125,34417416,D1_randomization_process,,,Dr Siddalingaiah H S,,
FRAIL-125,34417416,D2_deviations_from_intended_interventions,,,Dr Siddalingaiah H S,,
FRAIL-125,34417416,D3_missing_outcome_data,,,Dr Siddalingaiah H S,,
FRAIL-125,34417416,D4_outcome_measurement,,,Dr Siddalingaiah H S,,
FRAIL-125,34417416,D5_selection_of_reported_result,,,Dr Siddalingaiah H S,,
FRAIL-125,34417416,overall,,,Dr Siddalingaiah H S,,
FRAIL-126,36037722,D1_randomization_process,,,Dr Chandrakala D,,
FRAIL-126,36037722,D2_deviations_from_intended_interventions,,,Dr Chandrakala D,,
FRAIL-126,36037722,D3_missing_outcome_data,,,Dr Chandrakala D,,
FRAIL-126,36037722,D4_outcome_measurement,,,Dr Chandrakala D,,
FRAIL-126,36037722,D5_selection_of_reported_result,,,Dr Chandrakala D,,
FRAIL-126,36037722,overall,,,Dr Chandrakala D,,
FRAIL-127,34283997,D1_randomization_process,,,Dr Siddalingaiah H S,,
FRAIL-127,34283997,D2_deviations_from_intended_interventions,,,Dr Siddalingaiah H S,,
FRAIL-127,34283997,D3_missing_outcome_data,,,Dr Siddalingaiah H S,,
FRAIL-127,34283997,D4_outcome_measurement,,,Dr Siddalingaiah H S,,
FRAIL-127,34283997,D5_selection_of_reported_result,,,Dr Siddalingaiah H S,,
FRAIL-127,34283997,overall,,,Dr Siddalingaiah H S,,
FRAIL-128,33975304,D1_randomization_process,,,Dr Chandrakala D,,
FRAIL-128,33975304,D2_deviations_from_intended_interventions,,,Dr Chandrakala D,,
FRAIL-128,33975304,D3_missing_outcome_data,,,Dr Chandrakala D,,
FRAIL-128,33975304,D4_outcome_measurement,,,Dr Chandrakala D,,
FRAIL-128,33975304,D5_selection_of_reported_result,,,Dr Chandrakala D,,
FRAIL-128,33975304,overall,,,Dr Chandrakala D,,
FRAIL-129,33691612,D1_randomization_process,,,Dr Siddalingaiah H S,,
FRAIL-129,33691612,D2_deviations_from_intended_interventions,,,Dr Siddalingaiah H S,,
FRAIL-129,33691612,D3_missing_outcome_data,,,Dr Siddalingaiah H S,,
FRAIL-129,33691612,D4_outcome_measurement,,,Dr Siddalingaiah H S,,
FRAIL-129,33691612,D5_selection_of_reported_result,,,Dr Siddalingaiah H S,,
FRAIL-129,33691612,overall,,,Dr Siddalingaiah H S,,
FRAIL-130,33128790,D1_randomization_process,,,Dr Chandrakala D,,
FRAIL-130,33128790,D2_deviations_from_intended_interventions,,,Dr Chandrakala D,,
FRAIL-130,33128790,D3_missing_outcome_data,,,Dr Chandrakala D,,
FRAIL-130,33128790,D4_outcome_measurement,,,Dr Chandrakala D,,
FRAIL-130,33128790,D5_selection_of_reported_result,,,Dr Chandrakala D,,
FRAIL-130,33128790,overall,,,Dr Chandrakala D,,
FRAIL-131,32858228,D1_randomization_process,,,Dr Siddalingaiah H S,,
FRAIL-131,32858228,D2_deviations_from_intended_interventions,,,Dr Siddalingaiah H S,,
FRAIL-131,32858228,D3_missing_outcome_data,,,Dr Siddalingaiah H S,,
FRAIL-131,32858228,D4_outcome_measurement,,,Dr Siddalingaiah H S,,
FRAIL-131,32858228,D5_selection_of_reported_result,,,Dr Siddalingaiah H S,,
FRAIL-131,32858228,overall,,,Dr Siddalingaiah H S,,
FRAIL-132,32443963,D1_randomization_process,,,Dr Chandrakala D,,
FRAIL-132,32443963,D2_deviations_from_intended_interventions,,,Dr Chandrakala D,,
FRAIL-132,32443963,D3_missing_outcome_data,,,Dr Chandrakala D,,
FRAIL-132,32443963,D4_outcome_measurement,,,Dr Chandrakala D,,
FRAIL-132,32443963,D5_selection_of_reported_result,,,Dr Chandrakala D,,
FRAIL-132,32443963,overall,,,Dr Chandrakala D,,
FRAIL-133,31706917,D1_randomization_process,,,Dr Siddalingaiah H S,,
FRAIL-133,31706917,D2_deviations_from_intended_interventions,,,Dr Siddalingaiah H S,,
FRAIL-133,31706917,D3_missing_outcome_data,,,Dr Siddalingaiah H S,,
FRAIL-133,31706917,D4_outcome_measurement,,,Dr Siddalingaiah H S,,
FRAIL-133,31706917,D5_selection_of_reported_result,,,Dr Siddalingaiah H S,,
FRAIL-133,31706917,overall,,,Dr Siddalingaiah H S,,
FRAIL-134,30528641,D1_randomization_process,,,Dr Chandrakala D,,
FRAIL-134,30528641,D2_deviations_from_intended_interventions,,,Dr Chandrakala D,,
FRAIL-134,30528641,D3_missing_outcome_data,,,Dr Chandrakala D,,
FRAIL-134,30528641,D4_outcome_measurement,,,Dr Chandrakala D,,
FRAIL-134,30528641,D5_selection_of_reported_result,,,Dr Chandrakala D,,
FRAIL-134,30528641,overall,,,Dr Chandrakala D,,
FRAIL-135,29395372,D1_randomization_process,,,Dr Siddalingaiah H S,,
FRAIL-135,29395372,D2_deviations_from_intended_interventions,,,Dr Siddalingaiah H S,,
FRAIL-135,29395372,D3_missing_outcome_data,,,Dr Siddalingaiah H S,,
FRAIL-135,29395372,D4_outcome_measurement,,,Dr Siddalingaiah H S,,
FRAIL-135,29395372,D5_selection_of_reported_result,,,Dr Siddalingaiah H S,,
FRAIL-135,29395372,overall,,,Dr Siddalingaiah H S,,
FRAIL-136,29381526,D1_randomization_process,,,Dr Chandrakala D,,
FRAIL-136,29381526,D2_deviations_from_intended_interventions,,,Dr Chandrakala D,,
FRAIL-136,29381526,D3_missing_outcome_data,,,Dr Chandrakala D,,
FRAIL-136,29381526,D4_outcome_measurement,,,Dr Chandrakala D,,
FRAIL-136,29381526,D5_selection_of_reported_result,,,Dr Chandrakala D,,
FRAIL-136,29381526,overall,,,Dr Chandrakala D,,
FRAIL-137,30328470,D1_randomization_process,,,Dr Siddalingaiah H S,,
FRAIL-137,30328470,D2_deviations_from_intended_interventions,,,Dr Siddalingaiah H S,,
FRAIL-137,30328470,D3_missing_outcome_data,,,Dr Siddalingaiah H S,,
FRAIL-137,30328470,D4_outcome_measurement,,,Dr Siddalingaiah H S,,
FRAIL-137,30328470,D5_selection_of_reported_result,,,Dr Siddalingaiah H S,,
FRAIL-137,30328470,overall,,,Dr Siddalingaiah H S,,
FRAIL-138,30053278,D1_randomization_process,,,Dr Chandrakala D,,
FRAIL-138,30053278,D2_deviations_from_intended_interventions,,,Dr Chandrakala D,,
FRAIL-138,30053278,D3_missing_outcome_data,,,Dr Chandrakala D,,
FRAIL-138,30053278,D4_outcome_measurement,,,Dr Chandrakala D,,
FRAIL-138,30053278,D5_selection_of_reported_result,,,Dr Chandrakala D,,
FRAIL-138,30053278,overall,,,Dr Chandrakala D,,
FRAIL-139,29455058,D1_randomization_process,,,Dr Siddalingaiah H S,,
FRAIL-139,29455058,D2_deviations_from_intended_interventions,,,Dr Siddalingaiah H S,,
FRAIL-139,29455058,D3_missing_outcome_data,,,Dr Siddalingaiah H S,,
FRAIL-139,29455058,D4_outcome_measurement,,,Dr Siddalingaiah H S,,
FRAIL-139,29455058,D5_selection_of_reported_result,,,Dr Siddalingaiah H S,,
FRAIL-139,29455058,overall,,,Dr Siddalingaiah H S,,
FRAIL-140,29183035,D1_randomization_process,,,Dr Chandrakala D,,
FRAIL-140,29183035,D2_deviations_from_intended_interventions,,,Dr Chandrakala D,,
FRAIL-140,29183035,D3_missing_outcome_data,,,Dr Chandrakala D,,
FRAIL-140,29183035,D4_outcome_measurement,,,Dr Chandrakala D,,
FRAIL-140,29183035,D5_selection_of_reported_result,,,Dr Chandrakala D,,
FRAIL-140,29183035,overall,,,Dr Chandrakala D,,
FRAIL-141,28064172,D1_randomization_process,,,Dr Siddalingaiah H S,,
FRAIL-141,28064172,D2_deviations_from_intended_interventions,,,Dr Siddalingaiah H S,,
FRAIL-141,28064172,D3_missing_outcome_data,,,Dr Siddalingaiah H S,,
FRAIL-141,28064172,D4_outcome_measurement,,,Dr Siddalingaiah H S,,
FRAIL-141,28064172,D5_selection_of_reported_result,,,Dr Siddalingaiah H S,,
FRAIL-141,28064172,overall,,,Dr Siddalingaiah H S,,
FRAIL-142,27993489,D1_randomization_process,,,Dr Chandrakala D,,
FRAIL-142,27993489,D2_deviations_from_intended_interventions,,,Dr Chandrakala D,,
FRAIL-142,27993489,D3_missing_outcome_data,,,Dr Chandrakala D,,
FRAIL-142,27993489,D4_outcome_measurement,,,Dr Chandrakala D,,
FRAIL-142,27993489,D5_selection_of_reported_result,,,Dr Chandrakala D,,
FRAIL-142,27993489,overall,,,Dr Chandrakala D,,
FRAIL-143,27588891,D1_randomization_process,,,Dr Siddalingaiah H S,,
FRAIL-143,27588891,D2_deviations_from_intended_interventions,,,Dr Siddalingaiah H S,,
FRAIL-143,27588891,D3_missing_outcome_data,,,Dr Siddalingaiah H S,,
FRAIL-143,27588891,D4_outcome_measurement,,,Dr Siddalingaiah H S,,
FRAIL-143,27588891,D5_selection_of_reported_result,,,Dr Siddalingaiah H S,,
FRAIL-143,27588891,overall,,,Dr Siddalingaiah H S,,
FRAIL-144,27138245,D1_randomization_process,,,Dr Chandrakala D,,
FRAIL-144,27138245,D2_deviations_from_intended_interventions,,,Dr Chandrakala D,,
FRAIL-144,27138245,D3_missing_outcome_data,,,Dr Chandrakala D,,
FRAIL-144,27138245,D4_outcome_measurement,,,Dr Chandrakala D,,
FRAIL-144,27138245,D5_selection_of_reported_result,,,Dr Chandrakala D,,
FRAIL-144,27138245,overall,,,Dr Chandrakala D,,
FRAIL-145,26947059,D1_randomization_process,,,Dr Siddalingaiah H S,,
FRAIL-145,26947059,D2_deviations_from_intended_interventions,,,Dr Siddalingaiah H S,,
FRAIL-145,26947059,D3_missing_outcome_data,,,Dr Siddalingaiah H S,,
FRAIL-145,26947059,D4_outcome_measurement,,,Dr Siddalingaiah H S,,
FRAIL-145,26947059,D5_selection_of_reported_result,,,Dr Siddalingaiah H S,,
FRAIL-145,26947059,overall,,,Dr Siddalingaiah H S,,
FRAIL-146,27032052,D1_randomization_process,,,Dr Chandrakala D,,
FRAIL-146,27032052,D2_deviations_from_intended_interventions,,,Dr Chandrakala D,,
FRAIL-146,27032052,D3_missing_outcome_data,,,Dr Chandrakala D,,
FRAIL-146,27032052,D4_outcome_measurement,,,Dr Chandrakala D,,
FRAIL-146,27032052,D5_selection_of_reported_result,,,Dr Chandrakala D,,
FRAIL-146,27032052,overall,,,Dr Chandrakala D,,
FRAIL-147,26663424,D1_randomization_process,,,Dr Siddalingaiah H S,,
FRAIL-147,26663424,D2_deviations_from_intended_interventions,,,Dr Siddalingaiah H S,,
FRAIL-147,26663424,D3_missing_outcome_data,,,Dr Siddalingaiah H S,,
FRAIL-147,26663424,D4_outcome_measurement,,,Dr Siddalingaiah H S,,
FRAIL-147,26663424,D5_selection_of_reported_result,,,Dr Siddalingaiah H S,,
FRAIL-147,26663424,overall,,,Dr Siddalingaiah H S,,
FRAIL-148,26159634,D1_randomization_process,,,Dr Chandrakala D,,
FRAIL-148,26159634,D2_deviations_from_intended_interventions,,,Dr Chandrakala D,,
FRAIL-148,26159634,D3_missing_outcome_data,,,Dr Chandrakala D,,
FRAIL-148,26159634,D4_outcome_measurement,,,Dr Chandrakala D,,
FRAIL-148,26159634,D5_selection_of_reported_result,,,Dr Chandrakala D,,
FRAIL-148,26159634,overall,,,Dr Chandrakala D,,
FRAIL-149,25659620,D1_randomization_process,,,Dr Siddalingaiah H S,,
FRAIL-149,25659620,D2_deviations_from_intended_interventions,,,Dr Siddalingaiah H S,,
FRAIL-149,25659620,D3_missing_outcome_data,,,Dr Siddalingaiah H S,,
FRAIL-149,25659620,D4_outcome_measurement,,,Dr Siddalingaiah H S,,
FRAIL-149,25659620,D5_selection_of_reported_result,,,Dr Siddalingaiah H S,,
FRAIL-149,25659620,overall,,,Dr Siddalingaiah H S,,
FRAIL-150,27049906,D1_randomization_process,,,Dr Chandrakala D,,
FRAIL-150,27049906,D2_deviations_from_intended_interventions,,,Dr Chandrakala D,,
FRAIL-150,27049906,D3_missing_outcome_data,,,Dr Chandrakala D,,
FRAIL-150,27049906,D4_outcome_measurement,,,Dr Chandrakala D,,
FRAIL-150,27049906,D5_selection_of_reported_result,,,Dr Chandrakala D,,
FRAIL-150,27049906,overall,,,Dr Chandrakala D,,
FRAIL-151,24381025,D1_randomization_process,,,Dr Siddalingaiah H S,,
FRAIL-151,24381025,D2_deviations_from_intended_interventions,,,Dr Siddalingaiah H S,,
FRAIL-151,24381025,D3_missing_outcome_data,,,Dr Siddalingaiah H S,,
FRAIL-151,24381025,D4_outcome_measurement,,,Dr Siddalingaiah H S,,
FRAIL-151,24381025,D5_selection_of_reported_result,,,Dr Siddalingaiah H S,,
FRAIL-151,24381025,overall,,,Dr Siddalingaiah H S,,
FRAIL-152,23906550,D1_randomization_process,,,Dr Chandrakala D,,
FRAIL-152,23906550,D2_deviations_from_intended_interventions,,,Dr Chandrakala D,,
FRAIL-152,23906550,D3_missing_outcome_data,,,Dr Chandrakala D,,
FRAIL-152,23906550,D4_outcome_measurement,,,Dr Chandrakala D,,
FRAIL-152,23906550,D5_selection_of_reported_result,,,Dr Chandrakala D,,
FRAIL-152,23906550,overall,,,Dr Chandrakala D,,
FRAIL-153,23740589,D1_randomization_process,,,Dr Siddalingaiah H S,,
FRAIL-153,23740589,D2_deviations_from_intended_interventions,,,Dr Siddalingaiah H S,,
FRAIL-153,23740589,D3_missing_outcome_data,,,Dr Siddalingaiah H S,,
FRAIL-153,23740589,D4_outcome_measurement,,,Dr Siddalingaiah H S,,
FRAIL-153,23740589,D5_selection_of_reported_result,,,Dr Siddalingaiah H S,,
FRAIL-153,23740589,overall,,,Dr Siddalingaiah H S,,
FRAIL-154,23429407,D1_randomization_process,,,Dr Chandrakala D,,
FRAIL-154,23429407,D2_deviations_from_intended_interventions,,,Dr Chandrakala D,,
FRAIL-154,23429407,D3_missing_outcome_data,,,Dr Chandrakala D,,
FRAIL-154,23429407,D4_outcome_measurement,,,Dr Chandrakala D,,
FRAIL-154,23429407,D5_selection_of_reported_result,,,Dr Chandrakala D,,
FRAIL-154,23429407,overall,,,Dr Chandrakala D,,
FRAIL-155,22879453,D1_randomization_process,,,Dr Siddalingaiah H S,,
FRAIL-155,22879453,D2_deviations_from_intended_interventions,,,Dr Siddalingaiah H S,,
FRAIL-155,22879453,D3_missing_outcome_data,,,Dr Siddalingaiah H S,,
FRAIL-155,22879453,D4_outcome_measurement,,,Dr Siddalingaiah H S,,
FRAIL-155,22879453,D5_selection_of_reported_result,,,Dr Siddalingaiah H S,,
FRAIL-155,22879453,overall,,,Dr Siddalingaiah H S,,
FRAIL-156,22744992,D1_randomization_process,,,Dr Chandrakala D,,
FRAIL-156,22744992,D2_deviations_from_intended_interventions,,,Dr Chandrakala D,,
FRAIL-156,22744992,D3_missing_outcome_data,,,Dr Chandrakala D,,
FRAIL-156,22744992,D4_outcome_measurement,,,Dr Chandrakala D,,
FRAIL-156,22744992,D5_selection_of_reported_result,,,Dr Chandrakala D,,
FRAIL-156,22744992,overall,,,Dr Chandrakala D,,
FRAIL-157,20956842,D1_randomization_process,,,Dr Siddalingaiah H S,,
FRAIL-157,20956842,D2_deviations_from_intended_interventions,,,Dr Siddalingaiah H S,,
FRAIL-157,20956842,D3_missing_outcome_data,,,Dr Siddalingaiah H S,,
FRAIL-157,20956842,D4_outcome_measurement,,,Dr Siddalingaiah H S,,
FRAIL-157,20956842,D5_selection_of_reported_result,,,Dr Siddalingaiah H S,,
FRAIL-157,20956842,overall,,,Dr Siddalingaiah H S,,
FRAIL-158,20171455,D1_randomization_process,,,Dr Chandrakala D,,
FRAIL-158,20171455,D2_deviations_from_intended_interventions,,,Dr Chandrakala D,,
FRAIL-158,20171455,D3_missing_outcome_data,,,Dr Chandrakala D,,
FRAIL-158,20171455,D4_outcome_measurement,,,Dr Chandrakala D,,
FRAIL-158,20171455,D5_selection_of_reported_result,,,Dr Chandrakala D,,
FRAIL-158,20171455,overall,,,Dr Chandrakala D,,
FRAIL-159,20044155,D1_randomization_process,,,Dr Siddalingaiah H S,,
FRAIL-159,20044155,D2_deviations_from_intended_interventions,,,Dr Siddalingaiah H S,,
FRAIL-159,20044155,D3_missing_outcome_data,,,Dr Siddalingaiah H S,,
FRAIL-159,20044155,D4_outcome_measurement,,,Dr Siddalingaiah H S,,
FRAIL-159,20044155,D5_selection_of_reported_result,,,Dr Siddalingaiah H S,,
FRAIL-159,20044155,overall,,,Dr Siddalingaiah H S,,
FRAIL-160,19394017,D1_randomization_process,,,Dr Chandrakala D,,
FRAIL-160,19394017,D2_deviations_from_intended_interventions,,,Dr Chandrakala D,,
FRAIL-160,19394017,D3_missing_outcome_data,,,Dr Chandrakala D,,
FRAIL-160,19394017,D4_outcome_measurement,,,Dr Chandrakala D,,
FRAIL-160,19394017,D5_selection_of_reported_result,,,Dr Chandrakala D,,
FRAIL-160,19394017,overall,,,Dr Chandrakala D,,
FRAIL-161,18804874,D1_randomization_process,,,Dr Siddalingaiah H S,,
FRAIL-161,18804874,D2_deviations_from_intended_interventions,,,Dr Siddalingaiah H S,,
FRAIL-161,18804874,D3_missing_outcome_data,,,Dr Siddalingaiah H S,,
FRAIL-161,18804874,D4_outcome_measurement,,,Dr Siddalingaiah H S,,
FRAIL-161,18804874,D5_selection_of_reported_result,,,Dr Siddalingaiah H S,,
FRAIL-161,18804874,overall,,,Dr Siddalingaiah H S,,
FRAIL-162,18608400,D1_randomization_process,,,Dr Chandrakala D,,
FRAIL-162,18608400,D2_deviations_from_intended_interventions,,,Dr Chandrakala D,,
FRAIL-162,18608400,D3_missing_outcome_data,,,Dr Chandrakala D,,
FRAIL-162,18608400,D4_outcome_measurement,,,Dr Chandrakala D,,
FRAIL-162,18608400,D5_selection_of_reported_result,,,Dr Chandrakala D,,
FRAIL-162,18608400,overall,,,Dr Chandrakala D,,
FRAIL-163,18431084,D1_randomization_process,,,Dr Siddalingaiah H S,,
FRAIL-163,18431084,D2_deviations_from_intended_interventions,,,Dr Siddalingaiah H S,,
FRAIL-163,18431084,D3_missing_outcome_data,,,Dr Siddalingaiah H S,,
FRAIL-163,18431084,D4_outcome_measurement,,,Dr Siddalingaiah H S,,
FRAIL-163,18431084,D5_selection_of_reported_result,,,Dr Siddalingaiah H S,,
FRAIL-163,18431084,overall,,,Dr Siddalingaiah H S,,
FRAIL-164,17624483,D1_randomization_process,,,Dr Chandrakala D,,
FRAIL-164,17624483,D2_deviations_from_intended_interventions,,,Dr Chandrakala D,,
FRAIL-164,17624483,D3_missing_outcome_data,,,Dr Chandrakala D,,
FRAIL-164,17624483,D4_outcome_measurement,,,Dr Chandrakala D,,
FRAIL-164,17624483,D5_selection_of_reported_result,,,Dr Chandrakala D,,
FRAIL-164,17624483,overall,,,Dr Chandrakala D,,
FRAIL-165,16813773,D1_randomization_process,,,Dr Siddalingaiah H S,,
FRAIL-165,16813773,D2_deviations_from_intended_interventions,,,Dr Siddalingaiah H S,,
FRAIL-165,16813773,D3_missing_outcome_data,,,Dr Siddalingaiah H S,,
FRAIL-165,16813773,D4_outcome_measurement,,,Dr Siddalingaiah H S,,
FRAIL-165,16813773,D5_selection_of_reported_result,,,Dr Siddalingaiah H S,,
FRAIL-165,16813773,overall,,,Dr Siddalingaiah H S,,
FRAIL-166,16636211,D1_randomization_process,,,Dr Chandrakala D,,
FRAIL-166,16636211,D2_deviations_from_intended_interventions,,,Dr Chandrakala D,,
FRAIL-166,16636211,D3_missing_outcome_data,,,Dr Chandrakala D,,
FRAIL-166,16636211,D4_outcome_measurement,,,Dr Chandrakala D,,
FRAIL-166,16636211,D5_selection_of_reported_result,,,Dr Chandrakala D,,
FRAIL-166,16636211,overall,,,Dr Chandrakala D,,
FRAIL-167,16510864,D1_randomization_process,,,Dr Siddalingaiah H S,,
FRAIL-167,16510864,D2_deviations_from_intended_interventions,,,Dr Siddalingaiah H S,,
FRAIL-167,16510864,D3_missing_outcome_data,,,Dr Siddalingaiah H S,,
FRAIL-167,16510864,D4_outcome_measurement,,,Dr Siddalingaiah H S,,
FRAIL-167,16510864,D5_selection_of_reported_result,,,Dr Siddalingaiah H S,,
FRAIL-167,16510864,overall,,,Dr Siddalingaiah H S,,
FRAIL-168,15241748,D1_randomization_process,,,Dr Chandrakala D,,
FRAIL-168,15241748,D2_deviations_from_intended_interventions,,,Dr Chandrakala D,,
FRAIL-168,15241748,D3_missing_outcome_data,,,Dr Chandrakala D,,
FRAIL-168,15241748,D4_outcome_measurement,,,Dr Chandrakala D,,
FRAIL-168,15241748,D5_selection_of_reported_result,,,Dr Chandrakala D,,
FRAIL-168,15241748,overall,,,Dr Chandrakala D,,
FRAIL-169,14687360,D1_randomization_process,,,Dr Siddalingaiah H S,,
FRAIL-169,14687360,D2_deviations_from_intended_interventions,,,Dr Siddalingaiah H S,,
FRAIL-169,14687360,D3_missing_outcome_data,,,Dr Siddalingaiah H S,,
FRAIL-169,14687360,D4_outcome_measurement,,,Dr Siddalingaiah H S,,
FRAIL-169,14687360,D5_selection_of_reported_result,,,Dr Siddalingaiah H S,,
FRAIL-169,14687360,overall,,,Dr Siddalingaiah H S,,
FRAIL-170,12588571,D1_randomization_process,,,Dr Chandrakala D,,
FRAIL-170,12588571,D2_deviations_from_intended_interventions,,,Dr Chandrakala D,,
FRAIL-170,12588571,D3_missing_outcome_data,,,Dr Chandrakala D,,
FRAIL-170,12588571,D4_outcome_measurement,,,Dr Chandrakala D,,
FRAIL-170,12588571,D5_selection_of_reported_result,,,Dr Chandrakala D,,
FRAIL-170,12588571,overall,,,Dr Chandrakala D,,
FRAIL-171,12448161,D1_randomization_process,,,Dr Siddalingaiah H S,,
FRAIL-171,12448161,D2_deviations_from_intended_interventions,,,Dr Siddalingaiah H S,,
FRAIL-171,12448161,D3_missing_outcome_data,,,Dr Siddalingaiah H S,,
FRAIL-171,12448161,D4_outcome_measurement,,,Dr Siddalingaiah H S,,
FRAIL-171,12448161,D5_selection_of_reported_result,,,Dr Siddalingaiah H S,,
FRAIL-171,12448161,overall,,,Dr Siddalingaiah H S,,
FRAIL-172,12171453,D1_randomization_process,,,Dr Chandrakala D,,
FRAIL-172,12171453,D2_deviations_from_intended_interventions,,,Dr Chandrakala D,,
FRAIL-172,12171453,D3_missing_outcome_data,,,Dr Chandrakala D,,
FRAIL-172,12171453,D4_outcome_measurement,,,Dr Chandrakala D,,
FRAIL-172,12171453,D5_selection_of_reported_result,,,Dr Chandrakala D,,
FRAIL-172,12171453,overall,,,Dr Chandrakala D,,
FRAIL-173,11427784,D1_randomization_process,,,Dr Siddalingaiah H S,,
FRAIL-173,11427784,D2_deviations_from_intended_interventions,,,Dr Siddalingaiah H S,,
FRAIL-173,11427784,D3_missing_outcome_data,,,Dr Siddalingaiah H S,,
FRAIL-173,11427784,D4_outcome_measurement,,,Dr Siddalingaiah H S,,
FRAIL-173,11427784,D5_selection_of_reported_result,,,Dr Siddalingaiah H S,,
FRAIL-173,11427784,overall,,,Dr Siddalingaiah H S,,
FRAIL-174,11387588,D1_randomization_process,,,Dr Chandrakala D,,
FRAIL-174,11387588,D2_deviations_from_intended_interventions,,,Dr Chandrakala D,,
FRAIL-174,11387588,D3_missing_outcome_data,,,Dr Chandrakala D,,
FRAIL-174,11387588,D4_outcome_measurement,,,Dr Chandrakala D,,
FRAIL-174,11387588,D5_selection_of_reported_result,,,Dr Chandrakala D,,
FRAIL-174,11387588,overall,,,Dr Chandrakala D,,
FRAIL-175,10968301,D1_randomization_process,,,Dr Siddalingaiah H S,,
FRAIL-175,10968301,D2_deviations_from_intended_interventions,,,Dr Siddalingaiah H S,,
FRAIL-175,10968301,D3_missing_outcome_data,,,Dr Siddalingaiah H S,,
FRAIL-175,10968301,D4_outcome_measurement,,,Dr Siddalingaiah H S,,
FRAIL-175,10968301,D5_selection_of_reported_result,,,Dr Siddalingaiah H S,,
FRAIL-175,10968301,overall,,,Dr Siddalingaiah H S,,
FRAIL-176,10896013,D1_randomization_process,,,Dr Chandrakala D,,
FRAIL-176,10896013,D2_deviations_from_intended_interventions,,,Dr Chandrakala D,,
FRAIL-176,10896013,D3_missing_outcome_data,,,Dr Chandrakala D,,
FRAIL-176,10896013,D4_outcome_measurement,,,Dr Chandrakala D,,
FRAIL-176,10896013,D5_selection_of_reported_result,,,Dr Chandrakala D,,
FRAIL-176,10896013,overall,,,Dr Chandrakala D,,
FRAIL-177,10496549,D1_randomization_process,,,Dr Siddalingaiah H S,,
FRAIL-177,10496549,D2_deviations_from_intended_interventions,,,Dr Siddalingaiah H S,,
FRAIL-177,10496549,D3_missing_outcome_data,,,Dr Siddalingaiah H S,,
FRAIL-177,10496549,D4_outcome_measurement,,,Dr Siddalingaiah H S,,
FRAIL-177,10496549,D5_selection_of_reported_result,,,Dr Siddalingaiah H S,,
FRAIL-177,10496549,overall,,,Dr Siddalingaiah H S,,
FRAIL-178,10462167,D1_randomization_process,,,Dr Chandrakala D,,
FRAIL-178,10462167,D2_deviations_from_intended_interventions,,,Dr Chandrakala D,,
FRAIL-178,10462167,D3_missing_outcome_data,,,Dr Chandrakala D,,
FRAIL-178,10462167,D4_outcome_measurement,,,Dr Chandrakala D,,
FRAIL-178,10462167,D5_selection_of_reported_result,,,Dr Chandrakala D,,
FRAIL-178,10462167,overall,,,Dr Chandrakala D,,
FRAIL-179,8617895,D1_randomization_process,,,Dr Siddalingaiah H S,,
FRAIL-179,8617895,D2_deviations_from_intended_interventions,,,Dr Siddalingaiah H S,,
FRAIL-179,8617895,D3_missing_outcome_data,,,Dr Siddalingaiah H S,,
FRAIL-179,8617895,D4_outcome_measurement,,,Dr Siddalingaiah H S,,
FRAIL-179,8617895,D5_selection_of_reported_result,,,Dr Siddalingaiah H S,,
FRAIL-179,8617895,overall,,,Dr Siddalingaiah H S,,
