study_id,pmid,pmcid,doi,title,year,journal,url,fulltext_access_status,verification_status,setting_code,component_code,intervention_node_prelim,local_path,primary_reviewer,second_reviewer,arbitration_reviewer,screening_status,fulltext_final_decision,fulltext_exclusion_reason,consensus_status
FRAIL-001,42131895,PMC13173293,10.1002/jcsm.70306,Home-Based Intervention to Prevent Functional Decline in (Pre)frail Older Adults: The PromeTheus Randomized Controlled Trial.,2026,"Journal of cachexia, sarcopenia and muscle",https://pubmed.ncbi.nlm.nih.gov/42131895/,pmc_fulltext_available,pmc_fulltext_mined_not_numeric_extracted,home,balance;nutrition;digital_home,exercise_plus_nutrition,data\raw\pmc_fulltext\PMC13173293.xml,Dr Siddalingaiah H S,Dr Chandrakala D,Joint consensus,,,,
FRAIL-002,42004413,PMC13091225,10.1016/j.jarlif.2026.100069,Effects of multicomponent exercise on frailty in older adults with type 2 diabetes: Differential responses by metabolic frailty phenotype.,2026,JAR life,https://pubmed.ncbi.nlm.nih.gov/42004413/,pmc_fulltext_available,pmc_fulltext_mined_not_numeric_extracted,community,resistance;balance;multicomponent_exercise;nutrition;digital_home,exercise_plus_nutrition,data\raw\pmc_fulltext\PMC13091225.xml,Dr Chandrakala D,Dr Siddalingaiah H S,Joint consensus,,,,
FRAIL-003,41796126,PMC13086931,10.1038/s41598-026-38989-4,The ActivLife exergame rehabilitation program improves functional abilities in pre-frail and frail older adults: a clinical trial.,2026,Scientific reports,https://pubmed.ncbi.nlm.nih.gov/41796126/,pmc_fulltext_available,pmc_fulltext_mined_not_numeric_extracted,primary_care,resistance;balance;aerobic_walking;multicomponent_exercise;nutrition;digital_home,exercise_plus_nutrition,data\raw\pmc_fulltext\PMC13086931.xml,Dr Siddalingaiah H S,Dr Chandrakala D,Joint consensus,,,,
FRAIL-004,41677077,PMC12895478,10.1111/acel.70376,A Multidomain Lifestyle Intervention Is Associated With Improved Functional Trajectories and Favorable Changes in Epigenetic Aging Markers in Frail Older Adults: A Randomized Controlled Trial.,2026,Aging cell,https://pubmed.ncbi.nlm.nih.gov/41677077/,pmc_fulltext_available,pmc_fulltext_mined_not_numeric_extracted,community,resistance;nutrition;multidomain,multidomain_exercise_nutrition,data\raw\pmc_fulltext\PMC12895478.xml,Dr Chandrakala D,Dr Siddalingaiah H S,Joint consensus,,,,
FRAIL-005,41658611,PMC12879047,10.3389/fmed.2026.1755508,"Feasibility and acceptability of a remotely delivered, home-based ""exercise snacking"" to improve physical function in community-dwelling older adults: a 28-day pilot study.",2026,Frontiers in medicine,https://pubmed.ncbi.nlm.nih.gov/41658611/,pmc_fulltext_available,pmc_fulltext_mined_not_numeric_extracted,home,resistance;balance;aerobic_walking;digital_home,exercise_only,data\raw\pmc_fulltext\PMC12879047.xml,Dr Siddalingaiah H S,Dr Chandrakala D,Joint consensus,,,,
FRAIL-006,41354090,PMC12682371,10.1093/ageing/afaf345,Why didn't the senior citizen cross the road? Gait speed in community-dwelling older adults with mobility limitations relative to pedestrian crossing times.,2025,Age and ageing,https://pubmed.ncbi.nlm.nih.gov/41354090/,pmc_fulltext_available,pmc_fulltext_mined_not_numeric_extracted,community,aerobic_walking,exercise_only,data\raw\pmc_fulltext\PMC12682371.xml,Dr Chandrakala D,Dr Siddalingaiah H S,Joint consensus,,,,
FRAIL-007,41120990,PMC12538938,10.1186/s12877-025-06471-x,Impact of a functional gait training program as a complementary strategy to improve physical function in older adults: a randomized clinical trial.,2025,BMC geriatrics,https://pubmed.ncbi.nlm.nih.gov/41120990/,pmc_fulltext_available,pmc_fulltext_mined_not_numeric_extracted,unclear,resistance;mind_body,exercise_only,data\raw\pmc_fulltext\PMC12538938.xml,Dr Siddalingaiah H S,Dr Chandrakala D,Joint consensus,,,,
FRAIL-008,41095572,PMC12524544,10.3390/healthcare13192486,Targeted Physical Function Exercises for Frailty and Falls Management in Pre-Frail Community-Dwelling Older Adults: A Randomized Controlled Trial.,2025,"Healthcare (Basel, Switzerland)",https://pubmed.ncbi.nlm.nih.gov/41095572/,pmc_fulltext_available,pmc_fulltext_mined_not_numeric_extracted,home,balance;digital_home,exercise_only,data\raw\pmc_fulltext\PMC12524544.xml,Dr Chandrakala D,Dr Siddalingaiah H S,Joint consensus,,,,
FRAIL-009,41035820,PMC12479488,10.3389/fnagi.2025.1639245,Effects of exercise-cognitive dual-task training on cognitive frailty in older adults: a randomized controlled trial.,2025,Frontiers in aging neuroscience,https://pubmed.ncbi.nlm.nih.gov/41035820/,pmc_fulltext_available,pmc_fulltext_mined_not_numeric_extracted,community,balance;aerobic_walking;digital_home,exercise_only,data\raw\pmc_fulltext\PMC12479488.xml,Dr Siddalingaiah H S,Dr Chandrakala D,Joint consensus,,,,
FRAIL-010,40969786,PMC12441017,10.3389/fmed.2025.1573384,Effect of a multicomponent intervention on institutionalization-free survival in older adults with sarcopenia: a,2025,Frontiers in medicine,https://pubmed.ncbi.nlm.nih.gov/40969786/,pmc_fulltext_available,pmc_fulltext_mined_not_numeric_extracted,community,multicomponent_exercise;nutrition,exercise_plus_nutrition,data\raw\pmc_fulltext\PMC12441017.xml,Dr Chandrakala D,Dr Siddalingaiah H S,Joint consensus,,,,
FRAIL-011,40938877,PMC12431197,10.1371/journal.pone.0323923,The impact of outdoor walking interventions on frailty among older adults with mobility limitations: Findings from the Getting Older Adults Outdoors (GO-OUT) study.,2025,PloS one,https://pubmed.ncbi.nlm.nih.gov/40938877/,pmc_fulltext_available,pmc_fulltext_mined_not_numeric_extracted,community,aerobic_walking,exercise_only,data\raw\pmc_fulltext\PMC12431197.xml,Dr Siddalingaiah H S,Dr Chandrakala D,Joint consensus,,,,
FRAIL-012,40749218,PMC12316439,10.2196/76357,Mixed Reality-Based Physical Therapy in Older Adults With Sarcopenia: Preliminary Randomized Controlled Trial.,2025,JMIR serious games,https://pubmed.ncbi.nlm.nih.gov/40749218/,pmc_fulltext_available,pmc_fulltext_mined_not_numeric_extracted,unclear,resistance;balance;digital_home,exercise_only,data\raw\pmc_fulltext\PMC12316439.xml,Dr Chandrakala D,Dr Siddalingaiah H S,Joint consensus,,,,
FRAIL-013,40695991,PMC12284115,10.1038/s41746-025-01873-y,A randomized controlled trial of mobile intervention using health support bubbles to prevent social frailty.,2025,NPJ digital medicine,https://pubmed.ncbi.nlm.nih.gov/40695991/,pmc_fulltext_available,pmc_fulltext_mined_not_numeric_extracted,unclear,balance;nutrition;digital_home,exercise_plus_nutrition,data\raw\pmc_fulltext\PMC12284115.xml,Dr Siddalingaiah H S,Dr Chandrakala D,Joint consensus,,,,
FRAIL-014,40514302,PMC12413722,10.1016/j.tjpad.2025.100231,Tailoring multidomain intervention programs to reduce cognitive and physical decline in older adults: Examining rural-urban differences in a nationwide cluster-randomized controlled trial.,2025,The journal of prevention of Alzheimer's disease,https://pubmed.ncbi.nlm.nih.gov/40514302/,pmc_fulltext_available,pmc_fulltext_mined_not_numeric_extracted,community,resistance;aerobic_walking;nutrition;multidomain,multidomain_exercise_nutrition,data\raw\pmc_fulltext\PMC12413722.xml,Dr Chandrakala D,Dr Siddalingaiah H S,Joint consensus,,,,
FRAIL-015,40471669,PMC12179572,10.2196/69259,"Outdoor Exercise Facility-Based Integrative Mobile Health Intervention to Support Physical Activity, Mental Well-Being, and Exercise Self-Efficacy Among Older Adults With Prefrailty and Frailty in Hong Kong: Pilot Feasibility Randomized Controlled Trial Study.",2025,JMIR mHealth and uHealth,https://pubmed.ncbi.nlm.nih.gov/40471669/,pmc_fulltext_available,pmc_fulltext_mined_not_numeric_extracted,community,digital_home,digital_home_unclear_intervention,data\raw\pmc_fulltext\PMC12179572.xml,Dr Siddalingaiah H S,Dr Chandrakala D,Joint consensus,,,,
FRAIL-016,40367490,PMC12094531,10.2196/65636,"Frailty, Fitness, and Quality of Life Outcomes of a Healthy and Productive Aging Program (GrandMove) for Older Adults With Frailty or Prefrailty: Cluster Randomized Controlled Trial.",2025,JMIR aging,https://pubmed.ncbi.nlm.nih.gov/40367490/,pmc_fulltext_available,pmc_fulltext_mined_not_numeric_extracted,community,resistance;aerobic_walking;multidomain,multidomain,data\raw\pmc_fulltext\PMC12094531.xml,Dr Chandrakala D,Dr Siddalingaiah H S,Joint consensus,,,,
FRAIL-017,40121486,PMC11929174,10.1186/s13102-025-01105-6,Psychophysiological effects of a supervised home-based resistance band exercise program in pre-frail older patients with type 2 diabetes mellitus: a randomized controlled trial.,2025,"BMC sports science, medicine & rehabilitation",https://pubmed.ncbi.nlm.nih.gov/40121486/,pmc_fulltext_available,pmc_fulltext_mined_not_numeric_extracted,home,resistance;aerobic_walking;digital_home,exercise_only,data\raw\pmc_fulltext\PMC11929174.xml,Dr Siddalingaiah H S,Dr Chandrakala D,Joint consensus,,,,
FRAIL-018,40005003,PMC11858716,10.3390/nu17040675,"Personalized Diet With or Without Physical Exercise Improves Nutritional Status, Muscle Strength, Physical Performance, and Quality of Life in Malnourished Older Adults: A Prospective Randomized Controlled Study.",2025,Nutrients,https://pubmed.ncbi.nlm.nih.gov/40005003/,pmc_fulltext_available,pmc_fulltext_mined_not_numeric_extracted,unclear,resistance;balance;nutrition,exercise_plus_nutrition,data\raw\pmc_fulltext\PMC11858716.xml,Dr Chandrakala D,Dr Siddalingaiah H S,Joint consensus,,,,
FRAIL-019,39997521,PMC11855813,10.3390/geriatrics10010022,Effects of Twelve Weeks of Square Stepping Exercises on Physical and Cognitive Function and Plasma Content of SMP30: A Randomised Control Trial.,2025,"Geriatrics (Basel, Switzerland)",https://pubmed.ncbi.nlm.nih.gov/39997521/,pmc_fulltext_available,pmc_fulltext_mined_not_numeric_extracted,unclear,balance;aerobic_walking;multidomain,multidomain,data\raw\pmc_fulltext\PMC11855813.xml,Dr Siddalingaiah H S,Dr Chandrakala D,Joint consensus,,,,
FRAIL-020,39954533,PMC12179999,10.1016/j.jnha.2025.100512,Long-term frailty and physical performance transitions in older people with type-2 diabetes. The MIDFRAIL randomized clinical study.,2025,"The journal of nutrition, health & aging",https://pubmed.ncbi.nlm.nih.gov/39954533/,pmc_fulltext_available,pmc_fulltext_mined_not_numeric_extracted,community,resistance;nutrition,exercise_plus_nutrition,data\raw\pmc_fulltext\PMC12179999.xml,Dr Chandrakala D,Dr Siddalingaiah H S,Joint consensus,,,,
FRAIL-021,39871464,PMC11786508,10.12659/MSM.947105,Effects of Remote Exercise on Physical Function in Pre-Frail Older Adults: A Randomized Controlled Trial.,2025,Medical science monitor : international medical journal of experimental and clinical research,https://pubmed.ncbi.nlm.nih.gov/39871464/,pmc_fulltext_available,pmc_fulltext_mined_not_numeric_extracted,unclear,resistance;balance;digital_home,exercise_only,data\raw\pmc_fulltext\PMC11786508.xml,Dr Siddalingaiah H S,Dr Chandrakala D,Joint consensus,,,,
FRAIL-022,39652737,PMC11614458,10.1519/JSC.0000000000004941,A 24-Week Combined Resistance and Balance Training Program Improves Physical Function in Older Adults: A Randomized Controlled Trial.,2025,Journal of strength and conditioning research,https://pubmed.ncbi.nlm.nih.gov/39652737/,pmc_fulltext_available,pmc_fulltext_mined_not_numeric_extracted,community,resistance;balance;aerobic_walking,exercise_only,data\raw\pmc_fulltext\PMC11614458.xml,Dr Chandrakala D,Dr Siddalingaiah H S,Joint consensus,,,,
FRAIL-023,39580545,PMC11981931,10.1038/s41430-024-01547-0,Effect of individually tailored nutritional counseling on frailty status in older adults with protein-energy malnutrition or risk of it: an intervention study among home care clients.,2025,European journal of clinical nutrition,https://pubmed.ncbi.nlm.nih.gov/39580545/,pmc_fulltext_available,pmc_fulltext_mined_not_numeric_extracted,unclear,nutrition;multidomain,multidomain,data\raw\pmc_fulltext\PMC11981931.xml,Dr Siddalingaiah H S,Dr Chandrakala D,Joint consensus,,,,
FRAIL-024,39478450,PMC11523852,10.1186/s12877-024-05464-6,Combining motivational and exercise intervention components to reverse pre-frailty and promote self-efficacy among community-dwelling pre-frail older adults: a randomized controlled trial.,2024,BMC geriatrics,https://pubmed.ncbi.nlm.nih.gov/39478450/,pmc_fulltext_available,pmc_fulltext_mined_not_numeric_extracted,community,balance;multicomponent_exercise,multicomponent_exercise,data\raw\pmc_fulltext\PMC11523852.xml,Dr Chandrakala D,Dr Siddalingaiah H S,Joint consensus,,,,
FRAIL-025,39390362,PMC11465814,10.1186/s11556-024-00363-6,Effectiveness of community-based Baduanjin exercise intervention for older adults with varying frailty status: a randomized controlled trial.,2024,European review of aging and physical activity : official journal of the European Group for Research into Elderly and Physical Activity,https://pubmed.ncbi.nlm.nih.gov/39390362/,pmc_fulltext_available,pmc_fulltext_mined_not_numeric_extracted,community,resistance;balance;mind_body,exercise_only,data\raw\pmc_fulltext\PMC11465814.xml,Dr Siddalingaiah H S,Dr Chandrakala D,Joint consensus,,,,
FRAIL-026,39354527,PMC11443903,10.1186/s13063-024-08490-2,"A single-center, double-blind, randomized, placebo-controlled, two-arm study to evaluate the safety and efficacy of once-weekly sirolimus (rapamycin) on muscle strength and endurance in older adults following a 13-week exercise program.",2024,Trials,https://pubmed.ncbi.nlm.nih.gov/39354527/,pmc_fulltext_available,pmc_fulltext_mined_not_numeric_extracted,unclear,resistance;aerobic_walking;digital_home,exercise_only,data\raw\pmc_fulltext\PMC11443903.xml,Dr Chandrakala D,Dr Siddalingaiah H S,Joint consensus,,,,
FRAIL-027,39211745,PMC11358125,10.3389/fragi.2024.1376825,"Underweight, overweight, and weight change in older family caregivers and their care recipients: longitudinal evidence from a randomized controlled trial.",2024,Frontiers in aging,https://pubmed.ncbi.nlm.nih.gov/39211745/,pmc_fulltext_available,pmc_fulltext_mined_not_numeric_extracted,unclear,nutrition,nutrition_only,data\raw\pmc_fulltext\PMC11358125.xml,Dr Siddalingaiah H S,Dr Chandrakala D,Joint consensus,,,,
FRAIL-028,38111605,PMC10725933,10.3389/fnut.2023.1284497,Medium-chain triglycerides (8:0 and 10:0) increase muscle mass and function in frail older adults: a combined data analysis of clinical trials.,2023,Frontiers in nutrition,https://pubmed.ncbi.nlm.nih.gov/38111605/,pmc_fulltext_available,pmc_fulltext_mined_not_numeric_extracted,unclear,resistance;aerobic_walking;nutrition,exercise_plus_nutrition,data\raw\pmc_fulltext\PMC10725933.xml,Dr Chandrakala D,Dr Siddalingaiah H S,Joint consensus,,,,
FRAIL-029,37960913,PMC12880481,10.1007/s12603-023-1991-0,Hybrid Exercise Program Enhances Physical Fitness and Reverses Frailty in Older Adults: Insights and Predictions from Machine Learning.,2023,"The journal of nutrition, health & aging",https://pubmed.ncbi.nlm.nih.gov/37960913/,pmc_fulltext_available,pmc_fulltext_mined_not_numeric_extracted,community,resistance;aerobic_walking;nutrition,exercise_plus_nutrition,data\raw\pmc_fulltext\PMC12880481.xml,Dr Siddalingaiah H S,Dr Chandrakala D,Joint consensus,,,,
FRAIL-030,37875291,PMC10751415,10.1002/jcsm.13359,Dose-response effects of resistance training on physical function in frail older Chinese adults: A randomized controlled trial.,2023,"Journal of cachexia, sarcopenia and muscle",https://pubmed.ncbi.nlm.nih.gov/37875291/,pmc_fulltext_available,pmc_fulltext_mined_not_numeric_extracted,unclear,resistance;aerobic_walking,exercise_only,data\raw\pmc_fulltext\PMC10751415.xml,Dr Chandrakala D,Dr Siddalingaiah H S,Joint consensus,,,,
FRAIL-031,37357328,PMC10230140,10.1007/s12603-023-1928-7,"Impact of Exercise and Cognitive Stimulation Therapy on Physical Function, Cognition and Muscle Mass in Pre-Frail Older Adults in the Primary Care Setting: A Cluster Randomized Controlled Trial.",2023,"The journal of nutrition, health & aging",https://pubmed.ncbi.nlm.nih.gov/37357328/,pmc_fulltext_available,pmc_fulltext_mined_not_numeric_extracted,primary_care,resistance;multicomponent_exercise;nutrition,exercise_plus_nutrition,data\raw\pmc_fulltext\PMC10230140.xml,Dr Siddalingaiah H S,Dr Chandrakala D,Joint consensus,,,,
FRAIL-032,37328797,PMC10273765,10.1186/s12877-023-04080-0,Effects of an individualised exercise programme plus Behavioural Change Enhancement (BCE) strategies for managing fatigue in frail older adults: a cluster randomised controlled trial.,2023,BMC geriatrics,https://pubmed.ncbi.nlm.nih.gov/37328797/,pmc_fulltext_available,pmc_fulltext_mined_not_numeric_extracted,community,unclear,unclear,data\raw\pmc_fulltext\PMC10273765.xml,Dr Chandrakala D,Dr Siddalingaiah H S,Joint consensus,,,,
FRAIL-033,37049448,PMC10097015,10.3390/nu15071607,The Impact of Nutrition and Oral Function Exercise on among Community-Dwelling Older People.,2023,Nutrients,https://pubmed.ncbi.nlm.nih.gov/37049448/,pmc_fulltext_available,pmc_fulltext_mined_not_numeric_extracted,community,nutrition,nutrition_only,data\raw\pmc_fulltext\PMC10097015.xml,Dr Siddalingaiah H S,Dr Chandrakala D,Joint consensus,,,,
FRAIL-034,36673644,PMC9859571,10.3390/healthcare11020276,Effect of the Active Aging-in-Place-Rehabilitation Nursing Program: A Randomized Controlled Trial.,2023,"Healthcare (Basel, Switzerland)",https://pubmed.ncbi.nlm.nih.gov/36673644/,pmc_fulltext_available,pmc_fulltext_mined_not_numeric_extracted,unclear,resistance;balance;multidomain,multidomain,data\raw\pmc_fulltext\PMC9859571.xml,Dr Chandrakala D,Dr Siddalingaiah H S,Joint consensus,,,,
FRAIL-035,36636457,PMC9830714,10.2147/CIA.S391700,Protein-Added Healthy Lunch-Boxes Combined with Exercise for Improving Physical Fitness and Vascular Function in Pre-Frail Older Women: A Community-Based Randomized Controlled Trial.,2023,Clinical interventions in aging,https://pubmed.ncbi.nlm.nih.gov/36636457/,pmc_fulltext_available,pmc_fulltext_mined_not_numeric_extracted,community,resistance;aerobic_walking;multicomponent_exercise;nutrition;digital_home,exercise_plus_nutrition,data\raw\pmc_fulltext\PMC9830714.xml,Dr Siddalingaiah H S,Dr Chandrakala D,Joint consensus,,,,
FRAIL-036,36528997,PMC9757806,10.1016/j.gerinurse.2022.11.019,Efficacy of a multicomponent exercise training program intervention in community-dwelling older adults during the COVID-19 pandemic: A cluster randomized controlled trial.,2023,"Geriatric nursing (New York, N.Y.)",https://pubmed.ncbi.nlm.nih.gov/36528997/,pmc_fulltext_available,pmc_fulltext_mined_not_numeric_extracted,community,multicomponent_exercise;multidomain,multidomain,data\raw\pmc_fulltext\PMC9757806.xml,Dr Chandrakala D,Dr Siddalingaiah H S,Joint consensus,,,,
FRAIL-037,36426763,PMC10100027,10.1111/ggi.14511,"Adherence, safety and potential effectiveness of a home-based Radio-Taiso exercise program in older adults with frailty: A pilot randomized controlled trial.",2023,Geriatrics & gerontology international,https://pubmed.ncbi.nlm.nih.gov/36426763/,pmc_fulltext_available,pmc_fulltext_mined_not_numeric_extracted,home,digital_home,digital_home_unclear_intervention,data\raw\pmc_fulltext\PMC10100027.xml,Dr Siddalingaiah H S,Dr Chandrakala D,Joint consensus,,,,
FRAIL-038,36341237,PMC9634412,10.3389/fmed.2022.971497,Intrinsic capacity rather than intervention exposure influences reversal to robustness among prefrail community-dwelling older adults: A non-randomized controlled study of a multidomain exercise and nutrition intervention.,2022,Frontiers in medicine,https://pubmed.ncbi.nlm.nih.gov/36341237/,pmc_fulltext_available,pmc_fulltext_mined_not_numeric_extracted,community,resistance;multicomponent_exercise;nutrition;digital_home;multidomain,multidomain_exercise_nutrition,data\raw\pmc_fulltext\PMC9634412.xml,Dr Chandrakala D,Dr Siddalingaiah H S,Joint consensus,,,,
FRAIL-039,35887850,PMC9320394,10.3390/jcm11144077,Frailty Status Improvement after 5-Month Multicomponent Program PROMUFRA in Community-Dwelling Older People: A Randomized Controlled Trial.,2022,Journal of clinical medicine,https://pubmed.ncbi.nlm.nih.gov/35887850/,pmc_fulltext_available,pmc_fulltext_mined_not_numeric_extracted,community,resistance;multicomponent_exercise;digital_home,multicomponent_exercise,data\raw\pmc_fulltext\PMC9320394.xml,Dr Siddalingaiah H S,Dr Chandrakala D,Joint consensus,,,,
FRAIL-040,35766913,PMC9388057,10.24095/hpcdp.42.6.02,"Encouraging older adults with pre-frailty and frailty to ""MoveStrong"": an analysis of secondary outcomes for a pilot randomized controlled trial.",2022,"Health promotion and chronic disease prevention in Canada : research, policy and practice",https://pubmed.ncbi.nlm.nih.gov/35766913/,pmc_fulltext_available,pmc_fulltext_mined_not_numeric_extracted,unclear,resistance;balance;aerobic_walking;nutrition,exercise_plus_nutrition,data\raw\pmc_fulltext\PMC9388057.xml,Dr Chandrakala D,Dr Siddalingaiah H S,Joint consensus,,,,
FRAIL-041,35399053,PMC8994906,10.1186/s12877-022-02888-w,The effects of vitamin D supplementation on frailty in older adults at risk for falls.,2022,BMC geriatrics,https://pubmed.ncbi.nlm.nih.gov/35399053/,pmc_fulltext_available,pmc_fulltext_mined_not_numeric_extracted,community,balance;nutrition,exercise_plus_nutrition,data\raw\pmc_fulltext\PMC8994906.xml,Dr Siddalingaiah H S,Dr Chandrakala D,Joint consensus,,,,
FRAIL-042,34725661,PMC12929997,10.1007/s12603-021-1671-x,"Association of Pain and Impact of Dual-Task Exercise on Function, Cognition and Quality of Life.",2021,"The journal of nutrition, health & aging",https://pubmed.ncbi.nlm.nih.gov/34725661/,pmc_fulltext_available,pmc_fulltext_mined_not_numeric_extracted,community,balance;nutrition;digital_home,exercise_plus_nutrition,data\raw\pmc_fulltext\PMC12929997.xml,Dr Chandrakala D,Dr Siddalingaiah H S,Joint consensus,,,,
FRAIL-043,34620081,PMC8499414,10.1186/s11556-021-00273-x,Effectiveness of a community-delivered pneumatic machine resistance training programme (Gym Tonic) for older adults at neighbourhood senior centres - a randomized controlled trial.,2021,European review of aging and physical activity : official journal of the European Group for Research into Elderly and Physical Activity,https://pubmed.ncbi.nlm.nih.gov/34620081/,pmc_fulltext_available,pmc_fulltext_mined_not_numeric_extracted,community,resistance;balance;aerobic_walking;digital_home,exercise_only,data\raw\pmc_fulltext\PMC8499414.xml,Dr Siddalingaiah H S,Dr Chandrakala D,Joint consensus,,,,
FRAIL-044,34449605,PMC8395892,10.3390/geriatrics6030072,Enhancement of Anticipatory Postural Adjustments by Virtual Reality in Older Adults with Cognitive and Motor Deficits: A Randomised Trial.,2021,"Geriatrics (Basel, Switzerland)",https://pubmed.ncbi.nlm.nih.gov/34449605/,pmc_fulltext_available,pmc_fulltext_mined_not_numeric_extracted,unclear,balance;aerobic_walking,exercise_only,data\raw\pmc_fulltext\PMC8395892.xml,Dr Chandrakala D,Dr Siddalingaiah H S,Joint consensus,,,,
FRAIL-045,34351363,PMC8581390,10.1093/ageing/afab149,Long-term effect of a 24-week multicomponent intervention on physical performance and frailty in community-dwelling older adults.,2021,Age and ageing,https://pubmed.ncbi.nlm.nih.gov/34351363/,pmc_fulltext_available,pmc_fulltext_mined_not_numeric_extracted,community,multicomponent_exercise;nutrition,exercise_plus_nutrition,data\raw\pmc_fulltext\PMC8581390.xml,Dr Siddalingaiah H S,Dr Chandrakala D,Joint consensus,,,,
FRAIL-046,33968874,PMC8097036,10.3389/fpubh.2021.610184,Effectiveness of a Community-Based Muscle Strengthening Exercise Program to Increase Muscle Strength Among Pre-frail Older Persons in Malaysia: A Pilot Study.,2021,Frontiers in public health,https://pubmed.ncbi.nlm.nih.gov/33968874/,pmc_fulltext_available,pmc_fulltext_mined_not_numeric_extracted,community,resistance,exercise_only,data\raw\pmc_fulltext\PMC8097036.xml,Dr Chandrakala D,Dr Siddalingaiah H S,Joint consensus,,,,
FRAIL-047,33937294,PMC8086796,10.3389/fmed.2021.660463,"Possible Sarcopenia and Impact of Dual-Task Exercise on Gait Speed, Handgrip Strength, Falls, and Perceived Health.",2021,Frontiers in medicine,https://pubmed.ncbi.nlm.nih.gov/33937294/,pmc_fulltext_available,pmc_fulltext_mined_not_numeric_extracted,community,resistance;balance;nutrition;digital_home,exercise_plus_nutrition,data\raw\pmc_fulltext\PMC8086796.xml,Dr Siddalingaiah H S,Dr Chandrakala D,Joint consensus,,,,
FRAIL-048,33742266,PMC7978459,10.1007/s11121-021-01221-y,Effectiveness of Community-Delivered Functional Power Training Program for Frail and Pre-frail Community-Dwelling Older Adults: a Randomized Controlled Study.,2021,Prevention science : the official journal of the Society for Prevention Research,https://pubmed.ncbi.nlm.nih.gov/33742266/,pmc_fulltext_available,pmc_fulltext_mined_not_numeric_extracted,community,resistance;balance,exercise_only,data\raw\pmc_fulltext\PMC7978459.xml,Dr Chandrakala D,Dr Siddalingaiah H S,Joint consensus,,,,
FRAIL-049,33583000,PMC7990826,10.1007/s41999-020-00438-4,The sarcopenia and physical frailty in older people: multi-component treatment strategies (SPRINTT) project: description and feasibility of a nutrition intervention in community-dwelling older Europeans.,2021,European geriatric medicine,https://pubmed.ncbi.nlm.nih.gov/33583000/,pmc_fulltext_available,pmc_fulltext_mined_not_numeric_extracted,community,multicomponent_exercise;nutrition;digital_home,exercise_plus_nutrition,data\raw\pmc_fulltext\PMC7990826.xml,Dr Siddalingaiah H S,Dr Chandrakala D,Joint consensus,,,,
FRAIL-050,33546255,PMC7913348,10.3390/ijerph18041396,Randomized Controlled Trial on the Effects of a Combined Intervention of Computerized Cognitive Training Preceded by Physical Exercise for Improving Frailty Status and Cognitive Function in Older Adults.,2021,International journal of environmental research and public health,https://pubmed.ncbi.nlm.nih.gov/33546255/,pmc_fulltext_available,pmc_fulltext_mined_not_numeric_extracted,unclear,resistance;aerobic_walking;digital_home;multidomain,multidomain,data\raw\pmc_fulltext\PMC7913348.xml,Dr Chandrakala D,Dr Siddalingaiah H S,Joint consensus,,,,
FRAIL-051,33513714,PMC7912527,10.3390/md19020062,Limited Benefit of Marine Protein Hydrolysate on Physical Function and Strength in Older Adults: A Randomized Controlled Trial.,2021,Marine drugs,https://pubmed.ncbi.nlm.nih.gov/33513714/,pmc_fulltext_available,pmc_fulltext_mined_not_numeric_extracted,unclear,resistance;nutrition,exercise_plus_nutrition,data\raw\pmc_fulltext\PMC7912527.xml,Dr Siddalingaiah H S,Dr Chandrakala D,Joint consensus,,,,
FRAIL-052,32114877,PMC7874375,10.1177/0733464820902652,"The Otago Exercise Program With or Without Motivational Interviewing for Community-Dwelling Older Adults: A 12-Month Follow-Up of a Randomized, Controlled Trial.",2021,Journal of applied gerontology : the official journal of the Southern Gerontological Society,https://pubmed.ncbi.nlm.nih.gov/32114877/,pmc_fulltext_available,pmc_fulltext_mined_not_numeric_extracted,home,resistance;balance;aerobic_walking;digital_home,exercise_only,data\raw\pmc_fulltext\PMC7874375.xml,Dr Chandrakala D,Dr Siddalingaiah H S,Joint consensus,,,,
FRAIL-053,33032532,PMC7545899,10.1186/s12877-020-01805-3,A physical activity program versus usual care in the management of quality of life for pre-frail older adults with chronic pain: randomized controlled trial.,2020,BMC geriatrics,https://pubmed.ncbi.nlm.nih.gov/33032532/,pmc_fulltext_available,pmc_fulltext_mined_not_numeric_extracted,community,multicomponent_exercise,multicomponent_exercise,data\raw\pmc_fulltext\PMC7545899.xml,Dr Siddalingaiah H S,Dr Chandrakala D,Joint consensus,,,,
FRAIL-054,32762725,PMC7409695,10.1186/s12877-020-01668-8,Nutrition assessment and geriatric associated conditions among community dwelling Iranian elderly people.,2020,BMC geriatrics,https://pubmed.ncbi.nlm.nih.gov/32762725/,pmc_fulltext_available,pmc_fulltext_mined_not_numeric_extracted,community,nutrition,nutrition_only,data\raw\pmc_fulltext\PMC7409695.xml,Dr Chandrakala D,Dr Siddalingaiah H S,Joint consensus,,,,
FRAIL-055,32702879,PMC7373606,10.1097/MD.0000000000021187,Effects of concurrent aerobic and resistance exercise in frail and pre-frail older adults: A randomized trial of supervised versus home-based programs.,2020,Medicine,https://pubmed.ncbi.nlm.nih.gov/32702879/,pmc_fulltext_available,pmc_fulltext_mined_not_numeric_extracted,home,resistance;aerobic_walking;digital_home,exercise_only,data\raw\pmc_fulltext\PMC7373606.xml,Dr Siddalingaiah H S,Dr Chandrakala D,Joint consensus,,,,
FRAIL-056,32545408,PMC7353446,10.3390/nu12061755,Nutrition and Sarcopenia-What Do We Know?,2020,Nutrients,https://pubmed.ncbi.nlm.nih.gov/32545408/,pmc_fulltext_available,pmc_fulltext_mined_not_numeric_extracted,unclear,resistance;nutrition;digital_home,exercise_plus_nutrition,data\raw\pmc_fulltext\PMC7353446.xml,Dr Chandrakala D,Dr Siddalingaiah H S,Joint consensus,,,,
FRAIL-057,32466446,PMC7312630,10.3390/ijerph17113760,Multicomponent Exercise Program Reduces Frailty and Inflammatory Biomarkers and Improves Physical Performance in Community-Dwelling Older Adults: A Randomized Controlled Trial.,2020,International journal of environmental research and public health,https://pubmed.ncbi.nlm.nih.gov/32466446/,pmc_fulltext_available,pmc_fulltext_mined_not_numeric_extracted,home,resistance;balance;aerobic_walking;multicomponent_exercise;nutrition;digital_home,exercise_plus_nutrition,data\raw\pmc_fulltext\PMC7312630.xml,Dr Siddalingaiah H S,Dr Chandrakala D,Joint consensus,,,,
FRAIL-058,32375700,PMC7203790,10.1186/s12877-020-01572-1,Sensor-based characterization of daily walking: a new paradigm in pre-frailty/frailty assessment.,2020,BMC geriatrics,https://pubmed.ncbi.nlm.nih.gov/32375700/,pmc_fulltext_available,pmc_fulltext_mined_not_numeric_extracted,unclear,aerobic_walking,exercise_only,data\raw\pmc_fulltext\PMC7203790.xml,Dr Chandrakala D,Dr Siddalingaiah H S,Joint consensus,,,,
FRAIL-059,32375239,PMC7345634,10.3390/geriatrics5020029,"A Novel Exercise for Enhancing Visuospatial Ability in Older Adults with Frailty: Development, Feasibility, and Effectiveness.",2020,"Geriatrics (Basel, Switzerland)",https://pubmed.ncbi.nlm.nih.gov/32375239/,pmc_fulltext_available,pmc_fulltext_mined_not_numeric_extracted,unclear,resistance,exercise_only,data\raw\pmc_fulltext\PMC7345634.xml,Dr Siddalingaiah H S,Dr Chandrakala D,Joint consensus,,,,
FRAIL-060,32259186,PMC12275761,10.14283/jfa.2020.13,"Multi-Component Exercise with High-Intensity, Free-Weight, Functional Resistance Training in Pre-Frail Females: A Quasi-Experimental, Pilot Study.",2020,The Journal of frailty & aging,https://pubmed.ncbi.nlm.nih.gov/32259186/,pmc_fulltext_available,pmc_fulltext_mined_not_numeric_extracted,community,resistance;balance;aerobic_walking;multicomponent_exercise;digital_home,multicomponent_exercise,data\raw\pmc_fulltext\PMC12275761.xml,Dr Chandrakala D,Dr Siddalingaiah H S,Joint consensus,,,,
FRAIL-061,32134208,PMC7296266,10.1002/jcsm.12534,"Efficacy of multidomain interventions to improve physical frailty, depression and cognition: data from cluster-randomized controlled trials.",2020,"Journal of cachexia, sarcopenia and muscle",https://pubmed.ncbi.nlm.nih.gov/32134208/,pmc_fulltext_available,pmc_fulltext_mined_not_numeric_extracted,community,resistance;nutrition;digital_home;multidomain,multidomain_exercise_nutrition,data\raw\pmc_fulltext\PMC7296266.xml,Dr Siddalingaiah H S,Dr Chandrakala D,Joint consensus,,,,
FRAIL-062,31997543,PMC7015250,10.1002/jcsm.12504,Comprehensive geriatric intervention in community-dwelling older adults: a cluster-randomized controlled trial.,2020,"Journal of cachexia, sarcopenia and muscle",https://pubmed.ncbi.nlm.nih.gov/31997543/,pmc_fulltext_available,pmc_fulltext_mined_not_numeric_extracted,home,resistance;aerobic_walking;nutrition;digital_home;multidomain,multidomain_exercise_nutrition,data\raw\pmc_fulltext\PMC7015250.xml,Dr Chandrakala D,Dr Siddalingaiah H S,Joint consensus,,,,
FRAIL-063,31791364,PMC6889427,10.1186/s12966-019-0855-9,Individualized home-based exercise and nutrition interventions improve frailty in older adults: a randomized controlled trial.,2019,The international journal of behavioral nutrition and physical activity,https://pubmed.ncbi.nlm.nih.gov/31791364/,pmc_fulltext_available,pmc_fulltext_mined_not_numeric_extracted,home,nutrition;digital_home,nutrition_only,data\raw\pmc_fulltext\PMC6889427.xml,Dr Siddalingaiah H S,Dr Chandrakala D,Joint consensus,,,,
FRAIL-064,31466229,PMC6747215,10.3390/ijerph16173125,Effectiveness of a Combined Intervention on Psychological and Physical Capacities of Frail Older Adults: A Cluster Randomized Controlled Trial.,2019,International journal of environmental research and public health,https://pubmed.ncbi.nlm.nih.gov/31466229/,pmc_fulltext_available,pmc_fulltext_mined_not_numeric_extracted,unclear,balance,exercise_only,data\raw\pmc_fulltext\PMC6747215.xml,Dr Chandrakala D,Dr Siddalingaiah H S,Joint consensus,,,,
FRAIL-065,31367733,PMC12280510,10.1007/s12603-019-1216-8,"Positive Effects of ""Textured Lunches"" Gatherings and Oral Exercises Combined with Physical Exercises on Oral and Physical Function in Older Individuals: A Cluster Randomized Controlled Trial.",2019,"The journal of nutrition, health & aging",https://pubmed.ncbi.nlm.nih.gov/31367733/,pmc_fulltext_available,pmc_fulltext_mined_not_numeric_extracted,community,nutrition;digital_home,nutrition_only,data\raw\pmc_fulltext\PMC12280510.xml,Dr Siddalingaiah H S,Dr Chandrakala D,Joint consensus,,,,
FRAIL-066,31360662,PMC6581490,,"An Interregional, Transdisciplinary and Good Practice-Based Approach for Frailty: the Mind&Gait Project.",2019,Translational medicine @ UniSa,https://pubmed.ncbi.nlm.nih.gov/31360662/,pmc_fulltext_available,pmc_fulltext_mined_not_numeric_extracted,community,digital_home,digital_home_unclear_intervention,data\raw\pmc_fulltext\PMC6581490.xml,Dr Chandrakala D,Dr Siddalingaiah H S,Joint consensus,,,,
FRAIL-067,31249332,PMC6597702,10.1038/s41598-019-45767-y,Effects of Kinect-based exergaming on frailty status and physical performance in prefrail and frail elderly: A randomized controlled trial.,2019,Scientific reports,https://pubmed.ncbi.nlm.nih.gov/31249332/,pmc_fulltext_available,pmc_fulltext_mined_not_numeric_extracted,community,resistance;balance;aerobic_walking;multicomponent_exercise,multicomponent_exercise,data\raw\pmc_fulltext\PMC6597702.xml,Dr Siddalingaiah H S,Dr Chandrakala D,Joint consensus,,,,
FRAIL-068,31133863,PMC6524700,10.3389/fphys.2019.00445,Exercise and Dietary-Protein as a Countermeasure to Skeletal Muscle Weakness: Liverpool Hope University - Sarcopenia Aging Trial (LHU-SAT).,2019,Frontiers in physiology,https://pubmed.ncbi.nlm.nih.gov/31133863/,pmc_fulltext_available,pmc_fulltext_mined_not_numeric_extracted,community,resistance;aerobic_walking;nutrition;digital_home,exercise_plus_nutrition,data\raw\pmc_fulltext\PMC6524700.xml,Dr Chandrakala D,Dr Siddalingaiah H S,Joint consensus,,,,
FRAIL-069,31016897,PMC6711410,10.1002/jcsm.12432,Effectiveness of a multimodal intervention in functionally impaired older people with type 2 diabetes mellitus.,2019,"Journal of cachexia, sarcopenia and muscle",https://pubmed.ncbi.nlm.nih.gov/31016897/,pmc_fulltext_available,pmc_fulltext_mined_not_numeric_extracted,unclear,resistance;nutrition,exercise_plus_nutrition,data\raw\pmc_fulltext\PMC6711410.xml,Dr Siddalingaiah H S,Dr Chandrakala D,Joint consensus,,,,
FRAIL-070,32300691,PMC7155349,10.22540/JFSF-03-026,Breaking sedentary behaviour has the potential to increase/ maintain function in frail older adults.,2018,"Journal of frailty, sarcopenia and falls",https://pubmed.ncbi.nlm.nih.gov/32300691/,pmc_fulltext_available,pmc_fulltext_mined_not_numeric_extracted,unclear,balance,exercise_only,data\raw\pmc_fulltext\PMC7155349.xml,Dr Chandrakala D,Dr Siddalingaiah H S,Joint consensus,,,,
FRAIL-071,30498835,PMC6444357,10.1007/s12603-018-1127-0,Quality of Life and Mental Health in Older Adults with Obesity and Frailty: Associations with a Weight Loss Intervention.,2018,"The journal of nutrition, health & aging",https://pubmed.ncbi.nlm.nih.gov/30498835/,pmc_fulltext_available,pmc_fulltext_mined_not_numeric_extracted,community,nutrition,nutrition_only,data\raw\pmc_fulltext\PMC6444357.xml,Dr Siddalingaiah H S,Dr Chandrakala D,Joint consensus,,,,
FRAIL-072,30138718,PMC6251709,10.1016/j.cct.2018.08.004,Rationale and design of the Study To Understand Fall Reduction and Vitamin D in You (STURDY): A randomized clinical trial of Vitamin D supplement doses for the prevention of falls in older adults.,2018,Contemporary clinical trials,https://pubmed.ncbi.nlm.nih.gov/30138718/,pmc_fulltext_available,pmc_fulltext_mined_not_numeric_extracted,community,balance;nutrition,exercise_plus_nutrition,data\raw\pmc_fulltext\PMC6251709.xml,Dr Chandrakala D,Dr Siddalingaiah H S,Joint consensus,,,,
FRAIL-073,29988285,PMC6008824,10.1155/2018/8916274,"Effects of Strength Training on Muscle Properties, Physical Function, and Physical Activity among Frail Older People: A Pilot Study.",2018,Journal of aging research,https://pubmed.ncbi.nlm.nih.gov/29988285/,pmc_fulltext_available,pmc_fulltext_mined_not_numeric_extracted,home,resistance;aerobic_walking;digital_home,exercise_only,data\raw\pmc_fulltext\PMC6008824.xml,Dr Siddalingaiah H S,Dr Chandrakala D,Joint consensus,,,,
FRAIL-074,29783928,PMC5963011,10.1186/s12872-018-0839-8,Physical activity intervention for elderly patients with reduced physical performance after acute coronary syndrome (HULK study): rationale and design of a randomized clinical trial.,2018,BMC cardiovascular disorders,https://pubmed.ncbi.nlm.nih.gov/29783928/,pmc_fulltext_available,pmc_fulltext_mined_not_numeric_extracted,home,digital_home,digital_home_unclear_intervention,data\raw\pmc_fulltext\PMC5963011.xml,Dr Chandrakala D,Dr Siddalingaiah H S,Joint consensus,,,,
FRAIL-075,29346524,PMC6248206,10.1093/gerona/glx259,"Effects of a Primary Care-Based Multifactorial Intervention on Physical and Cognitive Function in Frail, Elderly Individuals: A Randomized Controlled Trial.",2018,"The journals of gerontology. Series A, Biological sciences and medical sciences",https://pubmed.ncbi.nlm.nih.gov/29346524/,pmc_fulltext_available,pmc_fulltext_mined_not_numeric_extracted,primary_care,resistance;nutrition,exercise_plus_nutrition,data\raw\pmc_fulltext\PMC6248206.xml,Dr Siddalingaiah H S,Dr Chandrakala D,Joint consensus,,,,
FRAIL-076,29310138,PMC5898617,10.7326/M16-2011,Effect of Physical Activity on Frailty: Secondary Analysis of a Randomized Controlled Trial.,2018,Annals of internal medicine,https://pubmed.ncbi.nlm.nih.gov/29310138/,pmc_fulltext_available,pmc_fulltext_mined_not_numeric_extracted,community,resistance;aerobic_walking,exercise_only,data\raw\pmc_fulltext\PMC5898617.xml,Dr Chandrakala D,Dr Siddalingaiah H S,Joint consensus,,,,
FRAIL-077,28972245,PMC12877681,10.1007/s12603-016-0867-y,Multi-Domains Lifestyle Interventions Reduces Depressive Symptoms among Frail and Pre-Frail Older Persons: Randomized Controlled Trial.,2017,"The journal of nutrition, health & aging",https://pubmed.ncbi.nlm.nih.gov/28972245/,pmc_fulltext_available,pmc_fulltext_mined_not_numeric_extracted,community,nutrition;multidomain,multidomain,data\raw\pmc_fulltext\PMC12877681.xml,Dr Siddalingaiah H S,Dr Chandrakala D,Joint consensus,,,,
FRAIL-078,28951766,PMC5603129,10.1155/2017/4807046,"Effect of Weight Loss, Exercise, or Both on Undercarboxylated Osteocalcin and Insulin Secretion in Frail, Obese Older Adults.",2017,Oxidative medicine and cellular longevity,https://pubmed.ncbi.nlm.nih.gov/28951766/,pmc_fulltext_available,pmc_fulltext_mined_not_numeric_extracted,unclear,multidomain,multidomain,data\raw\pmc_fulltext\PMC5603129.xml,Dr Chandrakala D,Dr Siddalingaiah H S,Joint consensus,,,,
FRAIL-079,28514618,PMC5552187,10.1056/NEJMoa1616338,"Aerobic or Resistance Exercise, or Both, in Dieting Obese Older Adults.",2017,The New England journal of medicine,https://pubmed.ncbi.nlm.nih.gov/28514618/,pmc_fulltext_available,pmc_fulltext_mined_not_numeric_extracted,unclear,resistance;aerobic_walking,exercise_only,data\raw\pmc_fulltext\PMC5552187.xml,Dr Siddalingaiah H S,Dr Chandrakala D,Joint consensus,,,,
FRAIL-080,28085913,PMC5234793,10.1371/journal.pone.0169613,Impact of a Home-Based Physical and Nutritional Intervention Program Conducted by Lay-Volunteers on Handgrip Strength in Prefrail and Frail Older Adults: A Randomized Control Trial.,2017,PloS one,https://pubmed.ncbi.nlm.nih.gov/28085913/,pmc_fulltext_available,pmc_fulltext_mined_not_numeric_extracted,home,resistance;nutrition;digital_home,exercise_plus_nutrition,data\raw\pmc_fulltext\PMC5234793.xml,Dr Chandrakala D,Dr Siddalingaiah H S,Joint consensus,,,,
FRAIL-081,27897406,PMC5326822,10.1002/jcsm.12132,Integrated care for geriatric frailty and sarcopenia: a randomized control trial.,2017,"Journal of cachexia, sarcopenia and muscle",https://pubmed.ncbi.nlm.nih.gov/27897406/,pmc_fulltext_available,pmc_fulltext_mined_not_numeric_extracted,community,resistance;aerobic_walking;nutrition;digital_home,exercise_plus_nutrition,data\raw\pmc_fulltext\PMC5326822.xml,Dr Siddalingaiah H S,Dr Chandrakala D,Joint consensus,,,,
FRAIL-082,27695646,PMC5042153,10.18848/2160-1909/CGP/v07i02/1-10,The Impact of Strong for Life on the Physical Functioning and Health of Older Adults Receiving Home and Community-Based Services.,2017,Aging and society : an interdisciplinary journal,https://pubmed.ncbi.nlm.nih.gov/27695646/,pmc_fulltext_available,pmc_fulltext_mined_not_numeric_extracted,community,resistance,exercise_only,data\raw\pmc_fulltext\PMC5042153.xml,Dr Chandrakala D,Dr Siddalingaiah H S,Joint consensus,,,,
FRAIL-083,27178766,PMC5351552,10.1016/j.cct.2016.05.001,Identifying effective and feasible interventions to accelerate functional recovery from hospitalization in older adults: A randomized controlled pilot trial.,2016,Contemporary clinical trials,https://pubmed.ncbi.nlm.nih.gov/27178766/,pmc_fulltext_available,pmc_fulltext_mined_not_numeric_extracted,community,resistance;nutrition,exercise_plus_nutrition,data\raw\pmc_fulltext\PMC5351552.xml,Dr Siddalingaiah H S,Dr Chandrakala D,Joint consensus,,,,
FRAIL-084,27175793,PMC4866031,10.1186/s12877-016-0277-3,The effects of a life goal-setting technique in a preventive care program for frail community-dwelling older people: a cluster nonrandomized controlled trial.,2016,BMC geriatrics,https://pubmed.ncbi.nlm.nih.gov/27175793/,pmc_fulltext_available,pmc_fulltext_mined_not_numeric_extracted,community,balance;nutrition;digital_home,exercise_plus_nutrition,data\raw\pmc_fulltext\PMC4866031.xml,Dr Chandrakala D,Dr Siddalingaiah H S,Joint consensus,,,,
FRAIL-085,26786203,PMC5018561,10.1093/gerona/glv210,"Improved Function With Enhanced Protein Intake per Meal: A Pilot Study of Weight Reduction in Frail, Obese Older Adults.",2016,"The journals of gerontology. Series A, Biological sciences and medical sciences",https://pubmed.ncbi.nlm.nih.gov/26786203/,pmc_fulltext_available,pmc_fulltext_mined_not_numeric_extracted,unclear,nutrition;digital_home,nutrition_only,data\raw\pmc_fulltext\PMC5018561.xml,Dr Siddalingaiah H S,Dr Chandrakala D,Joint consensus,,,,
FRAIL-086,26201510,PMC4511529,10.1136/bmj.h3830,Effectiveness of two year balance training programme on prevention of fall induced injuries in at risk women aged 75-85 living in community: Ossébo randomised controlled trial.,2015,BMJ (Clinical research ed.),https://pubmed.ncbi.nlm.nih.gov/26201510/,pmc_fulltext_available,pmc_fulltext_mined_not_numeric_extracted,community,balance;nutrition,exercise_plus_nutrition,data\raw\pmc_fulltext\PMC4511529.xml,Dr Chandrakala D,Dr Siddalingaiah H S,Joint consensus,,,,
FRAIL-087,25887235,PMC4334409,10.1186/s12877-015-0002-7,MultiComponent Exercise and theRApeutic lifeStyle (CERgAS) intervention to improve physical performance and maintain independent living among urban poor older people--a cluster randomised controlled trial.,2015,BMC geriatrics,https://pubmed.ncbi.nlm.nih.gov/25887235/,pmc_fulltext_available,pmc_fulltext_mined_not_numeric_extracted,community,multicomponent_exercise;nutrition;multidomain,multidomain_exercise_nutrition,data\raw\pmc_fulltext\PMC4334409.xml,Dr Siddalingaiah H S,Dr Chandrakala D,Joint consensus,,,,
FRAIL-088,25659147,PMC4319727,10.1371/journal.pone.0116256,"Effects of exercise and milk fat globule membrane (MFGM) supplementation on body composition, physical function, and hematological parameters in community-dwelling frail Japanese women: a randomized double blind, placebo-controlled, follow-up trial.",2015,PloS one,https://pubmed.ncbi.nlm.nih.gov/25659147/,pmc_fulltext_available,pmc_fulltext_mined_not_numeric_extracted,community,resistance;aerobic_walking;nutrition;multidomain,multidomain_exercise_nutrition,data\raw\pmc_fulltext\PMC4319727.xml,Dr Chandrakala D,Dr Siddalingaiah H S,Joint consensus,,,,
FRAIL-089,25387728,PMC4311184,10.1093/gerona/glu099,A physical activity intervention to treat the frailty syndrome in older persons-results from the LIFE-P study.,2015,"The journals of gerontology. Series A, Biological sciences and medical sciences",https://pubmed.ncbi.nlm.nih.gov/25387728/,pmc_fulltext_available,pmc_fulltext_mined_not_numeric_extracted,community,resistance;multidomain,multidomain,data\raw\pmc_fulltext\PMC4311184.xml,Dr Siddalingaiah H S,Dr Chandrakala D,Joint consensus,,,,
FRAIL-090,24951180,PMC4080753,10.1186/1471-2318-14-78,An individually-tailored multifactorial intervention program for older fallers in a middle-income developing country: Malaysian Falls Assessment and Intervention Trial (MyFAIT).,2014,BMC geriatrics,https://pubmed.ncbi.nlm.nih.gov/24951180/,pmc_fulltext_available,pmc_fulltext_mined_not_numeric_extracted,community,balance;digital_home;multidomain,multidomain,data\raw\pmc_fulltext\PMC4080753.xml,Dr Chandrakala D,Dr Siddalingaiah H S,Joint consensus,,,,
FRAIL-091,24742587,PMC4146519,10.1093/ageing/afu033,The Home-based Older People's Exercise (HOPE) trial: a pilot randomised controlled trial of a home-based exercise intervention for older people with frailty.,2014,Age and ageing,https://pubmed.ncbi.nlm.nih.gov/24742587/,pmc_fulltext_available,pmc_fulltext_mined_not_numeric_extracted,home,digital_home,digital_home_unclear_intervention,data\raw\pmc_fulltext\PMC4146519.xml,Dr Siddalingaiah H S,Dr Chandrakala D,Joint consensus,,,,
FRAIL-092,23009149,PMC3490887,10.1186/1471-2318-12-58,A pilot randomized controlled trial to improve geriatric frailty.,2012,BMC geriatrics,https://pubmed.ncbi.nlm.nih.gov/23009149/,pmc_fulltext_available,pmc_fulltext_mined_not_numeric_extracted,community,nutrition;digital_home,nutrition_only,data\raw\pmc_fulltext\PMC3490887.xml,Dr Chandrakala D,Dr Siddalingaiah H S,Joint consensus,,,,
FRAIL-093,22499461,PMC12878082,10.1007/s12603-011-0352-6,Efficacy of a home-based intervention programme on the physical activity level and functional ability of older people using domestic services: a randomised study.,2012,"The journal of nutrition, health & aging",https://pubmed.ncbi.nlm.nih.gov/22499461/,pmc_fulltext_available,pmc_fulltext_mined_not_numeric_extracted,home,balance;aerobic_walking;nutrition;digital_home,exercise_plus_nutrition,data\raw\pmc_fulltext\PMC12878082.xml,Dr Siddalingaiah H S,Dr Chandrakala D,Joint consensus,,,,
FRAIL-094,21449785,PMC3114602,10.1056/NEJMoa1008234,"Weight loss, exercise, or both and physical function in obese older adults.",2011,The New England journal of medicine,https://pubmed.ncbi.nlm.nih.gov/21449785/,pmc_fulltext_available,pmc_fulltext_mined_not_numeric_extracted,unclear,resistance;balance;digital_home,exercise_only,data\raw\pmc_fulltext\PMC3114602.xml,Dr Chandrakala D,Dr Siddalingaiah H S,Joint consensus,,,,
FRAIL-095,18364384,PMC2435639,10.1210/jc.2007-1473,Effect of weight loss and exercise therapy on bone metabolism and mass in obese older adults: a one-year randomized controlled trial.,2008,The Journal of clinical endocrinology and metabolism,https://pubmed.ncbi.nlm.nih.gov/18364384/,pmc_fulltext_available,pmc_fulltext_mined_not_numeric_extracted,unclear,balance;multidomain,multidomain,data\raw\pmc_fulltext\PMC2435639.xml,Dr Siddalingaiah H S,Dr Chandrakala D,Joint consensus,,,,
FRAIL-096,42066553,,10.1016/j.ijnurstu.2026.105549,"Effects of pickleball on pre-frailty, physical fitness, 24-hour movement behaviors, and quality of life in older adults: A randomized controlled trial.",2026,International journal of nursing studies,https://pubmed.ncbi.nlm.nih.gov/42066553/,publisher_or_library_fulltext_required,not_fulltext_mined,community,multidomain,multidomain,,Dr Chandrakala D,Dr Siddalingaiah H S,Joint consensus,,,,
FRAIL-097,41805014,,10.1177/1096620X261430172,Fermented Whey Protein Supplement Slows the Progression of Frailty and Sarcopenia Among Older Korean Adults: A Randomized Blinded Trial.,2026,Journal of medicinal food,https://pubmed.ncbi.nlm.nih.gov/41805014/,publisher_or_library_fulltext_required,not_fulltext_mined,community,resistance;nutrition,exercise_plus_nutrition,,Dr Siddalingaiah H S,Dr Chandrakala D,Joint consensus,,,,
FRAIL-098,41397660,,10.1016/j.exger.2025.113002,Strength but not power training increases soluble alpha klotho levels in pre-frail older adults.,2026,Experimental gerontology,https://pubmed.ncbi.nlm.nih.gov/41397660/,publisher_or_library_fulltext_required,not_fulltext_mined,community,resistance;nutrition;digital_home,exercise_plus_nutrition,,Dr Chandrakala D,Dr Siddalingaiah H S,Joint consensus,,,,
FRAIL-099,41386386,,10.1016/j.exger.2025.112995,The effect of exercise and soy protein intake on physical frailty score improvement in community-dwelling elderly: a randomized controlled trial.,2026,Experimental gerontology,https://pubmed.ncbi.nlm.nih.gov/41386386/,publisher_or_library_fulltext_required,not_fulltext_mined,community,resistance;aerobic_walking;multicomponent_exercise;nutrition,exercise_plus_nutrition,,Dr Siddalingaiah H S,Dr Chandrakala D,Joint consensus,,,,
FRAIL-100,41190491,,10.1177/01939459251384714,Impacts of (Pre-)Social Frailty on the Effectiveness of a Theory-Driven Exercise Intervention Among Community-Dwelling (Pre-)Physically Frail Older Adults.,2026,Western journal of nursing research,https://pubmed.ncbi.nlm.nih.gov/41190491/,publisher_or_library_fulltext_required,not_fulltext_mined,community,balance,exercise_only,,Dr Chandrakala D,Dr Siddalingaiah H S,Joint consensus,,,,
FRAIL-101,39731555,,10.1080/07317115.2024.2447829,Impacts of Depressive Symptoms on the Effectiveness of a Theory-Driven Exercise Intervention Among Community-Dwelling (Pre)frail Older Adults.,2026,Clinical gerontologist,https://pubmed.ncbi.nlm.nih.gov/39731555/,publisher_or_library_fulltext_required,not_fulltext_mined,community,resistance;balance;digital_home,exercise_only,,Dr Siddalingaiah H S,Dr Chandrakala D,Joint consensus,,,,
FRAIL-102,41103092,,10.1080/21551197.2025.2572678,Nutritional Guidance Decreases the Prevalence of Frailty Among Older Caregivers.,2025,Journal of nutrition in gerontology and geriatrics,https://pubmed.ncbi.nlm.nih.gov/41103092/,publisher_or_library_fulltext_required,not_fulltext_mined,unclear,nutrition;multidomain,multidomain,,Dr Chandrakala D,Dr Siddalingaiah H S,Joint consensus,,,,
FRAIL-103,40977239,,10.1071/PY24197,Effect of a combined exercise and nutrition program on sarcopenia in older adults: a randomised controlled trial in primary care.,2025,Australian journal of primary health,https://pubmed.ncbi.nlm.nih.gov/40977239/,publisher_or_library_fulltext_required,not_fulltext_mined,primary_care,resistance;multicomponent_exercise;nutrition;multidomain,multidomain_exercise_nutrition,,Dr Siddalingaiah H S,Dr Chandrakala D,Joint consensus,,,,
FRAIL-104,40616927,,10.1016/j.gerinurse.2025.103457,Effects of a nurse-led health coaching program to prevent frailty in prefrail older women: A randomized controlled trial.,2025,"Geriatric nursing (New York, N.Y.)",https://pubmed.ncbi.nlm.nih.gov/40616927/,publisher_or_library_fulltext_required,not_fulltext_mined,community,resistance;nutrition,exercise_plus_nutrition,,Dr Chandrakala D,Dr Siddalingaiah H S,Joint consensus,,,,
FRAIL-105,40147475,,10.1016/j.lanhl.2025.100695,"Metformin and physical performance in older people with probable sarcopenia and physical prefrailty or frailty in England (MET-PREVENT): a double-blind, randomised, placebo-controlled trial.",2025,The lancet. Healthy longevity,https://pubmed.ncbi.nlm.nih.gov/40147475/,publisher_or_library_fulltext_required,not_fulltext_mined,primary_care,resistance;balance,exercise_only,,Dr Siddalingaiah H S,Dr Chandrakala D,Joint consensus,,,,
FRAIL-106,40121126,,10.1016/j.jagp.2025.02.014,"Improvements in Depressive Symptoms, Perceived Social Support, and Quality of Life Through an Educational Program in Community-Dwelling Older Adults With Frailty Phenotype: A Randomized Controlled Trial of the FRAGSALUD Project.",2025,The American journal of geriatric psychiatry : official journal of the American Association for Geriatric Psychiatry,https://pubmed.ncbi.nlm.nih.gov/40121126/,publisher_or_library_fulltext_required,not_fulltext_mined,community,nutrition,nutrition_only,,Dr Chandrakala D,Dr Siddalingaiah H S,Joint consensus,,,,
FRAIL-107,40024357,,10.1016/j.physbeh.2025.114868,"Examining the impact of 28-week multicomponent and strength exercises on brain health, salivary stress, and mental well-being in frail older women: A controlled trial analysis.",2025,Physiology & behavior,https://pubmed.ncbi.nlm.nih.gov/40024357/,publisher_or_library_fulltext_required,not_fulltext_mined,unclear,resistance;multicomponent_exercise,multicomponent_exercise,,Dr Siddalingaiah H S,Dr Chandrakala D,Joint consensus,,,,
FRAIL-108,39798411,,10.1016/j.gerinurse.2024.12.010,Effects of interactive boxing-cycling on dual-task walking and prefrontal cortex activation in older adults with cognitive frailty: A randomized controlled trial.,2025,"Geriatric nursing (New York, N.Y.)",https://pubmed.ncbi.nlm.nih.gov/39798411/,publisher_or_library_fulltext_required,not_fulltext_mined,unclear,aerobic_walking,exercise_only,,Dr Chandrakala D,Dr Siddalingaiah H S,Joint consensus,,,,
FRAIL-109,39736420,,10.1016/j.exger.2024.112670,Effects of the Vivifrail-B multicomponent exercise program based on society ecosystems theory on physical function in community-dwelling frail older adults: A randomized controlled trial.,2025,Experimental gerontology,https://pubmed.ncbi.nlm.nih.gov/39736420/,publisher_or_library_fulltext_required,not_fulltext_mined,community,resistance;multicomponent_exercise,multicomponent_exercise,,Dr Siddalingaiah H S,Dr Chandrakala D,Joint consensus,,,,
FRAIL-110,39626407,,10.1016/j.physio.2024.101449,Acceptability and utility of a broad test battery to evaluate physical functioning and frailty in community-based settings for people experiencing homelessness and addiction-Findings from the LEAP trials.,2025,Physiotherapy,https://pubmed.ncbi.nlm.nih.gov/39626407/,publisher_or_library_fulltext_required,not_fulltext_mined,community,balance;aerobic_walking,exercise_only,,Dr Chandrakala D,Dr Siddalingaiah H S,Joint consensus,,,,
FRAIL-111,39561465,,10.1016/j.maturitas.2024.108151,Effect of a home-based exercise program on subsequent falls among community-dwelling older adults with cognitive frailty: A sub-group analysis of a randomized controlled trial.,2025,Maturitas,https://pubmed.ncbi.nlm.nih.gov/39561465/,publisher_or_library_fulltext_required,not_fulltext_mined,home,balance;digital_home,exercise_only,,Dr Siddalingaiah H S,Dr Chandrakala D,Joint consensus,,,,
FRAIL-112,39500251,,10.1016/j.ijnurstu.2024.104933,Effectiveness of a theory-underpinning exercise intervention among community-dwelling (pre)frail older adults: A stepped-wedge cluster-randomized trial.,2025,International journal of nursing studies,https://pubmed.ncbi.nlm.nih.gov/39500251/,publisher_or_library_fulltext_required,not_fulltext_mined,community,resistance;balance;digital_home,exercise_only,,Dr Chandrakala D,Dr Siddalingaiah H S,Joint consensus,,,,
FRAIL-113,39647881,,10.3143/geriatrics.61.447,[The difference in effect between individual exercise and collective exercise in older adults with frailty-A randomized controlled trial].,2024,Nihon Ronen Igakkai zasshi. Japanese journal of geriatrics,https://pubmed.ncbi.nlm.nih.gov/39647881/,publisher_or_library_fulltext_required,not_fulltext_mined,unclear,resistance;aerobic_walking;multicomponent_exercise,multicomponent_exercise,,Dr Siddalingaiah H S,Dr Chandrakala D,Joint consensus,,,,
FRAIL-114,39182446,,10.1016/j.jpsychires.2024.08.029,Impacts of subjective cognitive decline and mild cognitive impairment on the effectiveness of an exercise intervention among community-dwelling (Pre)frail older adults.,2024,Journal of psychiatric research,https://pubmed.ncbi.nlm.nih.gov/39182446/,publisher_or_library_fulltext_required,not_fulltext_mined,community,balance,exercise_only,,Dr Chandrakala D,Dr Siddalingaiah H S,Joint consensus,,,,
FRAIL-115,39166366,,10.1111/ggi.14960,"Correction to ""Effect of cholecalciferol supplementation on hand grip strength, walking speed, and expression of vitamin D receptor, interleukin-6, and insulin-like growth factor-1 in monocyte in pre-frail older adults: A randomized double-blind placebo-controlled trial"".",2024,Geriatrics & gerontology international,https://pubmed.ncbi.nlm.nih.gov/39166366/,publisher_or_library_fulltext_required,not_fulltext_mined,unclear,resistance;aerobic_walking;nutrition,exercise_plus_nutrition,,Dr Siddalingaiah H S,Dr Chandrakala D,Joint consensus,,,,
FRAIL-116,38727090,,10.1111/appy.12556,Changes in cognitive function after a 12-week POWER rehabilitation in older adults with schizophrenia and frailty.,2024,Asia-Pacific psychiatry : official journal of the Pacific Rim College of Psychiatrists,https://pubmed.ncbi.nlm.nih.gov/38727090/,publisher_or_library_fulltext_required,not_fulltext_mined,unclear,resistance;aerobic_walking,exercise_only,,Dr Chandrakala D,Dr Siddalingaiah H S,Joint consensus,,,,
FRAIL-117,38691121,,10.3928/00989134-20240416-04,"Effectiveness of Resistance Band Use in Conjunction With Tai Chi Among Older Adults With Prefrailty to Improve Functional Fitness, Quality of Life, and Heart Rate Variability.",2024,Journal of gerontological nursing,https://pubmed.ncbi.nlm.nih.gov/38691121/,publisher_or_library_fulltext_required,not_fulltext_mined,unclear,resistance;balance;mind_body,exercise_only,,Dr Siddalingaiah H S,Dr Chandrakala D,Joint consensus,,,,
FRAIL-118,38479253,,10.1016/j.rehab.2024.101819,Interactive boxing-cycling on frailty and activity limitations in frail and prefrail older adults: A randomized controlled trial.,2024,Annals of physical and rehabilitation medicine,https://pubmed.ncbi.nlm.nih.gov/38479253/,publisher_or_library_fulltext_required,not_fulltext_mined,unclear,resistance;aerobic_walking,exercise_only,,Dr Chandrakala D,Dr Siddalingaiah H S,Joint consensus,,,,
FRAIL-119,38430497,,,Verification of the Effects of a YouTube-Based Home-Based (Self-Managed Intervention) Training System Developed for Frailty Prevention: A Pilot Study.,2024,Journal of allied health,https://pubmed.ncbi.nlm.nih.gov/38430497/,publisher_or_library_fulltext_required,not_fulltext_mined,home,resistance;balance;digital_home,exercise_only,,Dr Siddalingaiah H S,Dr Chandrakala D,Joint consensus,,,,
FRAIL-120,38251739,,10.1093/ageing/afad253,Response rates and associated factors after a multicomponent intervention in frail older adults with diabetes.,2024,Age and ageing,https://pubmed.ncbi.nlm.nih.gov/38251739/,publisher_or_library_fulltext_required,not_fulltext_mined,primary_care,resistance;multicomponent_exercise;nutrition,exercise_plus_nutrition,,Dr Chandrakala D,Dr Siddalingaiah H S,Joint consensus,,,,
FRAIL-121,37997084,,10.1016/S0140-6736(23)02071-8,Enabling health and maintaining independence for older people at home (HomeHealth trial): a multicentre randomised controlled trial.,2023,"Lancet (London, England)",https://pubmed.ncbi.nlm.nih.gov/37997084/,publisher_or_library_fulltext_required,not_fulltext_mined,primary_care,nutrition;digital_home,nutrition_only,,Dr Siddalingaiah H S,Dr Chandrakala D,Joint consensus,,,,
FRAIL-122,37026833,,10.1097/PHM.0000000000002246,Effects of Exercise Interventions on Physical Performance and Activities of Daily Living in Oldest-Old and Frail Older Adults: A Review of the Literature.,2023,American journal of physical medicine & rehabilitation,https://pubmed.ncbi.nlm.nih.gov/37026833/,publisher_or_library_fulltext_required,not_fulltext_mined,community,resistance;balance;aerobic_walking;multicomponent_exercise,multicomponent_exercise,,Dr Chandrakala D,Dr Siddalingaiah H S,Joint consensus,,,,
FRAIL-123,36849160,,10.1093/ageing/afad012,Building resilience and reversing frailty: a randomised controlled trial of a primary care intervention for older adults.,2023,Age and ageing,https://pubmed.ncbi.nlm.nih.gov/36849160/,publisher_or_library_fulltext_required,not_fulltext_mined,primary_care,resistance;nutrition;digital_home,exercise_plus_nutrition,,Dr Siddalingaiah H S,Dr Chandrakala D,Joint consensus,,,,
FRAIL-124,36629088,,10.14283/jfa.2022.48,"Effects of Vitamin D, Omega-3 Fatty Acids and a Home Exercise Program on Prevention of Pre-Frailty in Older Adults: The DO-HEALTH Randomized Clinical Trial.",2023,The Journal of frailty & aging,https://pubmed.ncbi.nlm.nih.gov/36629088/,publisher_or_library_fulltext_required,not_fulltext_mined,community,nutrition,nutrition_only,,Dr Chandrakala D,Dr Siddalingaiah H S,Joint consensus,,,,
FRAIL-125,34417416,,10.1519/JPT.0000000000000326,Effectiveness of a Supervised Group-Based Otago Exercise Program on Functional Performance in Frail Institutionalized Older Adults: A Multicenter Randomized Controlled Trial.,2023,Journal of geriatric physical therapy (2001),https://pubmed.ncbi.nlm.nih.gov/34417416/,publisher_or_library_fulltext_required,not_fulltext_mined,unclear,resistance;balance;aerobic_walking;multicomponent_exercise;nutrition;digital_home,exercise_plus_nutrition,,Dr Siddalingaiah H S,Dr Chandrakala D,Joint consensus,,,,
FRAIL-126,36037722,,10.1016/j.archger.2022.104792,Resistance training-induced improvement in physical function is not associated to changes in endocrine somatotropic activity in prefrail older adults.,2022,Archives of gerontology and geriatrics,https://pubmed.ncbi.nlm.nih.gov/36037722/,publisher_or_library_fulltext_required,not_fulltext_mined,community,resistance;nutrition,exercise_plus_nutrition,,Dr Chandrakala D,Dr Siddalingaiah H S,Joint consensus,,,,
FRAIL-127,34283997,,10.1016/j.apmr.2021.06.017,"Effect of 12-Month Supervised, Home-Based Physical Exercise on Functioning Among Persons With Signs of Frailty: A Randomized Controlled Trial.",2021,Archives of physical medicine and rehabilitation,https://pubmed.ncbi.nlm.nih.gov/34283997/,publisher_or_library_fulltext_required,not_fulltext_mined,home,resistance;balance;digital_home,exercise_only,,Dr Siddalingaiah H S,Dr Chandrakala D,Joint consensus,,,,
FRAIL-128,33975304,,10.1159/000514676,Reinforcement Effects of Social Network Intervention during Nutritional Supplementation in Frail Older Adults.,2021,Gerontology,https://pubmed.ncbi.nlm.nih.gov/33975304/,publisher_or_library_fulltext_required,not_fulltext_mined,community,nutrition,nutrition_only,,Dr Chandrakala D,Dr Siddalingaiah H S,Joint consensus,,,,
FRAIL-129,33691612,,10.1080/21551197.2021.1886222,A Randomized Controlled Pilot Exercise and Protein Effectiveness Supplementation Study (EXPRESS) on Reducing Frailty Risk in Community-Dwelling Older People.,2021,Journal of nutrition in gerontology and geriatrics,https://pubmed.ncbi.nlm.nih.gov/33691612/,publisher_or_library_fulltext_required,not_fulltext_mined,community,resistance;multicomponent_exercise;nutrition,exercise_plus_nutrition,,Dr Siddalingaiah H S,Dr Chandrakala D,Joint consensus,,,,
FRAIL-130,33128790,,10.1111/joor.13122,Improvement of oral hypofunction by a comprehensive oral and physical exercise programme including textured lunch gatherings.,2021,Journal of oral rehabilitation,https://pubmed.ncbi.nlm.nih.gov/33128790/,publisher_or_library_fulltext_required,not_fulltext_mined,community,resistance;aerobic_walking;nutrition,exercise_plus_nutrition,,Dr Chandrakala D,Dr Siddalingaiah H S,Joint consensus,,,,
FRAIL-131,32858228,,10.1016/j.cct.2020.106124,DO-HEALTH: Vitamin D3 - Omega-3 - Home exercise - Healthy aging and longevity trial - Design of a multinational clinical trial on healthy aging among European seniors.,2021,Contemporary clinical trials,https://pubmed.ncbi.nlm.nih.gov/32858228/,publisher_or_library_fulltext_required,not_fulltext_mined,community,resistance;balance;nutrition,exercise_plus_nutrition,,Dr Siddalingaiah H S,Dr Chandrakala D,Joint consensus,,,,
FRAIL-132,32443963,,10.1089/rej.2020.2302,Perceptive-Cognitive and Physical Function in Prefrail Older Adults: Exergaming Versus Traditional Multicomponent Training.,2021,Rejuvenation research,https://pubmed.ncbi.nlm.nih.gov/32443963/,publisher_or_library_fulltext_required,not_fulltext_mined,unclear,resistance;balance;multicomponent_exercise;digital_home,multicomponent_exercise,,Dr Chandrakala D,Dr Siddalingaiah H S,Joint consensus,,,,
FRAIL-133,31706917,,10.1016/j.jamda.2019.08.024,Effects of a Multicomponent Frailty Prevention Program in Prefrail Community-Dwelling Older Persons: A Randomized Controlled Trial.,2020,Journal of the American Medical Directors Association,https://pubmed.ncbi.nlm.nih.gov/31706917/,publisher_or_library_fulltext_required,not_fulltext_mined,community,resistance;balance;aerobic_walking;multicomponent_exercise,multicomponent_exercise,,Dr Siddalingaiah H S,Dr Chandrakala D,Joint consensus,,,,
FRAIL-134,30528641,,10.1016/j.exger.2018.11.022,Effect of a short multicomponent exercise intervention focused on muscle power in frail and pre frail elderly: A pilot trial.,2019,Experimental gerontology,https://pubmed.ncbi.nlm.nih.gov/30528641/,publisher_or_library_fulltext_required,not_fulltext_mined,unclear,resistance;aerobic_walking;multicomponent_exercise,multicomponent_exercise,,Dr Chandrakala D,Dr Siddalingaiah H S,Joint consensus,,,,
FRAIL-135,29395372,,10.1016/j.clnu.2017.12.020,"A high whey protein, vitamin D and E supplement preserves muscle mass, strength, and quality of life in sarcopenic older adults: A double-blind randomized controlled trial.",2019,"Clinical nutrition (Edinburgh, Scotland)",https://pubmed.ncbi.nlm.nih.gov/29395372/,publisher_or_library_fulltext_required,not_fulltext_mined,unclear,resistance;balance;nutrition,exercise_plus_nutrition,,Dr Siddalingaiah H S,Dr Chandrakala D,Joint consensus,,,,
FRAIL-136,29381526,,10.1519/JPT.0000000000000155,The Modified Otago Exercises Prevent Grip Strength Deterioration Among Older Fallers in the Malaysian Falls Assessment and Intervention Trial (MyFAIT).,2019,Journal of geriatric physical therapy (2001),https://pubmed.ncbi.nlm.nih.gov/29381526/,publisher_or_library_fulltext_required,not_fulltext_mined,unclear,resistance;balance,exercise_only,,Dr Chandrakala D,Dr Siddalingaiah H S,Joint consensus,,,,
FRAIL-137,30328470,,10.2340/16501977-2490,Effect of respiratory rehabilitation for frail older patients with musculoskeletal disorders: a randomized controlled trial.,2018,Journal of rehabilitation medicine,https://pubmed.ncbi.nlm.nih.gov/30328470/,publisher_or_library_fulltext_required,not_fulltext_mined,community,resistance,exercise_only,,Dr Siddalingaiah H S,Dr Chandrakala D,Joint consensus,,,,
FRAIL-138,30053278,,10.1093/jn/nxy024,Cholecalciferol or 25-Hydroxycholecalciferol Supplementation Does Not Affect Muscle Strength and Physical Performance in Prefrail and Frail Older Adults.,2018,The Journal of nutrition,https://pubmed.ncbi.nlm.nih.gov/30053278/,publisher_or_library_fulltext_required,not_fulltext_mined,community,resistance;nutrition,exercise_plus_nutrition,,Dr Chandrakala D,Dr Siddalingaiah H S,Joint consensus,,,,
FRAIL-139,29455058,,10.1016/j.archger.2018.02.005,Physical activity combined with resistance training reduces symptoms of frailty in older adults: A randomized controlled trial.,2018,Archives of gerontology and geriatrics,https://pubmed.ncbi.nlm.nih.gov/29455058/,publisher_or_library_fulltext_required,not_fulltext_mined,community,resistance,exercise_only,,Dr Siddalingaiah H S,Dr Chandrakala D,Joint consensus,,,,
FRAIL-140,29183035,,10.1159/000484663,User-Oriented Evaluation of a Robotic Rollator That Provides Navigation Assistance in Frail Older Adults with and without Cognitive Impairment.,2018,Gerontology,https://pubmed.ncbi.nlm.nih.gov/29183035/,publisher_or_library_fulltext_required,not_fulltext_mined,unclear,aerobic_walking,exercise_only,,Dr Chandrakala D,Dr Siddalingaiah H S,Joint consensus,,,,
FRAIL-141,28064172,,10.1093/ageing/afw242,Effectiveness of an intervention to prevent frailty in pre-frail community-dwelling older people consulting in primary care: a randomised controlled trial.,2017,Age and ageing,https://pubmed.ncbi.nlm.nih.gov/28064172/,publisher_or_library_fulltext_required,not_fulltext_mined,primary_care,resistance;balance;aerobic_walking;nutrition,exercise_plus_nutrition,,Dr Siddalingaiah H S,Dr Chandrakala D,Joint consensus,,,,
FRAIL-142,27993489,,10.1016/j.jphys.2016.11.007,A multifactorial intervention for frail older people is more than twice as effective among those who are compliant: complier average causal effect analysis of a randomised trial.,2017,Journal of physiotherapy,https://pubmed.ncbi.nlm.nih.gov/27993489/,publisher_or_library_fulltext_required,not_fulltext_mined,community,unclear,unclear,,Dr Chandrakala D,Dr Siddalingaiah H S,Joint consensus,,,,
FRAIL-143,27588891,,10.1016/j.archger.2016.08.009,Fear of falling reduced by a lay led home-based program in frail community-dwelling older adults: A randomised controlled trial.,2017,Archives of gerontology and geriatrics,https://pubmed.ncbi.nlm.nih.gov/27588891/,publisher_or_library_fulltext_required,not_fulltext_mined,home,resistance;balance;nutrition;digital_home,exercise_plus_nutrition,,Dr Siddalingaiah H S,Dr Chandrakala D,Joint consensus,,,,
FRAIL-144,27138245,,10.1111/ggi.12795,Effects of an integrated health education and elastic band resistance training program on physical function and muscle strength in community-dwelling elderly women: Healthy Aging and Happy Aging II study.,2017,Geriatrics & gerontology international,https://pubmed.ncbi.nlm.nih.gov/27138245/,publisher_or_library_fulltext_required,not_fulltext_mined,community,resistance;digital_home,exercise_only,,Dr Chandrakala D,Dr Siddalingaiah H S,Joint consensus,,,,
FRAIL-145,26947059,,10.1016/j.jamda.2016.01.019,"A Multicomponent Exercise Intervention that Reverses Frailty and Improves Cognition, Emotion, and Social Networking in the Community-Dwelling Frail Elderly: A Randomized Clinical Trial.",2016,Journal of the American Medical Directors Association,https://pubmed.ncbi.nlm.nih.gov/26947059/,publisher_or_library_fulltext_required,not_fulltext_mined,primary_care,resistance;aerobic_walking;multicomponent_exercise;nutrition,exercise_plus_nutrition,,Dr Siddalingaiah H S,Dr Chandrakala D,Joint consensus,,,,
FRAIL-146,27032052,,10.14283/jfa.2015.49,Nutrition and Frailty: A Review of Clinical Intervention Studies.,2015,The Journal of frailty & aging,https://pubmed.ncbi.nlm.nih.gov/27032052/,publisher_or_library_fulltext_required,not_fulltext_mined,unclear,resistance;aerobic_walking;nutrition,exercise_plus_nutrition,,Dr Chandrakala D,Dr Siddalingaiah H S,Joint consensus,,,,
FRAIL-147,26663424,,10.1111/jgs.13834,Cost-Effectiveness of a Chronic Care Model for Frail Older Adults in Primary Care: Economic Evaluation Alongside a Stepped-Wedge Cluster-Randomized Trial.,2015,Journal of the American Geriatrics Society,https://pubmed.ncbi.nlm.nih.gov/26663424/,publisher_or_library_fulltext_required,not_fulltext_mined,primary_care,multidomain,multidomain,,Dr Siddalingaiah H S,Dr Chandrakala D,Joint consensus,,,,
FRAIL-148,26159634,,10.1016/j.amjmed.2015.06.017,"Nutritional, Physical, Cognitive, and Combination Interventions and Frailty Reversal Among Older Adults: A Randomized Controlled Trial.",2015,The American journal of medicine,https://pubmed.ncbi.nlm.nih.gov/26159634/,publisher_or_library_fulltext_required,not_fulltext_mined,community,resistance;balance;nutrition;digital_home,exercise_plus_nutrition,,Dr Chandrakala D,Dr Siddalingaiah H S,Joint consensus,,,,
FRAIL-149,25659620,,10.1016/j.jamda.2014.12.005,Effects of a combined physical training and nutrition intervention on physical performance and health-related quality of life in prefrail older women living in the community: a randomized controlled trial.,2015,Journal of the American Medical Directors Association,https://pubmed.ncbi.nlm.nih.gov/25659620/,publisher_or_library_fulltext_required,not_fulltext_mined,community,resistance;balance;aerobic_walking;multicomponent_exercise;nutrition;digital_home,exercise_plus_nutrition,,Dr Siddalingaiah H S,Dr Chandrakala D,Joint consensus,,,,
FRAIL-150,27049906,,10.14283/jfa.2014.13,Predicting the Efficacy of Protein-Energy Supplementation in Frail Older Adults Living in Community.,2014,The Journal of frailty & aging,https://pubmed.ncbi.nlm.nih.gov/27049906/,publisher_or_library_fulltext_required,not_fulltext_mined,community,nutrition,nutrition_only,,Dr Chandrakala D,Dr Siddalingaiah H S,Joint consensus,,,,
FRAIL-151,24381025,,10.1093/ageing/aft204,"Effect of a multifactorial, interdisciplinary intervention on risk factors for falls and fall rate in frail older people: a randomised controlled trial.",2014,Age and ageing,https://pubmed.ncbi.nlm.nih.gov/24381025/,publisher_or_library_fulltext_required,not_fulltext_mined,community,resistance;balance,exercise_only,,Dr Siddalingaiah H S,Dr Chandrakala D,Joint consensus,,,,
FRAIL-152,23906550,,10.1093/geront/gnt078,Physical function and fear of falling 2 years after the health-promoting randomized controlled trial: elderly persons in the risk zone.,2014,The Gerontologist,https://pubmed.ncbi.nlm.nih.gov/23906550/,publisher_or_library_fulltext_required,not_fulltext_mined,community,balance;aerobic_walking,exercise_only,,Dr Chandrakala D,Dr Siddalingaiah H S,Joint consensus,,,,
FRAIL-153,23740589,,10.1007/s40520-013-0048-3,The effect of functional circuit training on self-reported fear of falling and health status in a group of physically frail older individuals: a randomized controlled trial.,2013,Aging clinical and experimental research,https://pubmed.ncbi.nlm.nih.gov/23740589/,publisher_or_library_fulltext_required,not_fulltext_mined,community,resistance;balance,exercise_only,,Dr Siddalingaiah H S,Dr Chandrakala D,Joint consensus,,,,
FRAIL-154,23429407,,10.1097/MCO.0b013e32835f503f,Intentional weight loss in older adults: useful or wasting disease generating strategy?,2013,Current opinion in clinical nutrition and metabolic care,https://pubmed.ncbi.nlm.nih.gov/23429407/,publisher_or_library_fulltext_required,not_fulltext_mined,unclear,resistance;aerobic_walking;nutrition;digital_home,exercise_plus_nutrition,,Dr Chandrakala D,Dr Siddalingaiah H S,Joint consensus,,,,
FRAIL-155,22879453,,10.1093/gerona/gls167,Preventive effect of protein-energy supplementation on the functional decline of frail older adults with low socioeconomic status: a community-based randomized controlled study.,2013,"The journals of gerontology. Series A, Biological sciences and medical sciences",https://pubmed.ncbi.nlm.nih.gov/22879453/,publisher_or_library_fulltext_required,not_fulltext_mined,community,resistance;nutrition,exercise_plus_nutrition,,Dr Siddalingaiah H S,Dr Chandrakala D,Joint consensus,,,,
FRAIL-156,22744992,,10.1002/rnj.25,Wii-hab for pre-frail older adults.,2012,Rehabilitation nursing : the official journal of the Association of Rehabilitation Nurses,https://pubmed.ncbi.nlm.nih.gov/22744992/,publisher_or_library_fulltext_required,not_fulltext_mined,community,balance;digital_home,exercise_only,,Dr Chandrakala D,Dr Siddalingaiah H S,Joint consensus,,,,
FRAIL-157,20956842,,10.1123/japa.18.4.401,The effect of functional circuit training on physical frailty in frail older adults: a randomized controlled trial.,2010,Journal of aging and physical activity,https://pubmed.ncbi.nlm.nih.gov/20956842/,publisher_or_library_fulltext_required,not_fulltext_mined,community,resistance;balance,exercise_only,,Dr Siddalingaiah H S,Dr Chandrakala D,Joint consensus,,,,
FRAIL-158,20171455,,10.1016/S0167-4943(10)70011-X,"The effectiveness of a comprehensive geriatric assessment intervention program for frailty in community-dwelling older people: a randomized, controlled trial.",2010,Archives of gerontology and geriatrics,https://pubmed.ncbi.nlm.nih.gov/20171455/,publisher_or_library_fulltext_required,not_fulltext_mined,community,nutrition;digital_home;multidomain,multidomain,,Dr Chandrakala D,Dr Siddalingaiah H S,Joint consensus,,,,
FRAIL-159,20044155,,10.1016/j.archger.2009.12.001,Effects of a physical training and nutritional intervention program in frail elderly people regarding habitual physical activity level and activities of daily living--a randomized controlled pilot study.,2010,Archives of gerontology and geriatrics,https://pubmed.ncbi.nlm.nih.gov/20044155/,publisher_or_library_fulltext_required,not_fulltext_mined,home,aerobic_walking;nutrition;digital_home,exercise_plus_nutrition,,Dr Siddalingaiah H S,Dr Chandrakala D,Joint consensus,,,,
FRAIL-160,19394017,,10.1016/j.ijnurstu.2009.03.010,Comparison of three established measures of fear of falling in community-dwelling older adults: psychometric testing.,2009,International journal of nursing studies,https://pubmed.ncbi.nlm.nih.gov/19394017/,publisher_or_library_fulltext_required,not_fulltext_mined,community,balance;digital_home,exercise_only,,Dr Chandrakala D,Dr Siddalingaiah H S,Joint consensus,,,,
FRAIL-161,18804874,,10.1016/j.archger.2008.05.011,Comparison of 2-year effects of once and twice weekly water exercise on activities of daily living ability of community dwelling frail elderly.,2009,Archives of gerontology and geriatrics,https://pubmed.ncbi.nlm.nih.gov/18804874/,publisher_or_library_fulltext_required,not_fulltext_mined,community,resistance;aerobic_walking,exercise_only,,Dr Siddalingaiah H S,Dr Chandrakala D,Joint consensus,,,,
FRAIL-162,18608400,,10.1080/09638280701817552,Comparison two-year effects of once-weekly and twice-weekly water exercise on health-related quality of life of community-dwelling frail elderly people at a day-service facility.,2009,Disability and rehabilitation,https://pubmed.ncbi.nlm.nih.gov/18608400/,publisher_or_library_fulltext_required,not_fulltext_mined,community,resistance;aerobic_walking,exercise_only,,Dr Chandrakala D,Dr Siddalingaiah H S,Joint consensus,,,,
FRAIL-163,18431084,,10.1007/BF03324763,Effects of a physical and nutritional intervention program for frail elderly people over age 75. A randomized controlled pilot treatment trial.,2008,Aging clinical and experimental research,https://pubmed.ncbi.nlm.nih.gov/18431084/,publisher_or_library_fulltext_required,not_fulltext_mined,community,resistance;balance;aerobic_walking;nutrition,exercise_plus_nutrition,,Dr Siddalingaiah H S,Dr Chandrakala D,Joint consensus,,,,
FRAIL-164,17624483,,10.2340/16501977-0080,Feasibility and effectiveness of a nurse-led community exercise programme for prevention of falls among frail elderly people: a multi-centre controlled trial.,2007,Journal of rehabilitation medicine,https://pubmed.ncbi.nlm.nih.gov/17624483/,publisher_or_library_fulltext_required,not_fulltext_mined,home,balance;nutrition,exercise_plus_nutrition,,Dr Chandrakala D,Dr Siddalingaiah H S,Joint consensus,,,,
FRAIL-165,16813773,,10.1016/j.apmr.2006.04.005,Effects of exercise programs on falls and mobility in frail and pre-frail older adults: A multicenter randomized controlled trial.,2006,Archives of physical medicine and rehabilitation,https://pubmed.ncbi.nlm.nih.gov/16813773/,publisher_or_library_fulltext_required,not_fulltext_mined,unclear,balance;aerobic_walking;mind_body,exercise_only,,Dr Siddalingaiah H S,Dr Chandrakala D,Joint consensus,,,,
FRAIL-166,16636211,,10.1001/archinte.166.8.860,Effect of weight loss and exercise on frailty in obese older adults.,2006,Archives of internal medicine,https://pubmed.ncbi.nlm.nih.gov/16636211/,publisher_or_library_fulltext_required,not_fulltext_mined,unclear,resistance;balance;aerobic_walking;digital_home,exercise_only,,Dr Chandrakala D,Dr Siddalingaiah H S,Joint consensus,,,,
FRAIL-167,16510864,,10.1093/gerona/61.2.184,"The influence of intense Tai Chi training on physical performance and hemodynamic outcomes in transitionally frail, older adults.",2006,"The journals of gerontology. Series A, Biological sciences and medical sciences",https://pubmed.ncbi.nlm.nih.gov/16510864/,publisher_or_library_fulltext_required,not_fulltext_mined,unclear,balance;mind_body,exercise_only,,Dr Siddalingaiah H S,Dr Chandrakala D,Joint consensus,,,,
FRAIL-168,15241748,,10.1016/j.apmr.2003.10.021,A prehabilitation program for the prevention of functional decline: effect on higher-level physical function.,2004,Archives of physical medicine and rehabilitation,https://pubmed.ncbi.nlm.nih.gov/15241748/,publisher_or_library_fulltext_required,not_fulltext_mined,home,digital_home,digital_home_unclear_intervention,,Dr Chandrakala D,Dr Siddalingaiah H S,Joint consensus,,,,
FRAIL-169,14687360,,10.1046/j.1532-5415.2003.51566.x,Selected as the best paper in the 1990s: Reducing frailty and falls in older persons: an investigation of tai chi and computerized balance training.,2003,Journal of the American Geriatrics Society,https://pubmed.ncbi.nlm.nih.gov/14687360/,publisher_or_library_fulltext_required,not_fulltext_mined,community,resistance;balance;aerobic_walking;mind_body;digital_home,exercise_only,,Dr Siddalingaiah H S,Dr Chandrakala D,Joint consensus,,,,
FRAIL-170,12588571,,10.1046/j.1532-5415.2003.51101.x,"A randomized, controlled trial of quadriceps resistance exercise and vitamin D in frail older people: the Frailty Interventions Trial in Elderly Subjects (FITNESS).",2003,Journal of the American Geriatrics Society,https://pubmed.ncbi.nlm.nih.gov/12588571/,publisher_or_library_fulltext_required,not_fulltext_mined,home,resistance;balance;nutrition;digital_home,exercise_plus_nutrition,,Dr Chandrakala D,Dr Siddalingaiah H S,Joint consensus,,,,
FRAIL-171,12448161,,,[Physical training as treatment of reduced functional ability in frail 75+ year-olds living at home. A randomized intervention study in general practice with technological assessment elements].,2002,Ugeskrift for laeger,https://pubmed.ncbi.nlm.nih.gov/12448161/,publisher_or_library_fulltext_required,not_fulltext_mined,primary_care,resistance;balance;aerobic_walking;multicomponent_exercise,multicomponent_exercise,,Dr Siddalingaiah H S,Dr Chandrakala D,Joint consensus,,,,
FRAIL-172,12171453,,,"Benefits of nutritional supplementation in free-living, frail, undernourished elderly people: a prospective randomized community trial.",2002,Journal of the American Dietetic Association,https://pubmed.ncbi.nlm.nih.gov/12171453/,publisher_or_library_fulltext_required,not_fulltext_mined,community,resistance;nutrition;digital_home,exercise_plus_nutrition,,Dr Chandrakala D,Dr Siddalingaiah H S,Joint consensus,,,,
FRAIL-173,11427784,,10.1097/00005768-200106001-00028,Exercise dose-response effects on quality of life and independent living in older adults.,2001,Medicine and science in sports and exercise,https://pubmed.ncbi.nlm.nih.gov/11427784/,publisher_or_library_fulltext_required,not_fulltext_mined,unclear,resistance;aerobic_walking;digital_home,exercise_only,,Dr Siddalingaiah H S,Dr Chandrakala D,Joint consensus,,,,
FRAIL-174,11387588,,10.1053/apmr.2001.23278,"Physical exercise and/or enriched foods for functional improvement in frail, independently living elderly: a randomized controlled trial.",2001,Archives of physical medicine and rehabilitation,https://pubmed.ncbi.nlm.nih.gov/11387588/,publisher_or_library_fulltext_required,not_fulltext_mined,community,nutrition;digital_home,nutrition_only,,Dr Chandrakala D,Dr Siddalingaiah H S,Joint consensus,,,,
FRAIL-175,10968301,,10.1111/j.1532-5415.2000.tb06894.x,Attrition in an exercise intervention: a comparison of early and later dropouts.,2000,Journal of the American Geriatrics Society,https://pubmed.ncbi.nlm.nih.gov/10968301/,publisher_or_library_fulltext_required,not_fulltext_mined,community,aerobic_walking,exercise_only,,Dr Siddalingaiah H S,Dr Chandrakala D,Joint consensus,,,,
FRAIL-176,10896013,,10.1053/apmr.2000.4425,Low-intensity exercise as a modifier of physical frailty in older adults.,2000,Archives of physical medicine and rehabilitation,https://pubmed.ncbi.nlm.nih.gov/10896013/,publisher_or_library_fulltext_required,not_fulltext_mined,home,resistance;balance;digital_home,exercise_only,,Dr Chandrakala D,Dr Siddalingaiah H S,Joint consensus,,,,
FRAIL-177,10496549,,10.1093/gerona/54.8.m428,The relation between psychometric test performance and physical performance in older adults.,1999,"The journals of gerontology. Series A, Biological sciences and medical sciences",https://pubmed.ncbi.nlm.nih.gov/10496549/,publisher_or_library_fulltext_required,not_fulltext_mined,community,unclear,unclear,,Dr Siddalingaiah H S,Dr Chandrakala D,Joint consensus,,,,
FRAIL-178,10462167,,10.1093/gerona/54.7.m353,Peak aerobic power is an important component of physical performance in older women.,1999,"The journals of gerontology. Series A, Biological sciences and medical sciences",https://pubmed.ncbi.nlm.nih.gov/10462167/,publisher_or_library_fulltext_required,not_fulltext_mined,community,aerobic_walking,exercise_only,,Dr Chandrakala D,Dr Siddalingaiah H S,Joint consensus,,,,
FRAIL-179,8617895,,10.1111/j.1532-5415.1996.tb01432.x,Reducing frailty and falls in older persons: an investigation of Tai Chi and computerized balance training. Atlanta FICSIT Group. Frailty and Injuries: Cooperative Studies of Intervention Techniques.,1996,Journal of the American Geriatrics Society,https://pubmed.ncbi.nlm.nih.gov/8617895/,publisher_or_library_fulltext_required,not_fulltext_mined,community,resistance;balance;aerobic_walking;mind_body;digital_home,exercise_only,,Dr Siddalingaiah H S,Dr Chandrakala D,Joint consensus,,,,
