pmid,doi,title,year,journal,url,priority_reason,abstract,screen_decision,fulltext_priority,round2_decision,round2_reason,setting_code,component_code
41757200,10.64898/2026.02.12.26346203,A multi-layered approach to elucidate mechanisms of physical function in response to rehabilitation in heart failure with preserved ejection fraction.,2026,medRxiv : the preprint server for health sciences,https://pubmed.ncbi.nlm.nih.gov/41757200/,Implementation-relevant frailty RCT candidate,"Heart failure with preserved ejection fraction (HFpEF) is an increasingly common cause of morbidity and mortality in older adults that is driven by cardiac and non-cardiac mechanisms. Physical rehabilitation improves frailty and functional capacity in HFpEF, though underlying mechanisms remain less clear. We quantified >5,000 circulating proteins across two randomized clinical trials of rehabilitation in HFpEF (REHAB-HF, SECRET-II), identifying proteins associated with prognostic measures of physical function (short physical performance battery, 6-minute walk distance) and protein changes after rehabilitation. Using an artificial intelligence (AI)-enabled multiplex network analysis (MENTOR-IA), we identified biologically plausible networks central to this ""physical function proteome,"" including endothelial remodeling, mitochondrial metabolism, calcium handling, and immune modulation. Expression of prioritized proteins at the transcriptional level localized to heart, skeletal muscle, and brain tissue, with several cognate transcripts implicated in frailty via tissue-specific transcriptome-wide genetic association studies. In addition, using novel human genetic approaches, we implicated select proteins as mediating tissue-specific genetic effects on frailty. These findings motivated us to construct multi-protein signatures of physical function, which correlated with functional changes observed with rehabilitation in REHAB-HF and SECRET-II and that were associated with heart failure and multi-dimensional clinical outcomes in >26,000 individuals. These findings collectively delineate a multi-system molecular program underlying physical function impairment and rehabilitation response in HFpEF, offering insights into potential precision risk estimators and therapeutic targets for surveillance and promotion of physiologic resilience.",include_title_abs,A_primary_fulltext,exclude_or_hold,Preprint; not eligible for IJMR primary evidence unless later peer-reviewed,unclear,nutrition;digital_home
41812966,10.1016/j.ahj.2026.107420,Physical rehabilitation for older patients with acute HFpEF (REHAB-HFpEF) trial: Design and rationale.,2026,American heart journal,https://pubmed.ncbi.nlm.nih.gov/41812966/,Implementation-relevant frailty RCT candidate,"Older patients hospitalized for acute decompensated heart failure with preserved ejection fraction (HFpEF) experience persistently poor outcomes, including physical disability, cognitive impairment, depression, impaired health-related quality of life (HRQOL), rehospitalizations, loss of independence, and mortality. In our previous phase 2 REHAB-HF trial, an innovative physical rehabilitation intervention, delivered across three phases-inpatient, 12-week outpatient, and 3-month home-based maintenance-produced large improvements in physical function and HRQOL, with signals of reduced clinical events among patients with acute HFpEF. These findings provide a compelling rationale for a definitive, event-powered trial to evaluate clinical outcomes. Targeting physical frailty and multisystem functional impairments using the REHAB-HF intervention-a transitional, tailored, structured, and progressive multidomain rehabilitation program focused on balance, mobility, strength, and endurance-will reduce clinical events in older, predominantly frail patients hospitalized for acute HFpEF. REHAB-HFpEF is a multicenter, randomized, single-blind, attention-controlled phase 3 trial across 22 U.S. health system centers, enrolling 880 patients aged ≥60 years hospitalized for acute HFpEF. The primary endpoint is combined all-cause rehospitalizations and mortality at 6 months. Key secondary endpoints include major mobility disability (defined as inability to walk ≥160 meters on the 6-minute walk test) and HRQOL measured by the Kansas City Cardiomyopathy Questionnaire. Healthcare costs will also be assessed. REHAB-HFpEF is designed to address care gaps for frail older adults with acute HFpEF, who currently lack an evidence-based rehabilitation pathway. If successful in meeting endpoints, this trial could establish a scalable rehabilitation intervention that improves recovery, reduces adverse events, and lowers healthcare costs. Findings may shift HF management paradigms, inform guidelines, and influence national coverage policy for this growing, high-risk population. Enrollment ongoing, 478 of 880 (66%) as of 24Feb2027. Clinicaltrials.gov ID NCT05525663, https://clinicaltrials.gov/study/NCT05525663?term=NCT05525663&rank=1.",include_title_abs,A_primary_fulltext,exclude,Protocol/design/baseline paper rather than outcome report,hospital_or_postacute,resistance;balance;aerobic_walking;digital_home;multidomain
41509872,10.1177/20552076251410995,South Korean study to prevent the progression of frailty and aging-related diseases using a digital multidomain intervention (SUPERAGING): Protocol of a feasibility pilot study.,2026,Digital health,https://pubmed.ncbi.nlm.nih.gov/41509872/,Community/primary-care frailty RCT candidate,"The rapid global aging trend has led to a substantial increase in the prevalence of frailty among older adults. We developed a mobile app-based multidomain intervention (MI) program as part of a South Korean study to prevent the progression of frailty and aging-related diseases using a digital MI (SUPERAGING). We aim to evaluate the feasibility of the SUPERAGING app-based intervention in prefrail or frail older adults. We will recruit 40 community-dwelling older adults aged 60 to 90 years classified as frail or prefrail according to the Modified Fried frailty criteria. Participants will be randomly assigned to intervention and control groups at a 1:1 ratio. The intervention group will receive a personalized program through the SUPERAGING digital platform, comprising four components: disease management, cognitive training, physical exercise and nutritional intervention for 16 weeks. The control group will receive standard lifestyle education only. The primary outcomes are adherence, retention, and recruitment rates. The main secondary outcomes are frailty, disability, cognitive function, physical performance, nutritional assessment, mood, quality of life, vascular risk factors, and occurrence of aging-related diseases. There will be an exploratory evaluation of biological aging markers. The intervention program will be considered feasible if the following success criteria are met: (a) a retention rate of 70% or higher, (b) an adherence rate of 70% or higher, and (c) a recruitment rate of 50% or higher. The results will provide information on the applicability of a MI using a mobile app targeting older adults with prefrailty or frailty. ClinicalTrials.gov identifier: NCT06891573. Registered on February 25, 2025.",include_title_abs,A_primary_fulltext,exclude,Protocol/design/baseline paper rather than outcome report,community,nutrition;digital_home;multidomain
39754159,10.1186/s12906-024-04732-7,A randomized controlled trial to assess the efficacy of standardized tai chi in prefrail older adults with immunosenescence: design and protocol.,2025,BMC complementary medicine and therapies,https://pubmed.ncbi.nlm.nih.gov/39754159/,Community/primary-care frailty RCT candidate,"Frailty is a common geriatric syndrome worldwide, and its early identification and intervention have important clinical significance. Resistance training has been recommended as an efficient means to combat loss of muscle strength and mass; however, it is often not a prioritized option for older adults. Tai chi is a well-known traditional Chinese exercise that has a beneficial impact on physical performance, balance ability, metabolism, and immune function. With the newly emerged concept of muscle-immune homeostasis, this study focused on determining the efficacy of tai chi prefrail older adults who develop immunosenescence. Furthermore, the proper timing of the exercise regimen for maximizing the therapeutic effect of tai chi has also been explored. This 12-week, multicenter, randomized controlled trial (RCT) was conducted with participants between 60 and 75 years of age. A total of 144 prefrail participants were included in this study and were randomized (1:1:1:1) to four groups: (1) a control group with only health education, (2) a morning tai chi group, (3) a morning resistance training group, and (4) an afternoon tai chi group. The primary endpoints included physical performance, frailty index scores, muscle strength, and mass, and the secondary endpoints were the sarcopenia quality of life score, Berg balance scale score, bioenergetic anti-stress index (BASI), and immune risk profile (IRP). The data were analyzed according to the intention-to-treat protocol. The results of this investigation aided in determining whether tai chi effectively reversed the prefrail state of older adults and ameliorated biomarkers of immunosenescence. Furthermore, proper exercise timing was also determined to maximize the efficacy of physical training. Chinese Clinical Trial Registry; registration number: ChiCTR2200065815; prospectively registered on November 16th, 2022.",include_title_abs,A_primary_fulltext,exclude,Protocol/design/baseline paper rather than outcome report,unclear,resistance;balance;mind_body
40297922,10.1080/07853890.2025.2496409,Multidomain intervention for delaying aging in community-dwelling older adults (MIDA): study design and protocol.,2025,Annals of medicine,https://pubmed.ncbi.nlm.nih.gov/40297922/,Community/primary-care frailty RCT candidate,"The exploration of interventions to delay aging is an emerging topic that promotes healthy aging. The multidomain intervention has the potential to be applied in the field of aging because it concentrates on the functional ability of older adults. There is currently no literature reporting on a multidomain intervention involving cognition, exercise and nutrition for delaying aging. The Multidomain Intervention for Delaying Aging in Community-dwelling Older Adults (MIDA) is a Zelen-design randomized controlled trial with a 6-month intervention duration. The multidomain intervention comprises cognitive training, exercise training, and nutritional guidance, delivered through both group sessions and individual family interventions. A total of 248 participants aged 60 to 85 years will be randomized to the intervention group or control group and followed up for 12 months. The primary outcome is the change in epigenetic age acceleration and pace of aging following the multidomain intervention. The secondary outcomes are the changes in frailty score and intrinsic capacity Z-score. Other outcomes include physical functions, body composition, aging biomarkers, inflammatory markers, haematology and biochemistry parameters, and lifestyle factors. This study will explore the effects of the multidomain intervention on delaying aging in community-dwelling older adults. We aim to introduce a new approach to delaying aging and offer a practical multidomain intervention strategy for healthcare institutions.",include_title_abs,A_primary_fulltext,exclude,Protocol/design/baseline paper rather than outcome report,community,nutrition;digital_home;multidomain
39371165,10.1101/2024.09.17.24313811,"Exploratory functional and quality of life outcomes with daily consumption of the ketone ester bis-octanoyl (R)-1,3-butanediol in healthy older adults: a randomized, parallel arm, double-blind, placebo-controlled study.",2024,medRxiv : the preprint server for health sciences,https://pubmed.ncbi.nlm.nih.gov/39371165/,Community/primary-care frailty RCT candidate,"Ketone bodies are metabolites produced during fasting or on a ketogenic diet that have pleiotropic effects on the inflammatory and metabolic aging pathways underpinning frailty in in vivo models. Ketone esters (KEs) are compounds that induce hyperketonemia without dietary changes and that may impact physical and cognitive function in young adults. The functional effects of KEs have not been studied in older adults. Our long-term goal is to examine if KEs modulate aging biology mechanisms and clinical outcomes relevant to frailty in older adults. Here, we report the exploratory functional and quality-of-life outcome measures collected during a 12-week safety and tolerability study of KE (NCT05585762). Randomized, placebo-controlled, double-blinded, parallel-group, pilot trial of 12-weeks of daily KE ingestion. The Clinical Research Unit at the Buck Institute for Research on Aging, California. Community-dwelling older adults (≥ 65 years), independent in activities of daily living, with no unstable acute medical conditions (n = 30). Subjects were randomly allocated (1:1) to consume 25 g daily of either KE (bis-octanoyl (R)-1,3-butanediol) or a taste, appearance, and calorie-matched placebo (PLA) containing canola oil. Longitudinal change in physical function, cognitive function and quality of life were assessed as exploratory outcomes in n = 23 completers (n = 11 PLA, n = 12 KE). A composite functional outcome to describe the vigor-frailty continuum was calculated. Heart rate and activity was measured throughout the study using digital wearables. There were no statistically significant longitudinal differences between groups in exploratory functional, activity-based or quality of life outcomes. Daily ingestion of 25 g of KE did not affect exploratory functional or quality-of-life end points in this pilot cohort of healthy older adults. Future work will address these endpoints as primary and secondary outcomes in a larger trial of pre-frail older adults.",include_title_abs,A_primary_fulltext,exclude_or_hold,Preprint; not eligible for IJMR primary evidence unless later peer-reviewed,community,digital_home
39350375,10.14283/jpad.2024.111,Multidomain Intervention for the Reversal of Cognitive Frailty Using a Personalized Approach (AGELESS Trial): Recruitment and Baseline Characteristics of Participants.,2024,The journal of prevention of Alzheimer's disease,https://pubmed.ncbi.nlm.nih.gov/39350375/,Implementation-relevant frailty RCT candidate,"Reversal of cognitive frailty through a multidomain intervention is desirable to prevent dementia. AGELESS Trial was conducted to determine the effectiveness of a comprehensive, multidomain intervention on older adults with cognitive frailty in Malaysia. However, conducting a clinical trial, particularly during and after Covid-19, posed unique challenges. We aimed to investigate the recruitment process and baseline characteristics of the AGELESS Trial participants to better understand an at-risk population and those who agree to participate in an intervention. 24-month, randomized controlled trial. Community-dwelling older adults with independent mobility, aged ≥ 60 years, with a mini mental state examination score of 19-25, a clinical dementia rating of 0.5 ≥ 1 Fried's physical frailty criteria, and < 22 Beck depression inventory. Participants were randomized 1:1 to a structured multidomain intervention consisting of vascular management, diet, exercise, cognitive and psychosocial stimulation, or to the arm, including routine care and general health consultation. We analyzed the group differences between (1) cognitive frailty and non- cognitive frailty screened subjects, (2) recruited and non-recruited participants, (3) baseline characteristics of participants by arm, (4) adherence to AGELESS intervention at 12 months, and (5) preliminary findings on the effectiveness of the intervention at 12 months. A total of 957 older adults from two locations, i.e., urban (n = 764) and rural (n = 193) areas, were screened, of whom 38.9% had cognitive frailty and were eligible to participate. Those with cognitive frailty had fewer years of education (B = -0.08; 95%CI = 0.88-0.97; p = 0.002), and lower functioning cognition (B = -0.24; 95%CI = 0.74-0.84; p < 0.001). Among those from urban areas, only 33.1% (n = 106) agreed to participate, particularly those with multimorbidity (B = 0.86; 95%CI = 1.31-4.30; p = 0.01), higher physical activity (B = -1.02; 95%CI = 0.19-0.69; p = 0.002), slower walking speed (B = 1.26; 95%CI = 1.62-7.61; p = 0.001), and higher systolic blood pressure (B = 0.02; 95%CI = 1.00-1.03; p = 0.03). At baseline, participants' mean age was 68.1±5.6, years of education was 8.3±3.9, body mass index was 27.5±5.3 kg/m2, and mini mental state examination score was 22.7±4.0. Generally, there were no significant differences between the intervention and control groups for the main outcomes, except those in the intervention group had higher body mass index, mid-upper-arm circumference, and waist circumference (p < 0.05 for all parameters). Overall intervention adherence at 12 months was 52.8%, ranging from 52.8%-90.6% for each of the modules. Preliminary analysis of the effectiveness of the intervention at 12 months was positive on most of the cognitive domains, some of the nutrient intake and food groups, physical function, and vascular outcomes (p < 0.05 for all parameters). Despite the challenges posed by the pandemic, screening, recruitment, and 12-month intervention delivery were achieved in a Malaysian multidomain preventive randomized controlled trial in older adults at risk of dementia, with a satisfactory adherence rate and cognitive benefits at 12 months.",include_title_abs,A_primary_fulltext,exclude,Protocol/design/baseline paper rather than outcome report,hospital_or_postacute,aerobic_walking;digital_home;multidomain
38780837,10.1007/s40520-024-02775-x,Prevention at home in older persons with (pre-)frailty: analysis of participants' recruitment and characteristics of the randomized controlled PromeTheus trial.,2024,Aging clinical and experimental research,https://pubmed.ncbi.nlm.nih.gov/38780837/,Community/primary-care frailty RCT candidate,"The ""PromeTheus"" trial is evaluating a home-based, multifactorial, interdisciplinary prevention program for community-dwelling (pre-)frail older adults. These individuals often suffer from reduced participation, which can complicate the recruitment and enrollment in a clinical trial. The aim of this study was to evaluate different recruitment strategies and differences in participant characteristics in relation to these strategies. This cross-sectional study used baseline data from the randomized-controlled PromeTheus trial, in which community-dwelling (pre-)frail older persons (Clinical Frailty Scale [CFS] 4-6 pt., ≥ 70 years) were recruited via general practitioners (""GP recruitment"") or flyers, newspaper articles, and personalized letters (""direct recruitment""). Differences in the sociodemographic, clinical, physical, functional, mobility-related, psychological and social characteristics were analyzed in relation to the recruitment strategy. A total of 385 participants (mean age = 81.2, SD 5.9 years; women: n = 283, 73.5%) were enrolled, of which 60 (16%) were recruited by GPs and 325 (84%) through direct recruitment. Participants recruited via GPs had significantly higher subjective frailty levels (CFS), were more often physically frail (Fried Frailty Phenotype), and showed lower physical capacity (Short Physical Performance Battery), participation (disability component of the short version of the Late-Life Function and Disability Instrument), and life-space mobility (Life-Space Assessment) compared to those recruited via the direct approach (p = 0.002-0.026). Costs per randomized participant were 94€ for the GP recruitment strategy and €213 for the direct recruitment strategy. Different strategies may be required to successfully recruit (pre-)frail home-living older adults into preventive programs. Direct recruitment strategies, in which potential participants are directly informed about the prevention program, seem to be more promising than GP recruitment but may result in enrolment of persons with less functional impairment and higher recruitment costs. German Clinical Trials Register, DRKS00024638. Registered on March 11, 2021.",include_title_abs,A_primary_fulltext,exclude,Protocol/design/baseline paper rather than outcome report,home,digital_home
38576769,10.1177/20543581241234724,Randomized Controlled Trial of the Effect of an Exercise Rehabilitation Program on Symptom Burden in Maintenance Hemodialysis: A Clinical Research Protocol.,2024,Canadian journal of kidney health and disease,https://pubmed.ncbi.nlm.nih.gov/38576769/,Implementation-relevant frailty RCT candidate,"People receiving hemodialysis experience high symptom burden that contributes to low functional status and poor health-related quality of life. Management of symptoms is a priority for individuals receiving hemodialysis but limited effective treatments exist. There is emerging evidence that exercise programming can improve several common dialysis-related symptoms. The primary aim of this study is to evaluate the effect of an exercise rehabilitation program on symptom burden in individuals receiving maintenance hemodialysis. Multicenter, randomized controlled, 1:1 parallel, open label, prospective blinded end point trial. Three facility-based hemodialysis units in Winnipeg, Manitoba, Canada. Adults aged 18 years or older with end-stage kidney disease receiving facility-based maintenance hemodialysis for more than 3 months, with at least 1 dialysis-related symptom as indicated by the Dialysis Symptom Index (DSI) severity score >0 (n = 150). Supervised 26-week exercise rehabilitation program and 60 minutes of cycling during hemodialysis thrice weekly. Exercise intensity and duration were supervised and individualized by the kinesiologist as per participant baseline physical function with gradual progression over the course of the intervention. Usual hemodialysis care (no exercise program). Our primary outcome is change in symptom burden at 12 weeks as measured by the DSI severity score. Secondary outcomes include change in modified DSI severity score (includes 10 symptoms most plausible to improve with exercise), change in DSI severity score at 26 and 52 weeks; time to recover post-hemodialysis; health-related quality of life measured using EuroQol (EQ)-5D-5L; physical activity behavior measured by self-report (Godin-Shepherd questionnaire) and triaxial accelerometry; exercise capacity (shuttle walk test); frailty (Fried); self-efficacy for exercise; and 1-year hospitalization and mortality. Change in primary outcome will be compared between groups by independent 2-tailed t test or Mann-Whitney U test depending on data distribution and using generalized linear mixed models, with study time point as a random effect and adjusted for baseline DSI score. Similarly, change in secondary outcomes will be compared between groups over time using appropriate parametric and nonparametric statistical tests depending on data type and distribution. The COVID-19 pandemic restrictions on clinical research at our institution delayed completion of target recruitment and prevented collection of accelerometry and physical function outcome data for 15 months until restrictions were lifted. The application of an exercise rehabilitation program to improve symptom burden in individuals on hemodialysis may ameliorate common symptoms observed in individuals on hemodialysis and result in improved quality of life and reduced disability and morbidity over the long term. Importantly, this pragmatic study, with a standardized exercise intervention that is adaptable to baseline physical function, addresses an important gap in both clinical care of hemodialysis patients and our current knowledge.",include_title_abs,A_primary_fulltext,exclude,Protocol/design/baseline paper rather than outcome report,unclear,digital_home
34092633,10.3233/JAD-201607,"Multidomain Intervention for Reversal of Cognitive Frailty, Towards a Personalized Approach (AGELESS Trial): Study Design.",2021,Journal of Alzheimer's disease : JAD,https://pubmed.ncbi.nlm.nih.gov/34092633/,Community/primary-care frailty RCT candidate,"Cognitive frailty (CF) is identified as one of the main precursors of dementia. Multidomain intervention has been found to delay or prevent the onset of CF. The aim of our present study is to determine the effectiveness of a comprehensive, multidomain intervention on CF; to evaluate its cost effectiveness and the factors influencing adherence toward this intensive intervention. A total of 1,000 community dwelling older adults, aged 60 years and above will be screened for CF. This randomized controlled trial involves recruitment of 330 older adults with CF from urban, semi-urban, and rural areas in Malaysia. Multidomain intervention comprised of physical, nutritional, cognitive, and psychosocial aspects will be provided to participants in the experimental group (n = 165). The control group (n = 165) will continue their usual care with their physician. Primary outcomes include CF status, physical function, psychosocial and nutritional status as well as cognitive performance. Vascular health and gut microbiome will be assessed using blood and stool samples. A 24-month intensive intervention will be prescribed to the participants and its sustainability will be assessed for the following 12 months. The effective intervention strategies will be integrated as a personalized telerehabilitation package for the reversal of CF for future use. The multidomain intervention developed from this trial is expected to be cost effective compared to usual care as well as able is to reverse CF. This project will be part of the World-Wide FINGERS (Finnish Geriatric Intervention Study to Prevent Cognitive Impairment and Disability) Network, of which common identifiable data will be shared and harmonized among the consortia.",include_title_abs,A_primary_fulltext,exclude,Protocol/design/baseline paper rather than outcome report,hospital_or_postacute,nutrition;digital_home;multidomain
32859156,10.1186/s12877-020-01709-2,Rationale and protocol of the StayFitLonger study: a multicentre trial to measure efficacy and adherence of a home-based computerised multidomain intervention in healthy older adults.,2020,BMC geriatrics,https://pubmed.ncbi.nlm.nih.gov/32859156/,Community/primary-care frailty RCT candidate,"In older adults, multidomain training that includes physical and cognitive activities has been associated with improvement of physical and cognitive health. The goal of the multisite StayFitLonger study is to assess a home-based computerised training programme, which combines physical exercises, stimulating cognitive activities and virtual coaching. One hundred twenty-eight cognitively healthy older adults will be recruited from the community in Switzerland, Canada and Belgium. The study will comprise (1) a 26-week double-blind randomized controlled efficacy trial and (2) a 22-week pragmatic adherence sub-study. In the efficacy trial, participants will be randomly assigned to an experimental or an active control intervention. In the experimental intervention, participants will use the StayFitLonger programme, which is computerised on a tablet and provides content that combines physical activities with a focus on strength and balance, as well as divided attention, problem solving and memory training. Outcomes will be measured before and after 26 weeks of training. The primary efficacy outcome will be performance on the ""Timed-Up & Go"" test. Secondary outcomes will include measures of frailty, cognition, mood, fear of falling, quality of life, and activities of daily living. Age, sex, education, baseline cognition, expectation, and adherence will be used as moderators of efficacy. Following the 26-week efficacy trial, all participants will use the experimental programme meaning that participants in the control group will 'cross over' to receive the StayFitLonger programme for 22 weeks. Adherence will be measured in both groups based on dose, volume and frequency of use. In addition, participants' perception of the programme and its functionalities will be characterised through usability, acceptability and user experience. This study will determine the efficacy, adherence and participants' perception of a home-based multidomain intervention programme and its functionalities. This will allow for further development and possible commercialization of a scientifically validated training programme. ClinicalTrials.gov , NCT04237519 Registered on January 22, 2020 - Retrospectively registered.",include_title_abs,A_primary_fulltext,exclude,Protocol/design/baseline paper rather than outcome report,home,resistance;balance;digital_home;multidomain
30691405,10.1186/s12877-018-1024-8,"Effectiveness of an intervention in multicomponent exercise in primary care to improve frailty parameters in patients over 70 years of age (MEFAP-project), a randomised clinical trial: rationale and study design.",2019,BMC geriatrics,https://pubmed.ncbi.nlm.nih.gov/30691405/,Community/primary-care frailty RCT candidate,"Physical activity may reverse frailty in the elderly, but we encounter barriers to the implementation of exercise programs in this population. Our main aim is to evaluate the effect of a multicomponent physical activity program, versus regular medical practice, on reverting pre-frailty status among the elderly, 12 months post-intervention. Randomized parallel group multicenter clinical trial located in primary care setting, among non-dependent and pre-frail patients > 70 years old, including 190 patients (95 intervention, 95 control group). Multicomponent physical activity program (MEFAP, for its acronym in Spanish) with twelve 1.5 h-weekly sessions comprised of: 1. Informative session; 2. Exercises for improving aerobic resistance, muscle strength, propioception-balance and flexibility; and 3. Handing out of at-home exercise chart (twice/week). Main variable: pre-frailty according to the Fried phenotype. Secondary variables: sociodemographic, clinical and functional variables; exercise program adherence, patient satisfaction with the program and quality of life. We will perform an intention-to-treat analysis by comparing the retrogression from pre-frailty (1 or 2 Fried criteria) to robust status (0 Fried criteria) by the end of the intervention, 6 months and 12 months post-intervention. The accumulated incidence in each group will be calculated, as well as the relative risk (RR) and the number needed to treat (NNT) with their corresponding 95% confidence intervals. Protocol was approved by the Ethics Committee Hospital la Paz. Within the context of regular clinical practice, our results will provide evidence regarding the effects of exercise interventions on frailty among pre-frail older adults, a key population given their significant potential for functional, physical, and mental health improvement. NCT03568084 . Registered 26 June 2018. Date of enrollment of the first participant to the trial: July 2nd 2018.",include_title_abs,A_primary_fulltext,exclude,Protocol/design/baseline paper rather than outcome report,primary_care,resistance;balance;aerobic_walking;multicomponent_exercise;digital_home
30941731,10.1007/s40520-019-01180-z,Older persons with signs of frailty in a home-based physical exercise intervention: baseline characteristics of an RCT.,2019,Aging clinical and experimental research,https://pubmed.ncbi.nlm.nih.gov/30941731/,Community/primary-care frailty RCT candidate,"Increasing the level of physical activity among persons with signs of frailty improves physical functioning. There is a lack of long-term supervised physical exercise intervention studies including a validated definition of frailty. To present baseline characteristics of persons with signs of frailty participating in a randomized long-term home-based physical exercise trial (HIPFRA), and to study associations between the severity of frailty, functional independence and health-related quality-of-life (HRQoL). Three hundred persons, ≥ 65 years old and with signs of frailty (assessed by Fried´s phenotype criteria) were recruited from South Karelia, Finland and randomized to a 12-month physiotherapist-supervised home-based physical exercise program (n = 150), and usual care (n = 150). Assessments at the participants' homes at baseline, and after 3, 6 and 12 months included the Short Physical Performance Battery (SPPB), the Functional Independence Measure (FIM), HRQoL (15D) and the Mini-Mental State Examination (MMSE). Eligibility was screened among 520 persons; 300 met the inclusion criteria and were randomized. One person withdrew consent after randomization. A majority (75%) were women, 182 were pre-frail and 117 frail. The mean age was 82.5 (SD 6.3) years, SPPB 6.2 (2.6), FIM 108.8 (10.6) and MMSE 24.4 (3.1) points, with no significant differences between the study groups. Inverse associations between the severity of frailty vs. FIM scores and HRQoL (p < 0.001 for both) were found. Our participants showed marked physical frailty without major disabilities. The severity of frailty seems to be associated with impaired functional independence and HRQoL. ClinicalTrials.gov NCT02305433.",include_title_abs,A_primary_fulltext,exclude,Protocol/design/baseline paper rather than outcome report,home,digital_home
25427568,10.1186/1471-2318-14-125,Effectiveness of a primary care based multifactorial intervention to improve frailty parameters in the elderly: a randomised clinical trial: rationale and study design.,2014,BMC geriatrics,https://pubmed.ncbi.nlm.nih.gov/25427568/,Community/primary-care frailty RCT candidate,"Frailty is a highly prevalent condition in old age leading to vulnerability and greater risk of adverse health outcomes and disability. Detecting and tackling frailty at an early stage can prevent disability. The purpose of this study is to evaluate the effectiveness of a multifactorial intervention program to modify frailty parameters, muscle strength, and physical and cognitive performance in people aged 65 years or more. It also assesses changes from baseline in falls, hospitalizations, nutritional risk, disability, institutionalization, and home-care. The current study is a randomised single-blind, parallel-group clinical trial, with a one and a half year follow-up, conducted in eight Primary Health Care Centres located in the city of Barcelona. Inclusion criteria are to be aged 65 years or older with positive frailty screening, timed get-up-and-go test between 10 to 30 seconds, and Cognition Mini-Exam (MEC-35) of Lobo greater than or equal to 18. A total of 352 patients have been equally divided into two groups: intervention and control. Sample size calculated to detect a 0.5 unit difference in the Short Physical Performance Battery (Common SD: 1.42, 20% lost to follow-up). In the intervention group three different actions on frailty dimensions: rehabilitative therapy plus intake of hyperproteic nutritional shakes, memory workshop, and medication review are applied to sets of 16 patients. Participants in both intervention and control groups receive recommendations on nutrition, healthy lifestyles, and home risks.Evaluations are blinded and conducted at 0, 3, and 18 months. Intention to treat analyses will be performed. Multivariate analysis will be carried out to assess time changes of dependent variables. It is expected that this study will provide evidence of the effectiveness of a multidisciplinary intervention on delaying the progression from frailty to disability in the elderly. It will help improve the individual's quality of life and also reduce the rates of falls, hospital admissions, and institutionalizations, thus making the health care system more efficient. This preventive intervention can be adapted to diverse settings and be routinely included in Primary Care Centres as a Preventive Health Programme. ClinicalTrials.gov PRS: NCT01969526. Date of registration: 10/21/2013.",include_title_abs,A_primary_fulltext,exclude,Protocol/design/baseline paper rather than outcome report,primary_care,resistance;balance;nutrition;digital_home;multidomain
16609319,10.1097/01.mrr.0000194392.18655.49,A network-based geriatric rehabilitation programme: study design and baseline characteristics of the patients.,2006,International journal of rehabilitation research. Internationale Zeitschrift fur Rehabilitationsforschung. Revue internationale de recherches de readaptation,https://pubmed.ncbi.nlm.nih.gov/16609319/,Community/primary-care frailty RCT candidate,"The objective of this paper is to present the design and participants of an ongoing randomized controlled trial on a network-based geriatric rehabilitation programme, targeted at frail elderly persons with progressively declining health and a high risk of institutionalization. Forty-one municipalities, seven rehabilitation centres and a total of 741 frail elderly (65+years) community-living persons participated in the study. Assessments included measurements of physical capacity (balance, handgrip strength, walking speed), Functional Independence Measure, Geriatric Depression Scale, 15 Dimension quality of life questionnaire and Mini Mental State Examination. Questionnaires covered physical, social and psychological factors. The participants were old (mean age 78 years, range 65-96) and mainly female (86%). They were physically frail and most of them (66%) had experienced deterioration of health within 1 year. The majority lived alone (72%) and received regular help from other people (99%). The mean Mini Mental State Examination and Geriatric Depression Scale scores were 25.2 and 4.1 points, respectively. Depressive mood (Geriatric Depression Scale>6 points) was found in 17% and declined cognitive function (Mini Mental State Examination<24 points) in 28% of the participants. Differences between the randomized intervention and control groups were insignificant. Since the number of participants is sufficient statistically, the prospects for evaluating the effectiveness of the programme, and identifying potential benefactors, are good.",include_title_abs,A_primary_fulltext,exclude,Protocol/design/baseline paper rather than outcome report,community,resistance;balance;aerobic_walking
12002555,10.1023/a:1014610325059,Recruitment of older participants in frailty/injury prevention studies.,2002,Prevention science : the official journal of the Society for Prevention Research,https://pubmed.ncbi.nlm.nih.gov/12002555/,Community/primary-care frailty RCT candidate,"Despite the lifelong health benefits of physical activity, frailer older adults have typically been excluded from studies promoting more active lifestyles. This study documents the recruitment process and costs from a multisite study to identify effective strategies for recruiting older adults in frailty/injury prevention research. Randomized controlled clinical trials were conducted at 7 sites; an 8th site was a compliance study. Interventions reflected center- and home-based health promotion programs. Site objectives, eligibility criteria, and contact and screening methods were obtained from manuals of operation. Recruitment results (number screened, eligibility rates, randomized to screened ratios) were ascertained from recruitment data. Sites furnished estimated recruitment costs (nonlabor expenses, investigator and staff time, fringe benefits) up to signing the consent form. The sites targeted diverse populations and sample sizes. The majority revised recruitment methods to meet their recruitment goals. Most sites estimated costs of recruitment at over $300 per participant randomized. Recruitment costs were affected by staff time spent alleviating concerns about participants' health, essential interactions with family members, and arranging for transportation. Neither frailty nor intervention intensity was found to be a major predictor of recruitment outcomes. Recruitment expense was associated with selection criteria and frailty status of the target population. Older people can be successfully recruited into beneficial health promotion programs, but it is often challenging. In planning health promotion studies, investigators need to be aware of the numbers of older people they may need to screen and different strategies for increasing recruitment success.",include_title_abs,A_primary_fulltext,exclude,Protocol/design/baseline paper rather than outcome report,home,digital_home;multidomain
