study_id,pmid,pmcid,title,primary_reviewer,second_reviewer,fulltext_access_status,country,setting_final,design_final,cluster_randomized,sample_size_randomized_total,sample_size_analyzed_total,mean_age,female_percent,frailty_definition,baseline_frailty_severity,intervention_name,intervention_components_final,exercise_type,nutrition_component,digital_or_home_support,personnel_required,dose_frequency,session_duration_minutes,intervention_duration_weeks,comparator_final,follow_up_timepoint_primary,primary_outcome_for_synthesis,effect_measure_preferred,notes_for_effect_size_conversion,final_include_for_meta,final_include_for_nma
FRAIL-001,42131895,PMC13173293,Home-Based Intervention to Prevent Functional Decline in (Pre)frail Older Adults: The PromeTheus Randomized Controlled Trial.,Dr Siddalingaiah H S,Dr Chandrakala D,pmc_fulltext_available,,,,,,,,,,,,,,,,,,,,,,,,,,
FRAIL-002,42004413,PMC13091225,Effects of multicomponent exercise on frailty in older adults with type 2 diabetes: Differential responses by metabolic frailty phenotype.,Dr Chandrakala D,Dr Siddalingaiah H S,pmc_fulltext_available,,,,,,,,,,,,,,,,,,,,,,,,,,
FRAIL-003,41796126,PMC13086931,The ActivLife exergame rehabilitation program improves functional abilities in pre-frail and frail older adults: a clinical trial.,Dr Siddalingaiah H S,Dr Chandrakala D,pmc_fulltext_available,,,,,,,,,,,,,,,,,,,,,,,,,,
FRAIL-004,41677077,PMC12895478,A Multidomain Lifestyle Intervention Is Associated With Improved Functional Trajectories and Favorable Changes in Epigenetic Aging Markers in Frail Older Adults: A Randomized Controlled Trial.,Dr Chandrakala D,Dr Siddalingaiah H S,pmc_fulltext_available,,,,,,,,,,,,,,,,,,,,,,,,,,
FRAIL-005,41658611,PMC12879047,"Feasibility and acceptability of a remotely delivered, home-based ""exercise snacking"" to improve physical function in community-dwelling older adults: a 28-day pilot study.",Dr Siddalingaiah H S,Dr Chandrakala D,pmc_fulltext_available,,,,,,,,,,,,,,,,,,,,,,,,,,
FRAIL-006,41354090,PMC12682371,Why didn't the senior citizen cross the road? Gait speed in community-dwelling older adults with mobility limitations relative to pedestrian crossing times.,Dr Chandrakala D,Dr Siddalingaiah H S,pmc_fulltext_available,,,,,,,,,,,,,,,,,,,,,,,,,,
FRAIL-007,41120990,PMC12538938,Impact of a functional gait training program as a complementary strategy to improve physical function in older adults: a randomized clinical trial.,Dr Siddalingaiah H S,Dr Chandrakala D,pmc_fulltext_available,,,,,,,,,,,,,,,,,,,,,,,,,,
FRAIL-008,41095572,PMC12524544,Targeted Physical Function Exercises for Frailty and Falls Management in Pre-Frail Community-Dwelling Older Adults: A Randomized Controlled Trial.,Dr Chandrakala D,Dr Siddalingaiah H S,pmc_fulltext_available,,,,,,,,,,,,,,,,,,,,,,,,,,
FRAIL-009,41035820,PMC12479488,Effects of exercise-cognitive dual-task training on cognitive frailty in older adults: a randomized controlled trial.,Dr Siddalingaiah H S,Dr Chandrakala D,pmc_fulltext_available,,,,,,,,,,,,,,,,,,,,,,,,,,
FRAIL-010,40969786,PMC12441017,Effect of a multicomponent intervention on institutionalization-free survival in older adults with sarcopenia: a,Dr Chandrakala D,Dr Siddalingaiah H S,pmc_fulltext_available,,,,,,,,,,,,,,,,,,,,,,,,,,
FRAIL-011,40938877,PMC12431197,The impact of outdoor walking interventions on frailty among older adults with mobility limitations: Findings from the Getting Older Adults Outdoors (GO-OUT) study.,Dr Siddalingaiah H S,Dr Chandrakala D,pmc_fulltext_available,,,,,,,,,,,,,,,,,,,,,,,,,,
FRAIL-012,40749218,PMC12316439,Mixed Reality-Based Physical Therapy in Older Adults With Sarcopenia: Preliminary Randomized Controlled Trial.,Dr Chandrakala D,Dr Siddalingaiah H S,pmc_fulltext_available,,,,,,,,,,,,,,,,,,,,,,,,,,
FRAIL-013,40695991,PMC12284115,A randomized controlled trial of mobile intervention using health support bubbles to prevent social frailty.,Dr Siddalingaiah H S,Dr Chandrakala D,pmc_fulltext_available,,,,,,,,,,,,,,,,,,,,,,,,,,
FRAIL-014,40514302,PMC12413722,Tailoring multidomain intervention programs to reduce cognitive and physical decline in older adults: Examining rural-urban differences in a nationwide cluster-randomized controlled trial.,Dr Chandrakala D,Dr Siddalingaiah H S,pmc_fulltext_available,,,,,,,,,,,,,,,,,,,,,,,,,,
FRAIL-015,40471669,PMC12179572,"Outdoor Exercise Facility-Based Integrative Mobile Health Intervention to Support Physical Activity, Mental Well-Being, and Exercise Self-Efficacy Among Older Adults With Prefrailty and Frailty in Hong Kong: Pilot Feasibility Randomized Controlled Trial Study.",Dr Siddalingaiah H S,Dr Chandrakala D,pmc_fulltext_available,,,,,,,,,,,,,,,,,,,,,,,,,,
FRAIL-016,40367490,PMC12094531,"Frailty, Fitness, and Quality of Life Outcomes of a Healthy and Productive Aging Program (GrandMove) for Older Adults With Frailty or Prefrailty: Cluster Randomized Controlled Trial.",Dr Chandrakala D,Dr Siddalingaiah H S,pmc_fulltext_available,,,,,,,,,,,,,,,,,,,,,,,,,,
FRAIL-017,40121486,PMC11929174,Psychophysiological effects of a supervised home-based resistance band exercise program in pre-frail older patients with type 2 diabetes mellitus: a randomized controlled trial.,Dr Siddalingaiah H S,Dr Chandrakala D,pmc_fulltext_available,,,,,,,,,,,,,,,,,,,,,,,,,,
FRAIL-018,40005003,PMC11858716,"Personalized Diet With or Without Physical Exercise Improves Nutritional Status, Muscle Strength, Physical Performance, and Quality of Life in Malnourished Older Adults: A Prospective Randomized Controlled Study.",Dr Chandrakala D,Dr Siddalingaiah H S,pmc_fulltext_available,,,,,,,,,,,,,,,,,,,,,,,,,,
FRAIL-019,39997521,PMC11855813,Effects of Twelve Weeks of Square Stepping Exercises on Physical and Cognitive Function and Plasma Content of SMP30: A Randomised Control Trial.,Dr Siddalingaiah H S,Dr Chandrakala D,pmc_fulltext_available,,,,,,,,,,,,,,,,,,,,,,,,,,
FRAIL-020,39954533,PMC12179999,Long-term frailty and physical performance transitions in older people with type-2 diabetes. The MIDFRAIL randomized clinical study.,Dr Chandrakala D,Dr Siddalingaiah H S,pmc_fulltext_available,,,,,,,,,,,,,,,,,,,,,,,,,,
FRAIL-021,39871464,PMC11786508,Effects of Remote Exercise on Physical Function in Pre-Frail Older Adults: A Randomized Controlled Trial.,Dr Siddalingaiah H S,Dr Chandrakala D,pmc_fulltext_available,,,,,,,,,,,,,,,,,,,,,,,,,,
FRAIL-022,39652737,PMC11614458,A 24-Week Combined Resistance and Balance Training Program Improves Physical Function in Older Adults: A Randomized Controlled Trial.,Dr Chandrakala D,Dr Siddalingaiah H S,pmc_fulltext_available,,,,,,,,,,,,,,,,,,,,,,,,,,
FRAIL-023,39580545,PMC11981931,Effect of individually tailored nutritional counseling on frailty status in older adults with protein-energy malnutrition or risk of it: an intervention study among home care clients.,Dr Siddalingaiah H S,Dr Chandrakala D,pmc_fulltext_available,,,,,,,,,,,,,,,,,,,,,,,,,,
FRAIL-024,39478450,PMC11523852,Combining motivational and exercise intervention components to reverse pre-frailty and promote self-efficacy among community-dwelling pre-frail older adults: a randomized controlled trial.,Dr Chandrakala D,Dr Siddalingaiah H S,pmc_fulltext_available,,,,,,,,,,,,,,,,,,,,,,,,,,
FRAIL-025,39390362,PMC11465814,Effectiveness of community-based Baduanjin exercise intervention for older adults with varying frailty status: a randomized controlled trial.,Dr Siddalingaiah H S,Dr Chandrakala D,pmc_fulltext_available,,,,,,,,,,,,,,,,,,,,,,,,,,
FRAIL-026,39354527,PMC11443903,"A single-center, double-blind, randomized, placebo-controlled, two-arm study to evaluate the safety and efficacy of once-weekly sirolimus (rapamycin) on muscle strength and endurance in older adults following a 13-week exercise program.",Dr Chandrakala D,Dr Siddalingaiah H S,pmc_fulltext_available,,,,,,,,,,,,,,,,,,,,,,,,,,
FRAIL-027,39211745,PMC11358125,"Underweight, overweight, and weight change in older family caregivers and their care recipients: longitudinal evidence from a randomized controlled trial.",Dr Siddalingaiah H S,Dr Chandrakala D,pmc_fulltext_available,,,,,,,,,,,,,,,,,,,,,,,,,,
FRAIL-028,38111605,PMC10725933,Medium-chain triglycerides (8:0 and 10:0) increase muscle mass and function in frail older adults: a combined data analysis of clinical trials.,Dr Chandrakala D,Dr Siddalingaiah H S,pmc_fulltext_available,,,,,,,,,,,,,,,,,,,,,,,,,,
FRAIL-029,37960913,PMC12880481,Hybrid Exercise Program Enhances Physical Fitness and Reverses Frailty in Older Adults: Insights and Predictions from Machine Learning.,Dr Siddalingaiah H S,Dr Chandrakala D,pmc_fulltext_available,,,,,,,,,,,,,,,,,,,,,,,,,,
FRAIL-030,37875291,PMC10751415,Dose-response effects of resistance training on physical function in frail older Chinese adults: A randomized controlled trial.,Dr Chandrakala D,Dr Siddalingaiah H S,pmc_fulltext_available,,,,,,,,,,,,,,,,,,,,,,,,,,
FRAIL-031,37357328,PMC10230140,"Impact of Exercise and Cognitive Stimulation Therapy on Physical Function, Cognition and Muscle Mass in Pre-Frail Older Adults in the Primary Care Setting: A Cluster Randomized Controlled Trial.",Dr Siddalingaiah H S,Dr Chandrakala D,pmc_fulltext_available,,,,,,,,,,,,,,,,,,,,,,,,,,
FRAIL-032,37328797,PMC10273765,Effects of an individualised exercise programme plus Behavioural Change Enhancement (BCE) strategies for managing fatigue in frail older adults: a cluster randomised controlled trial.,Dr Chandrakala D,Dr Siddalingaiah H S,pmc_fulltext_available,,,,,,,,,,,,,,,,,,,,,,,,,,
FRAIL-033,37049448,PMC10097015,The Impact of Nutrition and Oral Function Exercise on among Community-Dwelling Older People.,Dr Siddalingaiah H S,Dr Chandrakala D,pmc_fulltext_available,,,,,,,,,,,,,,,,,,,,,,,,,,
FRAIL-034,36673644,PMC9859571,Effect of the Active Aging-in-Place-Rehabilitation Nursing Program: A Randomized Controlled Trial.,Dr Chandrakala D,Dr Siddalingaiah H S,pmc_fulltext_available,,,,,,,,,,,,,,,,,,,,,,,,,,
FRAIL-035,36636457,PMC9830714,Protein-Added Healthy Lunch-Boxes Combined with Exercise for Improving Physical Fitness and Vascular Function in Pre-Frail Older Women: A Community-Based Randomized Controlled Trial.,Dr Siddalingaiah H S,Dr Chandrakala D,pmc_fulltext_available,,,,,,,,,,,,,,,,,,,,,,,,,,
FRAIL-036,36528997,PMC9757806,Efficacy of a multicomponent exercise training program intervention in community-dwelling older adults during the COVID-19 pandemic: A cluster randomized controlled trial.,Dr Chandrakala D,Dr Siddalingaiah H S,pmc_fulltext_available,,,,,,,,,,,,,,,,,,,,,,,,,,
FRAIL-037,36426763,PMC10100027,"Adherence, safety and potential effectiveness of a home-based Radio-Taiso exercise program in older adults with frailty: A pilot randomized controlled trial.",Dr Siddalingaiah H S,Dr Chandrakala D,pmc_fulltext_available,,,,,,,,,,,,,,,,,,,,,,,,,,
FRAIL-038,36341237,PMC9634412,Intrinsic capacity rather than intervention exposure influences reversal to robustness among prefrail community-dwelling older adults: A non-randomized controlled study of a multidomain exercise and nutrition intervention.,Dr Chandrakala D,Dr Siddalingaiah H S,pmc_fulltext_available,,,,,,,,,,,,,,,,,,,,,,,,,,
FRAIL-039,35887850,PMC9320394,Frailty Status Improvement after 5-Month Multicomponent Program PROMUFRA in Community-Dwelling Older People: A Randomized Controlled Trial.,Dr Siddalingaiah H S,Dr Chandrakala D,pmc_fulltext_available,,,,,,,,,,,,,,,,,,,,,,,,,,
FRAIL-040,35766913,PMC9388057,"Encouraging older adults with pre-frailty and frailty to ""MoveStrong"": an analysis of secondary outcomes for a pilot randomized controlled trial.",Dr Chandrakala D,Dr Siddalingaiah H S,pmc_fulltext_available,,,,,,,,,,,,,,,,,,,,,,,,,,
FRAIL-041,35399053,PMC8994906,The effects of vitamin D supplementation on frailty in older adults at risk for falls.,Dr Siddalingaiah H S,Dr Chandrakala D,pmc_fulltext_available,,,,,,,,,,,,,,,,,,,,,,,,,,
FRAIL-042,34725661,PMC12929997,"Association of Pain and Impact of Dual-Task Exercise on Function, Cognition and Quality of Life.",Dr Chandrakala D,Dr Siddalingaiah H S,pmc_fulltext_available,,,,,,,,,,,,,,,,,,,,,,,,,,
FRAIL-043,34620081,PMC8499414,Effectiveness of a community-delivered pneumatic machine resistance training programme (Gym Tonic) for older adults at neighbourhood senior centres - a randomized controlled trial.,Dr Siddalingaiah H S,Dr Chandrakala D,pmc_fulltext_available,,,,,,,,,,,,,,,,,,,,,,,,,,
FRAIL-044,34449605,PMC8395892,Enhancement of Anticipatory Postural Adjustments by Virtual Reality in Older Adults with Cognitive and Motor Deficits: A Randomised Trial.,Dr Chandrakala D,Dr Siddalingaiah H S,pmc_fulltext_available,,,,,,,,,,,,,,,,,,,,,,,,,,
FRAIL-045,34351363,PMC8581390,Long-term effect of a 24-week multicomponent intervention on physical performance and frailty in community-dwelling older adults.,Dr Siddalingaiah H S,Dr Chandrakala D,pmc_fulltext_available,,,,,,,,,,,,,,,,,,,,,,,,,,
FRAIL-046,33968874,PMC8097036,Effectiveness of a Community-Based Muscle Strengthening Exercise Program to Increase Muscle Strength Among Pre-frail Older Persons in Malaysia: A Pilot Study.,Dr Chandrakala D,Dr Siddalingaiah H S,pmc_fulltext_available,,,,,,,,,,,,,,,,,,,,,,,,,,
FRAIL-047,33937294,PMC8086796,"Possible Sarcopenia and Impact of Dual-Task Exercise on Gait Speed, Handgrip Strength, Falls, and Perceived Health.",Dr Siddalingaiah H S,Dr Chandrakala D,pmc_fulltext_available,,,,,,,,,,,,,,,,,,,,,,,,,,
FRAIL-048,33742266,PMC7978459,Effectiveness of Community-Delivered Functional Power Training Program for Frail and Pre-frail Community-Dwelling Older Adults: a Randomized Controlled Study.,Dr Chandrakala D,Dr Siddalingaiah H S,pmc_fulltext_available,,,,,,,,,,,,,,,,,,,,,,,,,,
FRAIL-049,33583000,PMC7990826,The sarcopenia and physical frailty in older people: multi-component treatment strategies (SPRINTT) project: description and feasibility of a nutrition intervention in community-dwelling older Europeans.,Dr Siddalingaiah H S,Dr Chandrakala D,pmc_fulltext_available,,,,,,,,,,,,,,,,,,,,,,,,,,
FRAIL-050,33546255,PMC7913348,Randomized Controlled Trial on the Effects of a Combined Intervention of Computerized Cognitive Training Preceded by Physical Exercise for Improving Frailty Status and Cognitive Function in Older Adults.,Dr Chandrakala D,Dr Siddalingaiah H S,pmc_fulltext_available,,,,,,,,,,,,,,,,,,,,,,,,,,
FRAIL-051,33513714,PMC7912527,Limited Benefit of Marine Protein Hydrolysate on Physical Function and Strength in Older Adults: A Randomized Controlled Trial.,Dr Siddalingaiah H S,Dr Chandrakala D,pmc_fulltext_available,,,,,,,,,,,,,,,,,,,,,,,,,,
FRAIL-052,32114877,PMC7874375,"The Otago Exercise Program With or Without Motivational Interviewing for Community-Dwelling Older Adults: A 12-Month Follow-Up of a Randomized, Controlled Trial.",Dr Chandrakala D,Dr Siddalingaiah H S,pmc_fulltext_available,,,,,,,,,,,,,,,,,,,,,,,,,,
FRAIL-053,33032532,PMC7545899,A physical activity program versus usual care in the management of quality of life for pre-frail older adults with chronic pain: randomized controlled trial.,Dr Siddalingaiah H S,Dr Chandrakala D,pmc_fulltext_available,,,,,,,,,,,,,,,,,,,,,,,,,,
FRAIL-054,32762725,PMC7409695,Nutrition assessment and geriatric associated conditions among community dwelling Iranian elderly people.,Dr Chandrakala D,Dr Siddalingaiah H S,pmc_fulltext_available,,,,,,,,,,,,,,,,,,,,,,,,,,
FRAIL-055,32702879,PMC7373606,Effects of concurrent aerobic and resistance exercise in frail and pre-frail older adults: A randomized trial of supervised versus home-based programs.,Dr Siddalingaiah H S,Dr Chandrakala D,pmc_fulltext_available,,,,,,,,,,,,,,,,,,,,,,,,,,
FRAIL-056,32545408,PMC7353446,Nutrition and Sarcopenia-What Do We Know?,Dr Chandrakala D,Dr Siddalingaiah H S,pmc_fulltext_available,,,,,,,,,,,,,,,,,,,,,,,,,,
FRAIL-057,32466446,PMC7312630,Multicomponent Exercise Program Reduces Frailty and Inflammatory Biomarkers and Improves Physical Performance in Community-Dwelling Older Adults: A Randomized Controlled Trial.,Dr Siddalingaiah H S,Dr Chandrakala D,pmc_fulltext_available,,,,,,,,,,,,,,,,,,,,,,,,,,
FRAIL-058,32375700,PMC7203790,Sensor-based characterization of daily walking: a new paradigm in pre-frailty/frailty assessment.,Dr Chandrakala D,Dr Siddalingaiah H S,pmc_fulltext_available,,,,,,,,,,,,,,,,,,,,,,,,,,
FRAIL-059,32375239,PMC7345634,"A Novel Exercise for Enhancing Visuospatial Ability in Older Adults with Frailty: Development, Feasibility, and Effectiveness.",Dr Siddalingaiah H S,Dr Chandrakala D,pmc_fulltext_available,,,,,,,,,,,,,,,,,,,,,,,,,,
FRAIL-060,32259186,PMC12275761,"Multi-Component Exercise with High-Intensity, Free-Weight, Functional Resistance Training in Pre-Frail Females: A Quasi-Experimental, Pilot Study.",Dr Chandrakala D,Dr Siddalingaiah H S,pmc_fulltext_available,,,,,,,,,,,,,,,,,,,,,,,,,,
FRAIL-061,32134208,PMC7296266,"Efficacy of multidomain interventions to improve physical frailty, depression and cognition: data from cluster-randomized controlled trials.",Dr Siddalingaiah H S,Dr Chandrakala D,pmc_fulltext_available,,,,,,,,,,,,,,,,,,,,,,,,,,
FRAIL-062,31997543,PMC7015250,Comprehensive geriatric intervention in community-dwelling older adults: a cluster-randomized controlled trial.,Dr Chandrakala D,Dr Siddalingaiah H S,pmc_fulltext_available,,,,,,,,,,,,,,,,,,,,,,,,,,
FRAIL-063,31791364,PMC6889427,Individualized home-based exercise and nutrition interventions improve frailty in older adults: a randomized controlled trial.,Dr Siddalingaiah H S,Dr Chandrakala D,pmc_fulltext_available,,,,,,,,,,,,,,,,,,,,,,,,,,
FRAIL-064,31466229,PMC6747215,Effectiveness of a Combined Intervention on Psychological and Physical Capacities of Frail Older Adults: A Cluster Randomized Controlled Trial.,Dr Chandrakala D,Dr Siddalingaiah H S,pmc_fulltext_available,,,,,,,,,,,,,,,,,,,,,,,,,,
FRAIL-065,31367733,PMC12280510,"Positive Effects of ""Textured Lunches"" Gatherings and Oral Exercises Combined with Physical Exercises on Oral and Physical Function in Older Individuals: A Cluster Randomized Controlled Trial.",Dr Siddalingaiah H S,Dr Chandrakala D,pmc_fulltext_available,,,,,,,,,,,,,,,,,,,,,,,,,,
FRAIL-066,31360662,PMC6581490,"An Interregional, Transdisciplinary and Good Practice-Based Approach for Frailty: the Mind&Gait Project.",Dr Chandrakala D,Dr Siddalingaiah H S,pmc_fulltext_available,,,,,,,,,,,,,,,,,,,,,,,,,,
FRAIL-067,31249332,PMC6597702,Effects of Kinect-based exergaming on frailty status and physical performance in prefrail and frail elderly: A randomized controlled trial.,Dr Siddalingaiah H S,Dr Chandrakala D,pmc_fulltext_available,,,,,,,,,,,,,,,,,,,,,,,,,,
FRAIL-068,31133863,PMC6524700,Exercise and Dietary-Protein as a Countermeasure to Skeletal Muscle Weakness: Liverpool Hope University - Sarcopenia Aging Trial (LHU-SAT).,Dr Chandrakala D,Dr Siddalingaiah H S,pmc_fulltext_available,,,,,,,,,,,,,,,,,,,,,,,,,,
FRAIL-069,31016897,PMC6711410,Effectiveness of a multimodal intervention in functionally impaired older people with type 2 diabetes mellitus.,Dr Siddalingaiah H S,Dr Chandrakala D,pmc_fulltext_available,,,,,,,,,,,,,,,,,,,,,,,,,,
FRAIL-070,32300691,PMC7155349,Breaking sedentary behaviour has the potential to increase/ maintain function in frail older adults.,Dr Chandrakala D,Dr Siddalingaiah H S,pmc_fulltext_available,,,,,,,,,,,,,,,,,,,,,,,,,,
FRAIL-071,30498835,PMC6444357,Quality of Life and Mental Health in Older Adults with Obesity and Frailty: Associations with a Weight Loss Intervention.,Dr Siddalingaiah H S,Dr Chandrakala D,pmc_fulltext_available,,,,,,,,,,,,,,,,,,,,,,,,,,
FRAIL-072,30138718,PMC6251709,Rationale and design of the Study To Understand Fall Reduction and Vitamin D in You (STURDY): A randomized clinical trial of Vitamin D supplement doses for the prevention of falls in older adults.,Dr Chandrakala D,Dr Siddalingaiah H S,pmc_fulltext_available,,,,,,,,,,,,,,,,,,,,,,,,,,
FRAIL-073,29988285,PMC6008824,"Effects of Strength Training on Muscle Properties, Physical Function, and Physical Activity among Frail Older People: A Pilot Study.",Dr Siddalingaiah H S,Dr Chandrakala D,pmc_fulltext_available,,,,,,,,,,,,,,,,,,,,,,,,,,
FRAIL-074,29783928,PMC5963011,Physical activity intervention for elderly patients with reduced physical performance after acute coronary syndrome (HULK study): rationale and design of a randomized clinical trial.,Dr Chandrakala D,Dr Siddalingaiah H S,pmc_fulltext_available,,,,,,,,,,,,,,,,,,,,,,,,,,
FRAIL-075,29346524,PMC6248206,"Effects of a Primary Care-Based Multifactorial Intervention on Physical and Cognitive Function in Frail, Elderly Individuals: A Randomized Controlled Trial.",Dr Siddalingaiah H S,Dr Chandrakala D,pmc_fulltext_available,,,,,,,,,,,,,,,,,,,,,,,,,,
FRAIL-076,29310138,PMC5898617,Effect of Physical Activity on Frailty: Secondary Analysis of a Randomized Controlled Trial.,Dr Chandrakala D,Dr Siddalingaiah H S,pmc_fulltext_available,,,,,,,,,,,,,,,,,,,,,,,,,,
FRAIL-077,28972245,PMC12877681,Multi-Domains Lifestyle Interventions Reduces Depressive Symptoms among Frail and Pre-Frail Older Persons: Randomized Controlled Trial.,Dr Siddalingaiah H S,Dr Chandrakala D,pmc_fulltext_available,,,,,,,,,,,,,,,,,,,,,,,,,,
FRAIL-078,28951766,PMC5603129,"Effect of Weight Loss, Exercise, or Both on Undercarboxylated Osteocalcin and Insulin Secretion in Frail, Obese Older Adults.",Dr Chandrakala D,Dr Siddalingaiah H S,pmc_fulltext_available,,,,,,,,,,,,,,,,,,,,,,,,,,
FRAIL-079,28514618,PMC5552187,"Aerobic or Resistance Exercise, or Both, in Dieting Obese Older Adults.",Dr Siddalingaiah H S,Dr Chandrakala D,pmc_fulltext_available,,,,,,,,,,,,,,,,,,,,,,,,,,
FRAIL-080,28085913,PMC5234793,Impact of a Home-Based Physical and Nutritional Intervention Program Conducted by Lay-Volunteers on Handgrip Strength in Prefrail and Frail Older Adults: A Randomized Control Trial.,Dr Chandrakala D,Dr Siddalingaiah H S,pmc_fulltext_available,,,,,,,,,,,,,,,,,,,,,,,,,,
FRAIL-081,27897406,PMC5326822,Integrated care for geriatric frailty and sarcopenia: a randomized control trial.,Dr Siddalingaiah H S,Dr Chandrakala D,pmc_fulltext_available,,,,,,,,,,,,,,,,,,,,,,,,,,
FRAIL-082,27695646,PMC5042153,The Impact of Strong for Life on the Physical Functioning and Health of Older Adults Receiving Home and Community-Based Services.,Dr Chandrakala D,Dr Siddalingaiah H S,pmc_fulltext_available,,,,,,,,,,,,,,,,,,,,,,,,,,
FRAIL-083,27178766,PMC5351552,Identifying effective and feasible interventions to accelerate functional recovery from hospitalization in older adults: A randomized controlled pilot trial.,Dr Siddalingaiah H S,Dr Chandrakala D,pmc_fulltext_available,,,,,,,,,,,,,,,,,,,,,,,,,,
FRAIL-084,27175793,PMC4866031,The effects of a life goal-setting technique in a preventive care program for frail community-dwelling older people: a cluster nonrandomized controlled trial.,Dr Chandrakala D,Dr Siddalingaiah H S,pmc_fulltext_available,,,,,,,,,,,,,,,,,,,,,,,,,,
FRAIL-085,26786203,PMC5018561,"Improved Function With Enhanced Protein Intake per Meal: A Pilot Study of Weight Reduction in Frail, Obese Older Adults.",Dr Siddalingaiah H S,Dr Chandrakala D,pmc_fulltext_available,,,,,,,,,,,,,,,,,,,,,,,,,,
FRAIL-086,26201510,PMC4511529,Effectiveness of two year balance training programme on prevention of fall induced injuries in at risk women aged 75-85 living in community: Ossébo randomised controlled trial.,Dr Chandrakala D,Dr Siddalingaiah H S,pmc_fulltext_available,,,,,,,,,,,,,,,,,,,,,,,,,,
FRAIL-087,25887235,PMC4334409,MultiComponent Exercise and theRApeutic lifeStyle (CERgAS) intervention to improve physical performance and maintain independent living among urban poor older people--a cluster randomised controlled trial.,Dr Siddalingaiah H S,Dr Chandrakala D,pmc_fulltext_available,,,,,,,,,,,,,,,,,,,,,,,,,,
FRAIL-088,25659147,PMC4319727,"Effects of exercise and milk fat globule membrane (MFGM) supplementation on body composition, physical function, and hematological parameters in community-dwelling frail Japanese women: a randomized double blind, placebo-controlled, follow-up trial.",Dr Chandrakala D,Dr Siddalingaiah H S,pmc_fulltext_available,,,,,,,,,,,,,,,,,,,,,,,,,,
FRAIL-089,25387728,PMC4311184,A physical activity intervention to treat the frailty syndrome in older persons-results from the LIFE-P study.,Dr Siddalingaiah H S,Dr Chandrakala D,pmc_fulltext_available,,,,,,,,,,,,,,,,,,,,,,,,,,
FRAIL-090,24951180,PMC4080753,An individually-tailored multifactorial intervention program for older fallers in a middle-income developing country: Malaysian Falls Assessment and Intervention Trial (MyFAIT).,Dr Chandrakala D,Dr Siddalingaiah H S,pmc_fulltext_available,,,,,,,,,,,,,,,,,,,,,,,,,,
FRAIL-091,24742587,PMC4146519,The Home-based Older People's Exercise (HOPE) trial: a pilot randomised controlled trial of a home-based exercise intervention for older people with frailty.,Dr Siddalingaiah H S,Dr Chandrakala D,pmc_fulltext_available,,,,,,,,,,,,,,,,,,,,,,,,,,
FRAIL-092,23009149,PMC3490887,A pilot randomized controlled trial to improve geriatric frailty.,Dr Chandrakala D,Dr Siddalingaiah H S,pmc_fulltext_available,,,,,,,,,,,,,,,,,,,,,,,,,,
FRAIL-093,22499461,PMC12878082,Efficacy of a home-based intervention programme on the physical activity level and functional ability of older people using domestic services: a randomised study.,Dr Siddalingaiah H S,Dr Chandrakala D,pmc_fulltext_available,,,,,,,,,,,,,,,,,,,,,,,,,,
FRAIL-094,21449785,PMC3114602,"Weight loss, exercise, or both and physical function in obese older adults.",Dr Chandrakala D,Dr Siddalingaiah H S,pmc_fulltext_available,,,,,,,,,,,,,,,,,,,,,,,,,,
FRAIL-095,18364384,PMC2435639,Effect of weight loss and exercise therapy on bone metabolism and mass in obese older adults: a one-year randomized controlled trial.,Dr Siddalingaiah H S,Dr Chandrakala D,pmc_fulltext_available,,,,,,,,,,,,,,,,,,,,,,,,,,
FRAIL-096,42066553,,"Effects of pickleball on pre-frailty, physical fitness, 24-hour movement behaviors, and quality of life in older adults: A randomized controlled trial.",Dr Chandrakala D,Dr Siddalingaiah H S,publisher_or_library_fulltext_required,,,,,,,,,,,,,,,,,,,,,,,,,,
FRAIL-097,41805014,,Fermented Whey Protein Supplement Slows the Progression of Frailty and Sarcopenia Among Older Korean Adults: A Randomized Blinded Trial.,Dr Siddalingaiah H S,Dr Chandrakala D,publisher_or_library_fulltext_required,,,,,,,,,,,,,,,,,,,,,,,,,,
FRAIL-098,41397660,,Strength but not power training increases soluble alpha klotho levels in pre-frail older adults.,Dr Chandrakala D,Dr Siddalingaiah H S,publisher_or_library_fulltext_required,,,,,,,,,,,,,,,,,,,,,,,,,,
FRAIL-099,41386386,,The effect of exercise and soy protein intake on physical frailty score improvement in community-dwelling elderly: a randomized controlled trial.,Dr Siddalingaiah H S,Dr Chandrakala D,publisher_or_library_fulltext_required,,,,,,,,,,,,,,,,,,,,,,,,,,
FRAIL-100,41190491,,Impacts of (Pre-)Social Frailty on the Effectiveness of a Theory-Driven Exercise Intervention Among Community-Dwelling (Pre-)Physically Frail Older Adults.,Dr Chandrakala D,Dr Siddalingaiah H S,publisher_or_library_fulltext_required,,,,,,,,,,,,,,,,,,,,,,,,,,
FRAIL-101,39731555,,Impacts of Depressive Symptoms on the Effectiveness of a Theory-Driven Exercise Intervention Among Community-Dwelling (Pre)frail Older Adults.,Dr Siddalingaiah H S,Dr Chandrakala D,publisher_or_library_fulltext_required,,,,,,,,,,,,,,,,,,,,,,,,,,
FRAIL-102,41103092,,Nutritional Guidance Decreases the Prevalence of Frailty Among Older Caregivers.,Dr Chandrakala D,Dr Siddalingaiah H S,publisher_or_library_fulltext_required,,,,,,,,,,,,,,,,,,,,,,,,,,
FRAIL-103,40977239,,Effect of a combined exercise and nutrition program on sarcopenia in older adults: a randomised controlled trial in primary care.,Dr Siddalingaiah H S,Dr Chandrakala D,publisher_or_library_fulltext_required,,,,,,,,,,,,,,,,,,,,,,,,,,
FRAIL-104,40616927,,Effects of a nurse-led health coaching program to prevent frailty in prefrail older women: A randomized controlled trial.,Dr Chandrakala D,Dr Siddalingaiah H S,publisher_or_library_fulltext_required,,,,,,,,,,,,,,,,,,,,,,,,,,
FRAIL-105,40147475,,"Metformin and physical performance in older people with probable sarcopenia and physical prefrailty or frailty in England (MET-PREVENT): a double-blind, randomised, placebo-controlled trial.",Dr Siddalingaiah H S,Dr Chandrakala D,publisher_or_library_fulltext_required,,,,,,,,,,,,,,,,,,,,,,,,,,
FRAIL-106,40121126,,"Improvements in Depressive Symptoms, Perceived Social Support, and Quality of Life Through an Educational Program in Community-Dwelling Older Adults With Frailty Phenotype: A Randomized Controlled Trial of the FRAGSALUD Project.",Dr Chandrakala D,Dr Siddalingaiah H S,publisher_or_library_fulltext_required,,,,,,,,,,,,,,,,,,,,,,,,,,
FRAIL-107,40024357,,"Examining the impact of 28-week multicomponent and strength exercises on brain health, salivary stress, and mental well-being in frail older women: A controlled trial analysis.",Dr Siddalingaiah H S,Dr Chandrakala D,publisher_or_library_fulltext_required,,,,,,,,,,,,,,,,,,,,,,,,,,
FRAIL-108,39798411,,Effects of interactive boxing-cycling on dual-task walking and prefrontal cortex activation in older adults with cognitive frailty: A randomized controlled trial.,Dr Chandrakala D,Dr Siddalingaiah H S,publisher_or_library_fulltext_required,,,,,,,,,,,,,,,,,,,,,,,,,,
FRAIL-109,39736420,,Effects of the Vivifrail-B multicomponent exercise program based on society ecosystems theory on physical function in community-dwelling frail older adults: A randomized controlled trial.,Dr Siddalingaiah H S,Dr Chandrakala D,publisher_or_library_fulltext_required,,,,,,,,,,,,,,,,,,,,,,,,,,
FRAIL-110,39626407,,Acceptability and utility of a broad test battery to evaluate physical functioning and frailty in community-based settings for people experiencing homelessness and addiction-Findings from the LEAP trials.,Dr Chandrakala D,Dr Siddalingaiah H S,publisher_or_library_fulltext_required,,,,,,,,,,,,,,,,,,,,,,,,,,
FRAIL-111,39561465,,Effect of a home-based exercise program on subsequent falls among community-dwelling older adults with cognitive frailty: A sub-group analysis of a randomized controlled trial.,Dr Siddalingaiah H S,Dr Chandrakala D,publisher_or_library_fulltext_required,,,,,,,,,,,,,,,,,,,,,,,,,,
FRAIL-112,39500251,,Effectiveness of a theory-underpinning exercise intervention among community-dwelling (pre)frail older adults: A stepped-wedge cluster-randomized trial.,Dr Chandrakala D,Dr Siddalingaiah H S,publisher_or_library_fulltext_required,,,,,,,,,,,,,,,,,,,,,,,,,,
FRAIL-113,39647881,,[The difference in effect between individual exercise and collective exercise in older adults with frailty-A randomized controlled trial].,Dr Siddalingaiah H S,Dr Chandrakala D,publisher_or_library_fulltext_required,,,,,,,,,,,,,,,,,,,,,,,,,,
FRAIL-114,39182446,,Impacts of subjective cognitive decline and mild cognitive impairment on the effectiveness of an exercise intervention among community-dwelling (Pre)frail older adults.,Dr Chandrakala D,Dr Siddalingaiah H S,publisher_or_library_fulltext_required,,,,,,,,,,,,,,,,,,,,,,,,,,
FRAIL-115,39166366,,"Correction to ""Effect of cholecalciferol supplementation on hand grip strength, walking speed, and expression of vitamin D receptor, interleukin-6, and insulin-like growth factor-1 in monocyte in pre-frail older adults: A randomized double-blind placebo-controlled trial"".",Dr Siddalingaiah H S,Dr Chandrakala D,publisher_or_library_fulltext_required,,,,,,,,,,,,,,,,,,,,,,,,,,
FRAIL-116,38727090,,Changes in cognitive function after a 12-week POWER rehabilitation in older adults with schizophrenia and frailty.,Dr Chandrakala D,Dr Siddalingaiah H S,publisher_or_library_fulltext_required,,,,,,,,,,,,,,,,,,,,,,,,,,
FRAIL-117,38691121,,"Effectiveness of Resistance Band Use in Conjunction With Tai Chi Among Older Adults With Prefrailty to Improve Functional Fitness, Quality of Life, and Heart Rate Variability.",Dr Siddalingaiah H S,Dr Chandrakala D,publisher_or_library_fulltext_required,,,,,,,,,,,,,,,,,,,,,,,,,,
FRAIL-118,38479253,,Interactive boxing-cycling on frailty and activity limitations in frail and prefrail older adults: A randomized controlled trial.,Dr Chandrakala D,Dr Siddalingaiah H S,publisher_or_library_fulltext_required,,,,,,,,,,,,,,,,,,,,,,,,,,
FRAIL-119,38430497,,Verification of the Effects of a YouTube-Based Home-Based (Self-Managed Intervention) Training System Developed for Frailty Prevention: A Pilot Study.,Dr Siddalingaiah H S,Dr Chandrakala D,publisher_or_library_fulltext_required,,,,,,,,,,,,,,,,,,,,,,,,,,
FRAIL-120,38251739,,Response rates and associated factors after a multicomponent intervention in frail older adults with diabetes.,Dr Chandrakala D,Dr Siddalingaiah H S,publisher_or_library_fulltext_required,,,,,,,,,,,,,,,,,,,,,,,,,,
FRAIL-121,37997084,,Enabling health and maintaining independence for older people at home (HomeHealth trial): a multicentre randomised controlled trial.,Dr Siddalingaiah H S,Dr Chandrakala D,publisher_or_library_fulltext_required,,,,,,,,,,,,,,,,,,,,,,,,,,
FRAIL-122,37026833,,Effects of Exercise Interventions on Physical Performance and Activities of Daily Living in Oldest-Old and Frail Older Adults: A Review of the Literature.,Dr Chandrakala D,Dr Siddalingaiah H S,publisher_or_library_fulltext_required,,,,,,,,,,,,,,,,,,,,,,,,,,
FRAIL-123,36849160,,Building resilience and reversing frailty: a randomised controlled trial of a primary care intervention for older adults.,Dr Siddalingaiah H S,Dr Chandrakala D,publisher_or_library_fulltext_required,,,,,,,,,,,,,,,,,,,,,,,,,,
FRAIL-124,36629088,,"Effects of Vitamin D, Omega-3 Fatty Acids and a Home Exercise Program on Prevention of Pre-Frailty in Older Adults: The DO-HEALTH Randomized Clinical Trial.",Dr Chandrakala D,Dr Siddalingaiah H S,publisher_or_library_fulltext_required,,,,,,,,,,,,,,,,,,,,,,,,,,
FRAIL-125,34417416,,Effectiveness of a Supervised Group-Based Otago Exercise Program on Functional Performance in Frail Institutionalized Older Adults: A Multicenter Randomized Controlled Trial.,Dr Siddalingaiah H S,Dr Chandrakala D,publisher_or_library_fulltext_required,,,,,,,,,,,,,,,,,,,,,,,,,,
FRAIL-126,36037722,,Resistance training-induced improvement in physical function is not associated to changes in endocrine somatotropic activity in prefrail older adults.,Dr Chandrakala D,Dr Siddalingaiah H S,publisher_or_library_fulltext_required,,,,,,,,,,,,,,,,,,,,,,,,,,
FRAIL-127,34283997,,"Effect of 12-Month Supervised, Home-Based Physical Exercise on Functioning Among Persons With Signs of Frailty: A Randomized Controlled Trial.",Dr Siddalingaiah H S,Dr Chandrakala D,publisher_or_library_fulltext_required,,,,,,,,,,,,,,,,,,,,,,,,,,
FRAIL-128,33975304,,Reinforcement Effects of Social Network Intervention during Nutritional Supplementation in Frail Older Adults.,Dr Chandrakala D,Dr Siddalingaiah H S,publisher_or_library_fulltext_required,,,,,,,,,,,,,,,,,,,,,,,,,,
FRAIL-129,33691612,,A Randomized Controlled Pilot Exercise and Protein Effectiveness Supplementation Study (EXPRESS) on Reducing Frailty Risk in Community-Dwelling Older People.,Dr Siddalingaiah H S,Dr Chandrakala D,publisher_or_library_fulltext_required,,,,,,,,,,,,,,,,,,,,,,,,,,
FRAIL-130,33128790,,Improvement of oral hypofunction by a comprehensive oral and physical exercise programme including textured lunch gatherings.,Dr Chandrakala D,Dr Siddalingaiah H S,publisher_or_library_fulltext_required,,,,,,,,,,,,,,,,,,,,,,,,,,
FRAIL-131,32858228,,DO-HEALTH: Vitamin D3 - Omega-3 - Home exercise - Healthy aging and longevity trial - Design of a multinational clinical trial on healthy aging among European seniors.,Dr Siddalingaiah H S,Dr Chandrakala D,publisher_or_library_fulltext_required,,,,,,,,,,,,,,,,,,,,,,,,,,
FRAIL-132,32443963,,Perceptive-Cognitive and Physical Function in Prefrail Older Adults: Exergaming Versus Traditional Multicomponent Training.,Dr Chandrakala D,Dr Siddalingaiah H S,publisher_or_library_fulltext_required,,,,,,,,,,,,,,,,,,,,,,,,,,
FRAIL-133,31706917,,Effects of a Multicomponent Frailty Prevention Program in Prefrail Community-Dwelling Older Persons: A Randomized Controlled Trial.,Dr Siddalingaiah H S,Dr Chandrakala D,publisher_or_library_fulltext_required,,,,,,,,,,,,,,,,,,,,,,,,,,
FRAIL-134,30528641,,Effect of a short multicomponent exercise intervention focused on muscle power in frail and pre frail elderly: A pilot trial.,Dr Chandrakala D,Dr Siddalingaiah H S,publisher_or_library_fulltext_required,,,,,,,,,,,,,,,,,,,,,,,,,,
FRAIL-135,29395372,,"A high whey protein, vitamin D and E supplement preserves muscle mass, strength, and quality of life in sarcopenic older adults: A double-blind randomized controlled trial.",Dr Siddalingaiah H S,Dr Chandrakala D,publisher_or_library_fulltext_required,,,,,,,,,,,,,,,,,,,,,,,,,,
FRAIL-136,29381526,,The Modified Otago Exercises Prevent Grip Strength Deterioration Among Older Fallers in the Malaysian Falls Assessment and Intervention Trial (MyFAIT).,Dr Chandrakala D,Dr Siddalingaiah H S,publisher_or_library_fulltext_required,,,,,,,,,,,,,,,,,,,,,,,,,,
FRAIL-137,30328470,,Effect of respiratory rehabilitation for frail older patients with musculoskeletal disorders: a randomized controlled trial.,Dr Siddalingaiah H S,Dr Chandrakala D,publisher_or_library_fulltext_required,,,,,,,,,,,,,,,,,,,,,,,,,,
FRAIL-138,30053278,,Cholecalciferol or 25-Hydroxycholecalciferol Supplementation Does Not Affect Muscle Strength and Physical Performance in Prefrail and Frail Older Adults.,Dr Chandrakala D,Dr Siddalingaiah H S,publisher_or_library_fulltext_required,,,,,,,,,,,,,,,,,,,,,,,,,,
FRAIL-139,29455058,,Physical activity combined with resistance training reduces symptoms of frailty in older adults: A randomized controlled trial.,Dr Siddalingaiah H S,Dr Chandrakala D,publisher_or_library_fulltext_required,,,,,,,,,,,,,,,,,,,,,,,,,,
FRAIL-140,29183035,,User-Oriented Evaluation of a Robotic Rollator That Provides Navigation Assistance in Frail Older Adults with and without Cognitive Impairment.,Dr Chandrakala D,Dr Siddalingaiah H S,publisher_or_library_fulltext_required,,,,,,,,,,,,,,,,,,,,,,,,,,
FRAIL-141,28064172,,Effectiveness of an intervention to prevent frailty in pre-frail community-dwelling older people consulting in primary care: a randomised controlled trial.,Dr Siddalingaiah H S,Dr Chandrakala D,publisher_or_library_fulltext_required,,,,,,,,,,,,,,,,,,,,,,,,,,
FRAIL-142,27993489,,A multifactorial intervention for frail older people is more than twice as effective among those who are compliant: complier average causal effect analysis of a randomised trial.,Dr Chandrakala D,Dr Siddalingaiah H S,publisher_or_library_fulltext_required,,,,,,,,,,,,,,,,,,,,,,,,,,
FRAIL-143,27588891,,Fear of falling reduced by a lay led home-based program in frail community-dwelling older adults: A randomised controlled trial.,Dr Siddalingaiah H S,Dr Chandrakala D,publisher_or_library_fulltext_required,,,,,,,,,,,,,,,,,,,,,,,,,,
FRAIL-144,27138245,,Effects of an integrated health education and elastic band resistance training program on physical function and muscle strength in community-dwelling elderly women: Healthy Aging and Happy Aging II study.,Dr Chandrakala D,Dr Siddalingaiah H S,publisher_or_library_fulltext_required,,,,,,,,,,,,,,,,,,,,,,,,,,
FRAIL-145,26947059,,"A Multicomponent Exercise Intervention that Reverses Frailty and Improves Cognition, Emotion, and Social Networking in the Community-Dwelling Frail Elderly: A Randomized Clinical Trial.",Dr Siddalingaiah H S,Dr Chandrakala D,publisher_or_library_fulltext_required,,,,,,,,,,,,,,,,,,,,,,,,,,
FRAIL-146,27032052,,Nutrition and Frailty: A Review of Clinical Intervention Studies.,Dr Chandrakala D,Dr Siddalingaiah H S,publisher_or_library_fulltext_required,,,,,,,,,,,,,,,,,,,,,,,,,,
FRAIL-147,26663424,,Cost-Effectiveness of a Chronic Care Model for Frail Older Adults in Primary Care: Economic Evaluation Alongside a Stepped-Wedge Cluster-Randomized Trial.,Dr Siddalingaiah H S,Dr Chandrakala D,publisher_or_library_fulltext_required,,,,,,,,,,,,,,,,,,,,,,,,,,
FRAIL-148,26159634,,"Nutritional, Physical, Cognitive, and Combination Interventions and Frailty Reversal Among Older Adults: A Randomized Controlled Trial.",Dr Chandrakala D,Dr Siddalingaiah H S,publisher_or_library_fulltext_required,,,,,,,,,,,,,,,,,,,,,,,,,,
FRAIL-149,25659620,,Effects of a combined physical training and nutrition intervention on physical performance and health-related quality of life in prefrail older women living in the community: a randomized controlled trial.,Dr Siddalingaiah H S,Dr Chandrakala D,publisher_or_library_fulltext_required,,,,,,,,,,,,,,,,,,,,,,,,,,
FRAIL-150,27049906,,Predicting the Efficacy of Protein-Energy Supplementation in Frail Older Adults Living in Community.,Dr Chandrakala D,Dr Siddalingaiah H S,publisher_or_library_fulltext_required,,,,,,,,,,,,,,,,,,,,,,,,,,
FRAIL-151,24381025,,"Effect of a multifactorial, interdisciplinary intervention on risk factors for falls and fall rate in frail older people: a randomised controlled trial.",Dr Siddalingaiah H S,Dr Chandrakala D,publisher_or_library_fulltext_required,,,,,,,,,,,,,,,,,,,,,,,,,,
FRAIL-152,23906550,,Physical function and fear of falling 2 years after the health-promoting randomized controlled trial: elderly persons in the risk zone.,Dr Chandrakala D,Dr Siddalingaiah H S,publisher_or_library_fulltext_required,,,,,,,,,,,,,,,,,,,,,,,,,,
FRAIL-153,23740589,,The effect of functional circuit training on self-reported fear of falling and health status in a group of physically frail older individuals: a randomized controlled trial.,Dr Siddalingaiah H S,Dr Chandrakala D,publisher_or_library_fulltext_required,,,,,,,,,,,,,,,,,,,,,,,,,,
FRAIL-154,23429407,,Intentional weight loss in older adults: useful or wasting disease generating strategy?,Dr Chandrakala D,Dr Siddalingaiah H S,publisher_or_library_fulltext_required,,,,,,,,,,,,,,,,,,,,,,,,,,
FRAIL-155,22879453,,Preventive effect of protein-energy supplementation on the functional decline of frail older adults with low socioeconomic status: a community-based randomized controlled study.,Dr Siddalingaiah H S,Dr Chandrakala D,publisher_or_library_fulltext_required,,,,,,,,,,,,,,,,,,,,,,,,,,
FRAIL-156,22744992,,Wii-hab for pre-frail older adults.,Dr Chandrakala D,Dr Siddalingaiah H S,publisher_or_library_fulltext_required,,,,,,,,,,,,,,,,,,,,,,,,,,
FRAIL-157,20956842,,The effect of functional circuit training on physical frailty in frail older adults: a randomized controlled trial.,Dr Siddalingaiah H S,Dr Chandrakala D,publisher_or_library_fulltext_required,,,,,,,,,,,,,,,,,,,,,,,,,,
FRAIL-158,20171455,,"The effectiveness of a comprehensive geriatric assessment intervention program for frailty in community-dwelling older people: a randomized, controlled trial.",Dr Chandrakala D,Dr Siddalingaiah H S,publisher_or_library_fulltext_required,,,,,,,,,,,,,,,,,,,,,,,,,,
FRAIL-159,20044155,,Effects of a physical training and nutritional intervention program in frail elderly people regarding habitual physical activity level and activities of daily living--a randomized controlled pilot study.,Dr Siddalingaiah H S,Dr Chandrakala D,publisher_or_library_fulltext_required,,,,,,,,,,,,,,,,,,,,,,,,,,
FRAIL-160,19394017,,Comparison of three established measures of fear of falling in community-dwelling older adults: psychometric testing.,Dr Chandrakala D,Dr Siddalingaiah H S,publisher_or_library_fulltext_required,,,,,,,,,,,,,,,,,,,,,,,,,,
FRAIL-161,18804874,,Comparison of 2-year effects of once and twice weekly water exercise on activities of daily living ability of community dwelling frail elderly.,Dr Siddalingaiah H S,Dr Chandrakala D,publisher_or_library_fulltext_required,,,,,,,,,,,,,,,,,,,,,,,,,,
FRAIL-162,18608400,,Comparison two-year effects of once-weekly and twice-weekly water exercise on health-related quality of life of community-dwelling frail elderly people at a day-service facility.,Dr Chandrakala D,Dr Siddalingaiah H S,publisher_or_library_fulltext_required,,,,,,,,,,,,,,,,,,,,,,,,,,
FRAIL-163,18431084,,Effects of a physical and nutritional intervention program for frail elderly people over age 75. A randomized controlled pilot treatment trial.,Dr Siddalingaiah H S,Dr Chandrakala D,publisher_or_library_fulltext_required,,,,,,,,,,,,,,,,,,,,,,,,,,
FRAIL-164,17624483,,Feasibility and effectiveness of a nurse-led community exercise programme for prevention of falls among frail elderly people: a multi-centre controlled trial.,Dr Chandrakala D,Dr Siddalingaiah H S,publisher_or_library_fulltext_required,,,,,,,,,,,,,,,,,,,,,,,,,,
FRAIL-165,16813773,,Effects of exercise programs on falls and mobility in frail and pre-frail older adults: A multicenter randomized controlled trial.,Dr Siddalingaiah H S,Dr Chandrakala D,publisher_or_library_fulltext_required,,,,,,,,,,,,,,,,,,,,,,,,,,
FRAIL-166,16636211,,Effect of weight loss and exercise on frailty in obese older adults.,Dr Chandrakala D,Dr Siddalingaiah H S,publisher_or_library_fulltext_required,,,,,,,,,,,,,,,,,,,,,,,,,,
FRAIL-167,16510864,,"The influence of intense Tai Chi training on physical performance and hemodynamic outcomes in transitionally frail, older adults.",Dr Siddalingaiah H S,Dr Chandrakala D,publisher_or_library_fulltext_required,,,,,,,,,,,,,,,,,,,,,,,,,,
FRAIL-168,15241748,,A prehabilitation program for the prevention of functional decline: effect on higher-level physical function.,Dr Chandrakala D,Dr Siddalingaiah H S,publisher_or_library_fulltext_required,,,,,,,,,,,,,,,,,,,,,,,,,,
FRAIL-169,14687360,,Selected as the best paper in the 1990s: Reducing frailty and falls in older persons: an investigation of tai chi and computerized balance training.,Dr Siddalingaiah H S,Dr Chandrakala D,publisher_or_library_fulltext_required,,,,,,,,,,,,,,,,,,,,,,,,,,
FRAIL-170,12588571,,"A randomized, controlled trial of quadriceps resistance exercise and vitamin D in frail older people: the Frailty Interventions Trial in Elderly Subjects (FITNESS).",Dr Chandrakala D,Dr Siddalingaiah H S,publisher_or_library_fulltext_required,,,,,,,,,,,,,,,,,,,,,,,,,,
FRAIL-171,12448161,,[Physical training as treatment of reduced functional ability in frail 75+ year-olds living at home. A randomized intervention study in general practice with technological assessment elements].,Dr Siddalingaiah H S,Dr Chandrakala D,publisher_or_library_fulltext_required,,,,,,,,,,,,,,,,,,,,,,,,,,
FRAIL-172,12171453,,"Benefits of nutritional supplementation in free-living, frail, undernourished elderly people: a prospective randomized community trial.",Dr Chandrakala D,Dr Siddalingaiah H S,publisher_or_library_fulltext_required,,,,,,,,,,,,,,,,,,,,,,,,,,
FRAIL-173,11427784,,Exercise dose-response effects on quality of life and independent living in older adults.,Dr Siddalingaiah H S,Dr Chandrakala D,publisher_or_library_fulltext_required,,,,,,,,,,,,,,,,,,,,,,,,,,
FRAIL-174,11387588,,"Physical exercise and/or enriched foods for functional improvement in frail, independently living elderly: a randomized controlled trial.",Dr Chandrakala D,Dr Siddalingaiah H S,publisher_or_library_fulltext_required,,,,,,,,,,,,,,,,,,,,,,,,,,
FRAIL-175,10968301,,Attrition in an exercise intervention: a comparison of early and later dropouts.,Dr Siddalingaiah H S,Dr Chandrakala D,publisher_or_library_fulltext_required,,,,,,,,,,,,,,,,,,,,,,,,,,
FRAIL-176,10896013,,Low-intensity exercise as a modifier of physical frailty in older adults.,Dr Chandrakala D,Dr Siddalingaiah H S,publisher_or_library_fulltext_required,,,,,,,,,,,,,,,,,,,,,,,,,,
FRAIL-177,10496549,,The relation between psychometric test performance and physical performance in older adults.,Dr Siddalingaiah H S,Dr Chandrakala D,publisher_or_library_fulltext_required,,,,,,,,,,,,,,,,,,,,,,,,,,
FRAIL-178,10462167,,Peak aerobic power is an important component of physical performance in older women.,Dr Chandrakala D,Dr Siddalingaiah H S,publisher_or_library_fulltext_required,,,,,,,,,,,,,,,,,,,,,,,,,,
FRAIL-179,8617895,,Reducing frailty and falls in older persons: an investigation of Tai Chi and computerized balance training. Atlanta FICSIT Group. Frailty and Injuries: Cooperative Studies of Intervention Techniques.,Dr Siddalingaiah H S,Dr Chandrakala D,publisher_or_library_fulltext_required,,,,,,,,,,,,,,,,,,,,,,,,,,
