"param","sex","refht","lnht_coef","age","L","M","S"
"fvc","M",162.5,2.038,45,1.1172,3.0137,0.198
"fvc","M",162.5,2.038,46,1.1105,2.993,0.1985
"fvc","M",162.5,2.038,47,1.1039,2.9725,0.199
"fvc","M",162.5,2.038,48,1.0972,2.952,0.1995
"fvc","M",162.5,2.038,49,1.0905,2.9315,0.2001
"fvc","M",162.5,2.038,50,1.0838,2.911,0.2007
"fvc","M",162.5,2.038,51,1.0772,2.8904,0.2013
"fvc","M",162.5,2.038,52,1.0705,2.8697,0.2019
"fvc","M",162.5,2.038,53,1.0638,2.8489,0.2025
"fvc","M",162.5,2.038,54,1.0572,2.8278,0.2032
"fvc","M",162.5,2.038,55,1.0505,2.8065,0.204
"fvc","M",162.5,2.038,56,1.0438,2.7849,0.2048
"fvc","M",162.5,2.038,57,1.0371,2.7631,0.2056
"fvc","M",162.5,2.038,58,1.0305,2.7411,0.2065
"fvc","M",162.5,2.038,59,1.0238,2.7188,0.2074
"fvc","M",162.5,2.038,60,1.0171,2.6963,0.2083
"fvc","M",162.5,2.038,61,1.0105,2.6735,0.2093
"fvc","M",162.5,2.038,62,1.0038,2.6506,0.2103
"fvc","M",162.5,2.038,63,0.9971,2.6273,0.2113
"fvc","M",162.5,2.038,64,0.9904,2.6039,0.2124
"fvc","M",162.5,2.038,65,0.9838,2.5802,0.2135
"fvc","M",162.5,2.038,66,0.9771,2.5562,0.2146
"fvc","M",162.5,2.038,67,0.9704,2.5322,0.2158
"fvc","M",162.5,2.038,68,0.9638,2.5081,0.2169
"fvc","M",162.5,2.038,69,0.9571,2.4841,0.2181
"fvc","M",162.5,2.038,70,0.9504,2.4602,0.2193
"fvc","M",162.5,2.038,71,0.9438,2.4366,0.2205
"fvc","M",162.5,2.038,72,0.9371,2.4131,0.2217
"fvc","M",162.5,2.038,73,0.9304,2.39,0.2229
"fvc","M",162.5,2.038,74,0.9237,2.3672,0.2241
"fvc","M",162.5,2.038,75,0.9171,2.3447,0.2253
"fvc","M",162.5,2.038,76,0.9104,2.3225,0.2265
"fvc","M",162.5,2.038,77,0.9037,2.3006,0.2277
"fvc","M",162.5,2.038,78,0.8971,2.2791,0.229
"fvc","M",162.5,2.038,79,0.8904,2.2578,0.2302
"fvc","M",162.5,2.038,80,0.8837,2.2369,0.2315
"fvc","M",162.5,2.038,81,0.8771,2.2162,0.2327
"fvc","M",162.5,2.038,82,0.8704,2.1957,0.234
"fvc","M",162.5,2.038,83,0.8637,2.1755,0.2353
"fvc","M",162.5,2.038,84,0.8571,2.1554,0.2367
"fvc","M",162.5,2.038,85,0.8504,2.1356,0.238
"fvc","M",162.5,2.038,86,0.8437,2.116,0.2394
"fvc","M",162.5,2.038,87,0.8371,2.0965,0.2407
"fvc","M",162.5,2.038,88,0.8304,2.0772,0.2421
"fvc","M",162.5,2.038,89,0.8237,2.0581,0.2435
"fvc","M",162.5,2.038,90,0.8171,2.0391,0.245
"fvc","F",150.6,2.0143,45,0.689,2.1636,0.2059
"fvc","F",150.6,2.0143,46,0.7045,2.1494,0.206
"fvc","F",150.6,2.0143,47,0.7199,2.1353,0.206
"fvc","F",150.6,2.0143,48,0.7353,2.1217,0.2061
"fvc","F",150.6,2.0143,49,0.7507,2.1083,0.2062
"fvc","F",150.6,2.0143,50,0.7662,2.0955,0.2062
"fvc","F",150.6,2.0143,51,0.7816,2.0829,0.2063
"fvc","F",150.6,2.0143,52,0.797,2.0707,0.2064
"fvc","F",150.6,2.0143,53,0.8125,2.0587,0.2065
"fvc","F",150.6,2.0143,54,0.8279,2.0468,0.2067
"fvc","F",150.6,2.0143,55,0.8433,2.0349,0.2069
"fvc","F",150.6,2.0143,56,0.8587,2.0229,0.2072
"fvc","F",150.6,2.0143,57,0.8742,2.0105,0.2075
"fvc","F",150.6,2.0143,58,0.8896,1.9975,0.208
"fvc","F",150.6,2.0143,59,0.905,1.984,0.2085
"fvc","F",150.6,2.0143,60,0.9205,1.9696,0.2091
"fvc","F",150.6,2.0143,61,0.9359,1.9546,0.2098
"fvc","F",150.6,2.0143,62,0.9513,1.939,0.2105
"fvc","F",150.6,2.0143,63,0.9668,1.9227,0.2113
"fvc","F",150.6,2.0143,64,0.9822,1.9059,0.2121
"fvc","F",150.6,2.0143,65,0.9976,1.8885,0.213
"fvc","F",150.6,2.0143,66,1.013,1.8707,0.2138
"fvc","F",150.6,2.0143,67,1.0285,1.8524,0.2147
"fvc","F",150.6,2.0143,68,1.0439,1.8339,0.2155
"fvc","F",150.6,2.0143,69,1.0593,1.8152,0.2164
"fvc","F",150.6,2.0143,70,1.0747,1.7965,0.2172
"fvc","F",150.6,2.0143,71,1.0902,1.7777,0.218
"fvc","F",150.6,2.0143,72,1.1056,1.759,0.2188
"fvc","F",150.6,2.0143,73,1.121,1.7403,0.2195
"fvc","F",150.6,2.0143,74,1.1364,1.7218,0.2203
"fvc","F",150.6,2.0143,75,1.1519,1.7035,0.221
"fvc","F",150.6,2.0143,76,1.1673,1.6854,0.2217
"fvc","F",150.6,2.0143,77,1.1827,1.6675,0.2223
"fvc","F",150.6,2.0143,78,1.1981,1.65,0.223
"fvc","F",150.6,2.0143,79,1.2136,1.6329,0.2236
"fvc","F",150.6,2.0143,80,1.229,1.6162,0.2242
"fvc","F",150.6,2.0143,81,1.2444,1.5999,0.2248
"fvc","F",150.6,2.0143,82,1.2598,1.5839,0.2254
"fvc","F",150.6,2.0143,83,1.2753,1.5684,0.2261
"fvc","F",150.6,2.0143,84,1.2907,1.5531,0.2267
"fvc","F",150.6,2.0143,85,1.3061,1.5382,0.2273
"fvc","F",150.6,2.0143,86,1.3215,1.5235,0.2279
"fvc","F",150.6,2.0143,87,1.337,1.5091,0.2286
"fvc","F",150.6,2.0143,88,1.3524,1.4949,0.2292
"fvc","F",150.6,2.0143,89,1.3678,1.4809,0.2299
"fvc","F",150.6,2.0143,90,1.3832,1.4671,0.2305
"fev1","M",162.5,1.816,45,1.2171,2.4488,0.199
"fev1","M",162.5,1.816,46,1.2102,2.4268,0.2003
"fev1","M",162.5,1.816,47,1.2032,2.405,0.2017
"fev1","M",162.5,1.816,48,1.1963,2.3834,0.2031
"fev1","M",162.5,1.816,49,1.1894,2.3619,0.2045
"fev1","M",162.5,1.816,50,1.1824,2.3407,0.2059
"fev1","M",162.5,1.816,51,1.1755,2.3196,0.2074
"fev1","M",162.5,1.816,52,1.1685,2.2986,0.2088
"fev1","M",162.5,1.816,53,1.1616,2.2777,0.2102
"fev1","M",162.5,1.816,54,1.1546,2.2568,0.2117
"fev1","M",162.5,1.816,55,1.1477,2.2358,0.2132
"fev1","M",162.5,1.816,56,1.1408,2.2147,0.2146
"fev1","M",162.5,1.816,57,1.1338,2.1935,0.2161
"fev1","M",162.5,1.816,58,1.1269,2.172,0.2176
"fev1","M",162.5,1.816,59,1.1199,2.1504,0.2191
"fev1","M",162.5,1.816,60,1.113,2.1284,0.2207
"fev1","M",162.5,1.816,61,1.1061,2.1062,0.2222
"fev1","M",162.5,1.816,62,1.0991,2.0838,0.2237
"fev1","M",162.5,1.816,63,1.0922,2.0611,0.2253
"fev1","M",162.5,1.816,64,1.0852,2.0381,0.2268
"fev1","M",162.5,1.816,65,1.0783,2.0151,0.2284
"fev1","M",162.5,1.816,66,1.0714,1.9919,0.23
"fev1","M",162.5,1.816,67,1.0644,1.9687,0.2316
"fev1","M",162.5,1.816,68,1.0575,1.9456,0.2332
"fev1","M",162.5,1.816,69,1.0505,1.9227,0.2348
"fev1","M",162.5,1.816,70,1.0436,1.9001,0.2365
"fev1","M",162.5,1.816,71,1.0367,1.8779,0.2381
"fev1","M",162.5,1.816,72,1.0297,1.8561,0.2398
"fev1","M",162.5,1.816,73,1.0228,1.8347,0.2414
"fev1","M",162.5,1.816,74,1.0158,1.8136,0.2431
"fev1","M",162.5,1.816,75,1.0089,1.793,0.2448
"fev1","M",162.5,1.816,76,1.002,1.7728,0.2465
"fev1","M",162.5,1.816,77,0.995,1.7529,0.2482
"fev1","M",162.5,1.816,78,0.9881,1.7334,0.2499
"fev1","M",162.5,1.816,79,0.9811,1.7143,0.2516
"fev1","M",162.5,1.816,80,0.9742,1.6954,0.2534
"fev1","M",162.5,1.816,81,0.9673,1.6769,0.2551
"fev1","M",162.5,1.816,82,0.9603,1.6586,0.2569
"fev1","M",162.5,1.816,83,0.9534,1.6406,0.2587
"fev1","M",162.5,1.816,84,0.9465,1.6229,0.2605
"fev1","M",162.5,1.816,85,0.9395,1.6054,0.2623
"fev1","M",162.5,1.816,86,0.9326,1.5881,0.2641
"fev1","M",162.5,1.816,87,0.9256,1.571,0.2659
"fev1","M",162.5,1.816,88,0.9187,1.5542,0.2678
"fev1","M",162.5,1.816,89,0.9118,1.5375,0.2697
"fev1","M",162.5,1.816,90,0.9048,1.521,0.2715
"fev1","F",150.6,1.9196,45,0.7142,1.7689,0.2167
"fev1","F",150.6,1.9196,46,0.7313,1.7549,0.2174
"fev1","F",150.6,1.9196,47,0.7484,1.7411,0.2181
"fev1","F",150.6,1.9196,48,0.7655,1.7277,0.2188
"fev1","F",150.6,1.9196,49,0.7827,1.7145,0.2196
"fev1","F",150.6,1.9196,50,0.7998,1.7018,0.2203
"fev1","F",150.6,1.9196,51,0.8169,1.6894,0.221
"fev1","F",150.6,1.9196,52,0.834,1.6773,0.2217
"fev1","F",150.6,1.9196,53,0.8511,1.6654,0.2225
"fev1","F",150.6,1.9196,54,0.8682,1.6536,0.2232
"fev1","F",150.6,1.9196,55,0.8854,1.6419,0.2239
"fev1","F",150.6,1.9196,56,0.9025,1.6301,0.2247
"fev1","F",150.6,1.9196,57,0.9196,1.6178,0.2254
"fev1","F",150.6,1.9196,58,0.9367,1.6052,0.2262
"fev1","F",150.6,1.9196,59,0.9538,1.5919,0.2269
"fev1","F",150.6,1.9196,60,0.9709,1.5781,0.2277
"fev1","F",150.6,1.9196,61,0.9881,1.5637,0.2284
"fev1","F",150.6,1.9196,62,1.0052,1.5489,0.2292
"fev1","F",150.6,1.9196,63,1.0223,1.5337,0.2299
"fev1","F",150.6,1.9196,64,1.0394,1.5181,0.2307
"fev1","F",150.6,1.9196,65,1.0565,1.5023,0.2314
"fev1","F",150.6,1.9196,66,1.0736,1.4863,0.2322
"fev1","F",150.6,1.9196,67,1.0907,1.4702,0.233
"fev1","F",150.6,1.9196,68,1.1079,1.4542,0.2337
"fev1","F",150.6,1.9196,69,1.125,1.4383,0.2345
"fev1","F",150.6,1.9196,70,1.1421,1.4226,0.2353
"fev1","F",150.6,1.9196,71,1.1592,1.4071,0.2361
"fev1","F",150.6,1.9196,72,1.1763,1.3919,0.2369
"fev1","F",150.6,1.9196,73,1.1934,1.3769,0.2376
"fev1","F",150.6,1.9196,74,1.2105,1.3622,0.2384
"fev1","F",150.6,1.9196,75,1.2276,1.3477,0.2392
"fev1","F",150.6,1.9196,76,1.2448,1.3334,0.24
"fev1","F",150.6,1.9196,77,1.2619,1.3194,0.2408
"fev1","F",150.6,1.9196,78,1.279,1.3056,0.2416
"fev1","F",150.6,1.9196,79,1.2961,1.2921,0.2424
"fev1","F",150.6,1.9196,80,1.3132,1.2788,0.2432
"fev1","F",150.6,1.9196,81,1.3303,1.2658,0.244
"fev1","F",150.6,1.9196,82,1.3474,1.253,0.2448
"fev1","F",150.6,1.9196,83,1.3645,1.2404,0.2456
"fev1","F",150.6,1.9196,84,1.3817,1.228,0.2464
"fev1","F",150.6,1.9196,85,1.3988,1.2158,0.2472
"fev1","F",150.6,1.9196,86,1.4159,1.2038,0.248
"fev1","F",150.6,1.9196,87,1.433,1.1919,0.2489
"fev1","F",150.6,1.9196,88,1.4501,1.1802,0.2497
"fev1","F",150.6,1.9196,89,1.4672,1.1686,0.2505
"fev1","F",150.6,1.9196,90,1.4843,1.1572,0.2513
"fev1fvc","M",162.5,NA,45,2.7161,81.69,0.0816
"fev1fvc","M",162.5,NA,46,2.7078,81.5402,0.0825
"fev1fvc","M",162.5,NA,47,2.6995,81.391,0.0835
"fev1fvc","M",162.5,NA,48,2.6912,81.2425,0.0845
"fev1fvc","M",162.5,NA,49,2.6829,81.095,0.0855
"fev1fvc","M",162.5,NA,50,2.6746,80.9484,0.0866
"fev1fvc","M",162.5,NA,51,2.6663,80.8029,0.0876
"fev1fvc","M",162.5,NA,52,2.658,80.6583,0.0886
"fev1fvc","M",162.5,NA,53,2.6497,80.5147,0.0897
"fev1fvc","M",162.5,NA,54,2.6415,80.372,0.0908
"fev1fvc","M",162.5,NA,55,2.6332,80.2299,0.0919
"fev1fvc","M",162.5,NA,56,2.6249,80.0884,0.093
"fev1fvc","M",162.5,NA,57,2.6166,79.9472,0.0941
"fev1fvc","M",162.5,NA,58,2.6083,79.8063,0.0952
"fev1fvc","M",162.5,NA,59,2.6,79.6655,0.0964
"fev1fvc","M",162.5,NA,60,2.5917,79.5249,0.0975
"fev1fvc","M",162.5,NA,61,2.5834,79.3846,0.0987
"fev1fvc","M",162.5,NA,62,2.5751,79.2449,0.0999
"fev1fvc","M",162.5,NA,63,2.5668,79.1058,0.1011
"fev1fvc","M",162.5,NA,64,2.5585,78.9675,0.1023
"fev1fvc","M",162.5,NA,65,2.5502,78.8302,0.1035
"fev1fvc","M",162.5,NA,66,2.5419,78.694,0.1048
"fev1fvc","M",162.5,NA,67,2.5336,78.559,0.106
"fev1fvc","M",162.5,NA,68,2.5253,78.4252,0.1073
"fev1fvc","M",162.5,NA,69,2.517,78.2926,0.1086
"fev1fvc","M",162.5,NA,70,2.5087,78.1613,0.1099
"fev1fvc","M",162.5,NA,71,2.5004,78.0314,0.1112
"fev1fvc","M",162.5,NA,72,2.4921,77.9027,0.1126
"fev1fvc","M",162.5,NA,73,2.4838,77.7753,0.1139
"fev1fvc","M",162.5,NA,74,2.4755,77.649,0.1153
"fev1fvc","M",162.5,NA,75,2.4672,77.5238,0.1167
"fev1fvc","M",162.5,NA,76,2.4589,77.3995,0.1181
"fev1fvc","M",162.5,NA,77,2.4506,77.2761,0.1195
"fev1fvc","M",162.5,NA,78,2.4423,77.1533,0.1209
"fev1fvc","M",162.5,NA,79,2.434,77.0313,0.1224
"fev1fvc","M",162.5,NA,80,2.4257,76.9098,0.1239
"fev1fvc","M",162.5,NA,81,2.4175,76.7889,0.1253
"fev1fvc","M",162.5,NA,82,2.4092,76.6684,0.1269
"fev1fvc","M",162.5,NA,83,2.4009,76.5485,0.1284
"fev1fvc","M",162.5,NA,84,2.3926,76.4289,0.1299
"fev1fvc","M",162.5,NA,85,2.3843,76.3098,0.1315
"fev1fvc","M",162.5,NA,86,2.376,76.1909,0.1331
"fev1fvc","M",162.5,NA,87,2.3677,76.0724,0.1347
"fev1fvc","M",162.5,NA,88,2.3594,75.9541,0.1363
"fev1fvc","M",162.5,NA,89,2.3511,75.8361,0.1379
"fev1fvc","M",162.5,NA,90,2.3428,75.7183,0.1396
"fev1fvc","F",150.6,NA,45,2.3946,82.3289,0.0835
"fev1fvc","F",150.6,NA,46,2.3845,82.1778,0.0841
"fev1fvc","F",150.6,NA,47,2.3745,82.0299,0.0848
"fev1fvc","F",150.6,NA,48,2.3645,81.8867,0.0854
"fev1fvc","F",150.6,NA,49,2.3544,81.7497,0.0861
"fev1fvc","F",150.6,NA,50,2.3444,81.6203,0.0868
"fev1fvc","F",150.6,NA,51,2.3343,81.4989,0.0875
"fev1fvc","F",150.6,NA,52,2.3243,81.3858,0.0882
"fev1fvc","F",150.6,NA,53,2.3143,81.2804,0.0889
"fev1fvc","F",150.6,NA,54,2.3042,81.1809,0.0896
"fev1fvc","F",150.6,NA,55,2.2942,81.0854,0.0903
"fev1fvc","F",150.6,NA,56,2.2842,80.9901,0.0911
"fev1fvc","F",150.6,NA,57,2.2741,80.8914,0.0918
"fev1fvc","F",150.6,NA,58,2.2641,80.7879,0.0926
"fev1fvc","F",150.6,NA,59,2.2541,80.6797,0.0934
"fev1fvc","F",150.6,NA,60,2.244,80.5675,0.0943
"fev1fvc","F",150.6,NA,61,2.234,80.4528,0.0951
"fev1fvc","F",150.6,NA,62,2.2239,80.3373,0.096
"fev1fvc","F",150.6,NA,63,2.2139,80.2233,0.0969
"fev1fvc","F",150.6,NA,64,2.2039,80.113,0.0978
"fev1fvc","F",150.6,NA,65,2.1938,80.0087,0.0988
"fev1fvc","F",150.6,NA,66,2.1838,79.9129,0.0997
"fev1fvc","F",150.6,NA,67,2.1738,79.828,0.1007
"fev1fvc","F",150.6,NA,68,2.1637,79.7561,0.1017
"fev1fvc","F",150.6,NA,69,2.1537,79.6989,0.1027
"fev1fvc","F",150.6,NA,70,2.1437,79.6557,0.1037
"fev1fvc","F",150.6,NA,71,2.1336,79.6251,0.1047
"fev1fvc","F",150.6,NA,72,2.1236,79.606,0.1058
"fev1fvc","F",150.6,NA,73,2.1135,79.5972,0.1068
"fev1fvc","F",150.6,NA,74,2.1035,79.5975,0.1079
"fev1fvc","F",150.6,NA,75,2.0935,79.6058,0.109
"fev1fvc","F",150.6,NA,76,2.0834,79.6208,0.1101
"fev1fvc","F",150.6,NA,77,2.0734,79.6414,0.1112
"fev1fvc","F",150.6,NA,78,2.0634,79.6661,0.1123
"fev1fvc","F",150.6,NA,79,2.0533,79.6943,0.1134
"fev1fvc","F",150.6,NA,80,2.0433,79.7252,0.1146
"fev1fvc","F",150.6,NA,81,2.0332,79.7584,0.1157
"fev1fvc","F",150.6,NA,82,2.0232,79.7939,0.1169
"fev1fvc","F",150.6,NA,83,2.0132,79.8312,0.1181
"fev1fvc","F",150.6,NA,84,2.0031,79.8703,0.1193
"fev1fvc","F",150.6,NA,85,1.9931,79.9107,0.1205
"fev1fvc","F",150.6,NA,86,1.9831,79.9521,0.1217
"fev1fvc","F",150.6,NA,87,1.973,79.9941,0.1229
"fev1fvc","F",150.6,NA,88,1.963,80.0364,0.1241
"fev1fvc","F",150.6,NA,89,1.953,80.0788,0.1254
"fev1fvc","F",150.6,NA,90,1.9429,80.1213,0.1267
